"Response","Prediction_Prob","Fold"
"Not_CT_Zone",0.01,1
"Not_CT_Zone",0,1
"Not_CT_Zone",0.09,1
"Not_CT_Zone",0.035,1
"Not_CT_Zone",0.01,1
"Not_CT_Zone",0.26,1
"Not_CT_Zone",0.025,1
"CT_Zone",0.51,1
"CT_Zone",0.39,1
"CT_Zone",0.29,1
"CT_Zone",0.51,1
"Not_CT_Zone",0.085,1
"Not_CT_Zone",0.165,1
"Not_CT_Zone",0.045,1
"Not_CT_Zone",0.265,1
"Not_CT_Zone",0.33,1
"Not_CT_Zone",0.665,1
"Not_CT_Zone",0.105,1
"CT_Zone",0.525,1
"Not_CT_Zone",0.235,1
"Not_CT_Zone",0.615,1
"Not_CT_Zone",0.28,1
"Not_CT_Zone",0.215,1
"CT_Zone",0.53,1
"Not_CT_Zone",0.005,1
"CT_Zone",0.57,1
"CT_Zone",0.65,1
"Not_CT_Zone",0.38,1
"Not_CT_Zone",0.03,1
"CT_Zone",0.635,1
"Not_CT_Zone",0.05,1
"CT_Zone",0.35,1
"CT_Zone",0.755,1
"CT_Zone",0.21,1
"Not_CT_Zone",0.03,1
"Not_CT_Zone",0.33,1
"CT_Zone",0.165,1
"CT_Zone",0.775,1
"Not_CT_Zone",0.455,1
"Not_CT_Zone",0.28,1
"CT_Zone",0.495,1
"Not_CT_Zone",0.225,1
"CT_Zone",0.53,1
"Not_CT_Zone",0.005,1
"CT_Zone",0.5,1
"Not_CT_Zone",0.03,1
"CT_Zone",0.145,1
"CT_Zone",0.635,1
"CT_Zone",0.695,1
"CT_Zone",0.46,1
"CT_Zone",0.12,1
"Not_CT_Zone",0.215,1
"Not_CT_Zone",0.055,1
"Not_CT_Zone",0.01,1
"Not_CT_Zone",0.81,1
"Not_CT_Zone",0.36,1
"Not_CT_Zone",0.015,1
"CT_Zone",0.655,1
"Not_CT_Zone",0.005,1
"Not_CT_Zone",0.505,1
"CT_Zone",0.75,1
"Not_CT_Zone",0.055,1
"Not_CT_Zone",0.04,1
"Not_CT_Zone",0.09,1
"CT_Zone",0.555,1
"CT_Zone",0.575,1
"Not_CT_Zone",0.02,1
"Not_CT_Zone",0.52,1
"Not_CT_Zone",0.085,1
"Not_CT_Zone",0.08,1
"Not_CT_Zone",0.25,1
"Not_CT_Zone",0.025,1
"Not_CT_Zone",0.1,1
"Not_CT_Zone",0.1,1
"CT_Zone",0.2,1
"Not_CT_Zone",0.035,1
"CT_Zone",0.305,1
"Not_CT_Zone",0.055,1
"Not_CT_Zone",0.035,1
"Not_CT_Zone",0.445,1
"CT_Zone",0.51,1
"Not_CT_Zone",0.04,1
"Not_CT_Zone",0.04,1
"Not_CT_Zone",0.045,1
"Not_CT_Zone",0.04,1
"Not_CT_Zone",0.395,1
"CT_Zone",0.295,1
"Not_CT_Zone",0.1,1
"Not_CT_Zone",0.04,1
"CT_Zone",0.38,1
"Not_CT_Zone",0.035,1
"Not_CT_Zone",0.025,1
"CT_Zone",0.525,1
"CT_Zone",0.5,1
"Not_CT_Zone",0.065,1
"Not_CT_Zone",0.45,1
"Not_CT_Zone",0.075,1
"Not_CT_Zone",0.11,1
"Not_CT_Zone",0.41,1
"Not_CT_Zone",0.15,1
"CT_Zone",0.665,1
"CT_Zone",0.465,1
"Not_CT_Zone",0.45,1
"CT_Zone",0.39,1
"CT_Zone",0.11,1
"Not_CT_Zone",0.155,1
"Not_CT_Zone",0.035,1
"Not_CT_Zone",0.03,1
"Not_CT_Zone",0.02,1
"Not_CT_Zone",0.08,1
"Not_CT_Zone",0.075,1
"Not_CT_Zone",0.03,1
"Not_CT_Zone",0.615,1
"CT_Zone",0.33,1
"CT_Zone",0.485,1
"Not_CT_Zone",0.54,1
"CT_Zone",0.555,1
"CT_Zone",0.25,1
"Not_CT_Zone",0.025,1
"Not_CT_Zone",0.435,1
"CT_Zone",0.355,1
"Not_CT_Zone",0.43,1
"Not_CT_Zone",0.175,1
"Not_CT_Zone",0.05,1
"CT_Zone",0.07,1
"CT_Zone",0.335,1
"Not_CT_Zone",0.07,1
"Not_CT_Zone",0.145,1
"Not_CT_Zone",0.55,1
"Not_CT_Zone",0.165,1
"Not_CT_Zone",0.035,1
"Not_CT_Zone",0.38,1
"Not_CT_Zone",0.09,1
"Not_CT_Zone",0.01,1
"Not_CT_Zone",0.315,1
"Not_CT_Zone",0.035,1
"CT_Zone",0.645,1
"CT_Zone",0.57,1
"CT_Zone",0.59,1
"CT_Zone",0.475,1
"Not_CT_Zone",0.025,1
"CT_Zone",0.215,1
"Not_CT_Zone",0.215,1
"CT_Zone",0.365,1
"Not_CT_Zone",0.055,1
"Not_CT_Zone",0.66,1
"Not_CT_Zone",0.05,1
"Not_CT_Zone",0.215,1
"CT_Zone",0.025,1
"CT_Zone",0.525,1
"Not_CT_Zone",0.04,1
"CT_Zone",0.45,1
"Not_CT_Zone",0.17,1
"Not_CT_Zone",0.05,1
"Not_CT_Zone",0.08,1
"Not_CT_Zone",0.055,1
"CT_Zone",0.015,1
"Not_CT_Zone",0.645,1
"Not_CT_Zone",0.37,1
"Not_CT_Zone",0.03,1
"Not_CT_Zone",0.04,1
"CT_Zone",0.5,1
"CT_Zone",0.205,1
"Not_CT_Zone",0.045,1
"Not_CT_Zone",0.2,1
"CT_Zone",0.47,1
"Not_CT_Zone",0.02,1
"CT_Zone",0.275,1
"Not_CT_Zone",0.085,1
"CT_Zone",0.435,1
"Not_CT_Zone",0,1
"CT_Zone",0.33,1
"CT_Zone",0.58,1
"Not_CT_Zone",0.04,1
"Not_CT_Zone",0.405,1
"CT_Zone",0.565,1
"Not_CT_Zone",0.04,1
"CT_Zone",0.415,1
"CT_Zone",0.54,1
"Not_CT_Zone",0.515,1
"Not_CT_Zone",0.05,1
"Not_CT_Zone",0.08,1
"CT_Zone",0.525,1
"CT_Zone",0.33,1
"Not_CT_Zone",0.24,1
"Not_CT_Zone",0.055,1
"Not_CT_Zone",0.045,1
"Not_CT_Zone",0.165,1
"Not_CT_Zone",0.12,1
"CT_Zone",0.32,1
"Not_CT_Zone",0.045,1
"Not_CT_Zone",0.115,1
"Not_CT_Zone",0.02,1
"CT_Zone",0.25,1
"CT_Zone",0.215,1
"Not_CT_Zone",0.36,1
"CT_Zone",0.38,1
"CT_Zone",0.255,1
"Not_CT_Zone",0.055,1
"CT_Zone",0.485,1
"Not_CT_Zone",0.04,1
"Not_CT_Zone",0.045,1
"Not_CT_Zone",0.07,1
"Not_CT_Zone",0.135,1
"Not_CT_Zone",0.035,1
"Not_CT_Zone",0.385,1
"Not_CT_Zone",0.06,1
"Not_CT_Zone",0.565,1
"CT_Zone",0.38,1
"CT_Zone",0.63,1
"Not_CT_Zone",0.22,1
"CT_Zone",0.355,1
"Not_CT_Zone",0.035,1
"CT_Zone",0.235,1
"CT_Zone",0.595,1
"Not_CT_Zone",0.255,1
"Not_CT_Zone",0.45,1
"Not_CT_Zone",0.08,1
"Not_CT_Zone",0.035,1
"CT_Zone",0.63,1
"Not_CT_Zone",0.47,1
"CT_Zone",0.8,1
"CT_Zone",0.61,1
"Not_CT_Zone",0.02,1
"Not_CT_Zone",0.79,1
"CT_Zone",0.655,1
"Not_CT_Zone",0.595,1
"CT_Zone",0.11,1
"CT_Zone",0.335,1
"CT_Zone",0.2,1
"Not_CT_Zone",0.045,1
"Not_CT_Zone",0.03,1
"Not_CT_Zone",0.12,1
"CT_Zone",0.24,1
"Not_CT_Zone",0.52,1
"Not_CT_Zone",0.195,1
"CT_Zone",0.48,1
"CT_Zone",0.3,1
"CT_Zone",0.505,1
"Not_CT_Zone",0.45,1
"Not_CT_Zone",0.155,1
"CT_Zone",0.555,1
"Not_CT_Zone",0.035,1
"Not_CT_Zone",0.01,1
"Not_CT_Zone",0.36,1
"CT_Zone",0.655,1
"CT_Zone",0.55,1
"Not_CT_Zone",0.15,1
"CT_Zone",0.325,1
"Not_CT_Zone",0.045,1
"CT_Zone",0.46,1
"Not_CT_Zone",0.05,1
"Not_CT_Zone",0.69,1
"Not_CT_Zone",0.025,1
"Not_CT_Zone",0.08,1
"Not_CT_Zone",0.36,1
"Not_CT_Zone",0.585,1
"Not_CT_Zone",0.26,1
"Not_CT_Zone",0.01,1
"CT_Zone",0.145,1
"Not_CT_Zone",0.07,1
"Not_CT_Zone",0.3,1
"Not_CT_Zone",0.06,1
"CT_Zone",0.535,1
"CT_Zone",0.745,1
"Not_CT_Zone",0.225,1
"Not_CT_Zone",0.045,1
"Not_CT_Zone",0.165,1
"Not_CT_Zone",0.655,1
"CT_Zone",0.43,1
"Not_CT_Zone",0.515,1
"Not_CT_Zone",0.115,1
"Not_CT_Zone",0.57,1
"Not_CT_Zone",0.055,1
"Not_CT_Zone",0.015,1
"Not_CT_Zone",0,1
"Not_CT_Zone",0.385,1
"Not_CT_Zone",0.005,1
"CT_Zone",0.63,1
"CT_Zone",0.165,1
"Not_CT_Zone",0.155,1
"Not_CT_Zone",0.17,1
"Not_CT_Zone",0.13,1
"Not_CT_Zone",0.06,1
"Not_CT_Zone",0.15,1
"Not_CT_Zone",0.035,1
"Not_CT_Zone",0.29,1
"Not_CT_Zone",0.005,1
"CT_Zone",0.105,1
"Not_CT_Zone",0.595,1
"CT_Zone",0.51,1
"Not_CT_Zone",0.495,1
"Not_CT_Zone",0.045,1
"Not_CT_Zone",0.105,1
"CT_Zone",0.515,1
"CT_Zone",0.33,1
"Not_CT_Zone",0.065,1
"Not_CT_Zone",0.025,1
"CT_Zone",0.255,1
"Not_CT_Zone",0.23,1
"CT_Zone",0.535,1
"Not_CT_Zone",0.345,1
"CT_Zone",0.29,1
"Not_CT_Zone",0.655,1
"Not_CT_Zone",0.075,1
"Not_CT_Zone",0.445,1
"CT_Zone",0.27,1
"CT_Zone",0.615,1
"CT_Zone",0.41,1
"CT_Zone",0.555,1
"CT_Zone",0.575,1
"Not_CT_Zone",0,1
"Not_CT_Zone",0.085,1
"CT_Zone",0.435,1
"Not_CT_Zone",0.17,1
"CT_Zone",0.57,1
"CT_Zone",0.685,1
"Not_CT_Zone",0.47,1
"CT_Zone",0.46,1
"CT_Zone",0.54,1
"Not_CT_Zone",0.075,1
"CT_Zone",0.76,1
"Not_CT_Zone",0.265,1
"Not_CT_Zone",0.07,1
"CT_Zone",0.115,1
"Not_CT_Zone",0.15,1
"Not_CT_Zone",0.045,1
"Not_CT_Zone",0.1,1
"Not_CT_Zone",0.325,1
"CT_Zone",0.385,1
"Not_CT_Zone",0.25,1
"Not_CT_Zone",0.02,1
"Not_CT_Zone",0.55,1
"Not_CT_Zone",0.4,1
"CT_Zone",0.55,1
"Not_CT_Zone",0.07,1
"Not_CT_Zone",0.055,1
"CT_Zone",0.48,1
"CT_Zone",0.8,1
"CT_Zone",0.15,1
"Not_CT_Zone",0.38,1
"Not_CT_Zone",0.61,1
"Not_CT_Zone",0.17,1
"CT_Zone",0.585,1
"CT_Zone",0.565,1
"CT_Zone",0.235,1
"Not_CT_Zone",0.09,1
"Not_CT_Zone",0.09,1
"Not_CT_Zone",0.06,1
"CT_Zone",0.41,1
"Not_CT_Zone",0.04,1
"Not_CT_Zone",0.06,1
"CT_Zone",0.72,1
"Not_CT_Zone",0.01,1
"Not_CT_Zone",0.025,1
"Not_CT_Zone",0.05,1
"Not_CT_Zone",0,1
"Not_CT_Zone",0.06,1
"Not_CT_Zone",0.485,1
"Not_CT_Zone",0.015,1
"Not_CT_Zone",0.4,1
"CT_Zone",0.455,1
"Not_CT_Zone",0.38,1
"Not_CT_Zone",0.245,1
"CT_Zone",0.56,1
"Not_CT_Zone",0.06,1
"CT_Zone",0.59,1
"Not_CT_Zone",0.055,1
"CT_Zone",0.81,1
"Not_CT_Zone",0.135,1
"Not_CT_Zone",0.07,1
"Not_CT_Zone",0.085,1
"Not_CT_Zone",0.435,1
"Not_CT_Zone",0.71,1
"Not_CT_Zone",0.425,1
"Not_CT_Zone",0.17,1
"Not_CT_Zone",0.14,1
"Not_CT_Zone",0.03,1
"Not_CT_Zone",0.245,1
"Not_CT_Zone",0.52,1
"Not_CT_Zone",0.43,1
"Not_CT_Zone",0.46,1
"CT_Zone",0.57,1
"CT_Zone",0.12,1
"Not_CT_Zone",0.045,1
"Not_CT_Zone",0.16,1
"CT_Zone",0.295,1
"CT_Zone",0.445,1
"CT_Zone",0.475,1
"Not_CT_Zone",0.11,1
"Not_CT_Zone",0.535,1
"Not_CT_Zone",0.035,1
"Not_CT_Zone",0.09,1
"CT_Zone",0.345,1
"Not_CT_Zone",0.125,1
"Not_CT_Zone",0.645,1
"Not_CT_Zone",0.54,1
"Not_CT_Zone",0.395,1
"CT_Zone",0.375,1
"Not_CT_Zone",0.135,1
"Not_CT_Zone",0.095,1
"Not_CT_Zone",0.105,1
"CT_Zone",0.68,1
"Not_CT_Zone",0.035,1
"Not_CT_Zone",0.055,1
"Not_CT_Zone",0.45,1
"Not_CT_Zone",0.21,1
"Not_CT_Zone",0.455,1
"Not_CT_Zone",0.02,1
"Not_CT_Zone",0.035,1
"Not_CT_Zone",0.51,1
"Not_CT_Zone",0.065,1
"CT_Zone",0.23,1
"Not_CT_Zone",0.045,1
"CT_Zone",0.075,1
"Not_CT_Zone",0.03,1
"CT_Zone",0.295,1
"Not_CT_Zone",0.035,1
"Not_CT_Zone",0.035,1
"Not_CT_Zone",0.67,1
"Not_CT_Zone",0.465,1
"Not_CT_Zone",0.5,1
"Not_CT_Zone",0.125,1
"Not_CT_Zone",0.11,1
"CT_Zone",0.675,1
"CT_Zone",0.54,1
"Not_CT_Zone",0.03,1
"CT_Zone",0.595,1
"Not_CT_Zone",0.66,1
"CT_Zone",0.505,1
"Not_CT_Zone",0.45,1
"Not_CT_Zone",0.125,1
"CT_Zone",0.585,1
"CT_Zone",0.405,1
"Not_CT_Zone",0.545,1
"Not_CT_Zone",0.05,1
"Not_CT_Zone",0.445,1
"Not_CT_Zone",0.145,1
"Not_CT_Zone",0.225,1
"Not_CT_Zone",0.155,1
"CT_Zone",0.325,1
"CT_Zone",0.745,1
"CT_Zone",0.5,1
"CT_Zone",0.16,1
"Not_CT_Zone",0.44,1
"Not_CT_Zone",0.495,1
"Not_CT_Zone",0.345,1
"Not_CT_Zone",0.575,1
"Not_CT_Zone",0.615,1
"Not_CT_Zone",0.03,1
"Not_CT_Zone",0.04,1
"CT_Zone",0.56,1
"CT_Zone",0.745,1
"Not_CT_Zone",0.035,1
"Not_CT_Zone",0.285,1
"Not_CT_Zone",0.02,1
"Not_CT_Zone",0.04,1
"Not_CT_Zone",0.04,1
"Not_CT_Zone",0.185,1
"Not_CT_Zone",0.05,1
"CT_Zone",0.71,1
"CT_Zone",0.42,1
"CT_Zone",0.6,1
"CT_Zone",0.44,1
"CT_Zone",0.215,1
"Not_CT_Zone",0.01,1
"Not_CT_Zone",0.065,1
"Not_CT_Zone",0.02,1
"CT_Zone",0.595,1
"CT_Zone",0.275,1
"CT_Zone",0.355,1
"CT_Zone",0.675,1
"Not_CT_Zone",0.04,1
"Not_CT_Zone",0.11,1
"Not_CT_Zone",0.51,1
"Not_CT_Zone",0.025,1
"Not_CT_Zone",0.03,1
"CT_Zone",0.435,1
"Not_CT_Zone",0.12,1
"Not_CT_Zone",0.125,1
"CT_Zone",0.4,1
"Not_CT_Zone",0.575,1
"Not_CT_Zone",0.815,1
"CT_Zone",0.435,1
"Not_CT_Zone",0.055,1
"CT_Zone",0.59,1
"Not_CT_Zone",0.335,1
"Not_CT_Zone",0.035,1
"Not_CT_Zone",0.075,1
"CT_Zone",0.195,1
"Not_CT_Zone",0.025,1
"Not_CT_Zone",0.07,1
"CT_Zone",0.645,1
"Not_CT_Zone",0.045,1
"CT_Zone",0.74,1
"Not_CT_Zone",0.025,1
"Not_CT_Zone",0.045,1
"Not_CT_Zone",0.59,1
"Not_CT_Zone",0.12,1
"CT_Zone",0.57,1
"Not_CT_Zone",0.24,1
"Not_CT_Zone",0.005,1
"CT_Zone",0.21,1
"CT_Zone",0.605,1
"Not_CT_Zone",0.035,1
"Not_CT_Zone",0,1
"Not_CT_Zone",0.035,1
"Not_CT_Zone",0.605,1
"Not_CT_Zone",0,1
"CT_Zone",0.645,1
"Not_CT_Zone",0.065,1
"CT_Zone",0.515,1
"Not_CT_Zone",0.06,1
"CT_Zone",0.555,1
"Not_CT_Zone",0.055,1
"Not_CT_Zone",0.03,1
"Not_CT_Zone",0.315,1
"CT_Zone",0.71,1
"CT_Zone",0.475,1
"Not_CT_Zone",0.005,1
"CT_Zone",0.67,1
"Not_CT_Zone",0.45,1
"Not_CT_Zone",0.18,1
"Not_CT_Zone",0.03,1
"CT_Zone",0.19,1
"CT_Zone",0.655,1
"Not_CT_Zone",0.065,1
"Not_CT_Zone",0.675,1
"Not_CT_Zone",0.045,1
"Not_CT_Zone",0.045,1
"Not_CT_Zone",0.135,1
"Not_CT_Zone",0.035,1
"Not_CT_Zone",0.07,1
"Not_CT_Zone",0.09,1
"Not_CT_Zone",0.05,1
"CT_Zone",0.31,1
"CT_Zone",0.48,1
"CT_Zone",0.27,1
"CT_Zone",0.705,1
"Not_CT_Zone",0.08,1
"Not_CT_Zone",0.045,1
"Not_CT_Zone",0.19,1
"Not_CT_Zone",0.275,1
"Not_CT_Zone",0.345,1
"Not_CT_Zone",0.5,1
"CT_Zone",0.59,1
"Not_CT_Zone",0.475,1
"Not_CT_Zone",0.39,1
"Not_CT_Zone",0.13,1
"Not_CT_Zone",0.02,1
"Not_CT_Zone",0.005,1
"Not_CT_Zone",0.175,1
"Not_CT_Zone",0.015,1
"Not_CT_Zone",0.45,1
"Not_CT_Zone",0.065,1
"CT_Zone",0.21,1
"Not_CT_Zone",0,1
"Not_CT_Zone",0.345,1
"Not_CT_Zone",0.035,1
"CT_Zone",0.485,1
"CT_Zone",0.395,1
"CT_Zone",0.735,1
"CT_Zone",0.59,1
"Not_CT_Zone",0.09,1
"Not_CT_Zone",0.025,1
"Not_CT_Zone",0.7,1
"Not_CT_Zone",0.52,1
"Not_CT_Zone",0.065,1
"CT_Zone",0.46,1
"CT_Zone",0.39,1
"CT_Zone",0.415,1
"CT_Zone",0.55,1
"CT_Zone",0.565,1
"Not_CT_Zone",0.54,1
"Not_CT_Zone",0.01,1
"Not_CT_Zone",0.025,1
"CT_Zone",0.34,1
"Not_CT_Zone",0.4,1
"Not_CT_Zone",0.13,1
"Not_CT_Zone",0.05,1
"Not_CT_Zone",0.045,1
"Not_CT_Zone",0.39,1
"Not_CT_Zone",0.495,1
"Not_CT_Zone",0.04,1
"Not_CT_Zone",0.35,1
"Not_CT_Zone",0.145,1
"CT_Zone",0.505,1
"Not_CT_Zone",0.21,1
"Not_CT_Zone",0.265,1
"Not_CT_Zone",0.525,1
"CT_Zone",0.46,1
"Not_CT_Zone",0.045,1
"CT_Zone",0.685,1
"Not_CT_Zone",0.175,1
"CT_Zone",0.215,1
"CT_Zone",0.47,1
"Not_CT_Zone",0.08,1
"Not_CT_Zone",0.08,1
"CT_Zone",0.44,1
"CT_Zone",0.465,1
"Not_CT_Zone",0.475,1
"Not_CT_Zone",0.11,1
"Not_CT_Zone",0.08,1
"CT_Zone",0.46,1
"CT_Zone",0.655,1
"CT_Zone",0.615,1
"Not_CT_Zone",0.035,1
"Not_CT_Zone",0.01,1
"Not_CT_Zone",0.06,1
"Not_CT_Zone",0.47,1
"CT_Zone",0.595,1
"Not_CT_Zone",0.06,1
"Not_CT_Zone",0.59,1
"Not_CT_Zone",0.61,1
"Not_CT_Zone",0.32,1
"Not_CT_Zone",0.155,1
"Not_CT_Zone",0.05,1
"Not_CT_Zone",0.05,1
"CT_Zone",0.205,1
"CT_Zone",0.46,1
"Not_CT_Zone",0.055,1
"Not_CT_Zone",0.4,1
"Not_CT_Zone",0.17,1
"Not_CT_Zone",0.07,1
"Not_CT_Zone",0.155,1
"CT_Zone",0.69,1
"CT_Zone",0.07,1
"Not_CT_Zone",0.62,1
"CT_Zone",0.665,1
"Not_CT_Zone",0.045,1
"Not_CT_Zone",0.035,1
"Not_CT_Zone",0.185,1
"CT_Zone",0.28,1
"Not_CT_Zone",0.275,1
"CT_Zone",0.675,1
"CT_Zone",0.535,1
"Not_CT_Zone",0.07,1
"Not_CT_Zone",0.295,1
"CT_Zone",0.4,1
"Not_CT_Zone",0.515,1
"Not_CT_Zone",0.11,1
"Not_CT_Zone",0.34,1
"Not_CT_Zone",0.045,1
"CT_Zone",0.38,1
"Not_CT_Zone",0.025,1
"Not_CT_Zone",0.43,1
"Not_CT_Zone",0.045,1
"CT_Zone",0.63,1
"CT_Zone",0.475,1
"Not_CT_Zone",0.495,1
"Not_CT_Zone",0.05,1
"Not_CT_Zone",0.495,1
"CT_Zone",0.51,1
"Not_CT_Zone",0.065,1
"Not_CT_Zone",0.095,1
"Not_CT_Zone",0.095,1
"CT_Zone",0.405,1
"Not_CT_Zone",0.025,1
"CT_Zone",0.455,1
"Not_CT_Zone",0.445,1
"CT_Zone",0.635,1
"Not_CT_Zone",0.035,1
"CT_Zone",0.465,1
"Not_CT_Zone",0.025,1
"Not_CT_Zone",0.115,1
"Not_CT_Zone",0.04,1
"Not_CT_Zone",0.16,1
"Not_CT_Zone",0.78,1
"CT_Zone",0.61,1
"Not_CT_Zone",0.105,1
"Not_CT_Zone",0.285,1
"CT_Zone",0.285,1
"Not_CT_Zone",0.22,1
"Not_CT_Zone",0.015,1
"Not_CT_Zone",0.03,1
"CT_Zone",0.445,1
"CT_Zone",0.485,1
"Not_CT_Zone",0.08,1
"Not_CT_Zone",0.37,1
"CT_Zone",0.425,1
"CT_Zone",0.675,1
"CT_Zone",0.35,1
"Not_CT_Zone",0.045,1
"Not_CT_Zone",0.355,1
"CT_Zone",0.3,1
"CT_Zone",0.455,1
"Not_CT_Zone",0.575,1
"Not_CT_Zone",0.05,1
"CT_Zone",0.535,1
"CT_Zone",0.43,1
"CT_Zone",0.695,1
"CT_Zone",0.405,1
"CT_Zone",0.425,1
"Not_CT_Zone",0.14,1
"Not_CT_Zone",0.04,1
"CT_Zone",0.685,1
"Not_CT_Zone",0.03,1
"Not_CT_Zone",0.015,1
"Not_CT_Zone",0.05,1
"CT_Zone",0.55,1
"Not_CT_Zone",0.335,1
"Not_CT_Zone",0.45,1
"Not_CT_Zone",0.03,1
"Not_CT_Zone",0.02,1
"Not_CT_Zone",0.04,1
"Not_CT_Zone",0.235,1
"Not_CT_Zone",0.11,1
"Not_CT_Zone",0.47,1
"Not_CT_Zone",0.275,1
"Not_CT_Zone",0.015,1
"Not_CT_Zone",0.14,1
"Not_CT_Zone",0.21,1
"CT_Zone",0.785,1
"Not_CT_Zone",0.365,1
"Not_CT_Zone",0.015,1
"CT_Zone",0.63,1
"CT_Zone",0.345,1
"CT_Zone",0.495,1
"Not_CT_Zone",0.27,1
"Not_CT_Zone",0.065,1
"Not_CT_Zone",0.04,1
"Not_CT_Zone",0.11,1
"Not_CT_Zone",0.045,1
"Not_CT_Zone",0.03,1
"Not_CT_Zone",0.015,1
"CT_Zone",0.465,1
"Not_CT_Zone",0.1,1
"Not_CT_Zone",0.05,1
"Not_CT_Zone",0.085,1
"CT_Zone",0.5,1
"CT_Zone",0.69,1
"CT_Zone",0.485,1
"Not_CT_Zone",0.165,1
"Not_CT_Zone",0.025,1
"Not_CT_Zone",0.315,1
"Not_CT_Zone",0.015,1
"Not_CT_Zone",0.395,1
"Not_CT_Zone",0.49,1
"Not_CT_Zone",0.66,1
"CT_Zone",0.12,1
"Not_CT_Zone",0.315,1
"CT_Zone",0.185,1
"CT_Zone",0.17,1
"CT_Zone",0.18,1
"Not_CT_Zone",0.43,1
"CT_Zone",0.625,1
"CT_Zone",0.505,1
"CT_Zone",0.68,1
"Not_CT_Zone",0.77,1
"CT_Zone",0.62,1
"Not_CT_Zone",0.055,1
"CT_Zone",0.39,1
"Not_CT_Zone",0.04,1
"Not_CT_Zone",0.41,1
"CT_Zone",0.335,1
"CT_Zone",0.595,1
"Not_CT_Zone",0.185,1
"Not_CT_Zone",0.025,1
"CT_Zone",0.225,1
"Not_CT_Zone",0.05,1
"CT_Zone",0.695,1
"Not_CT_Zone",0.04,1
"Not_CT_Zone",0,1
"Not_CT_Zone",0.07,1
"Not_CT_Zone",0.47,1
"Not_CT_Zone",0.275,1
"CT_Zone",0.345,1
"Not_CT_Zone",0.03,1
"CT_Zone",0.405,1
"Not_CT_Zone",0.02,1
"Not_CT_Zone",0.08,1
"Not_CT_Zone",0.34,1
"Not_CT_Zone",0.165,1
"Not_CT_Zone",0.165,1
"CT_Zone",0.8,1
"CT_Zone",0.66,1
"CT_Zone",0.485,1
"CT_Zone",0.16,1
"CT_Zone",0.44,1
"Not_CT_Zone",0.6,1
"Not_CT_Zone",0.22,1
"CT_Zone",0.62,1
"Not_CT_Zone",0.47,1
"CT_Zone",0.44,1
"Not_CT_Zone",0.015,1
"Not_CT_Zone",0.03,1
"Not_CT_Zone",0.18,1
"Not_CT_Zone",0.695,1
"CT_Zone",0.475,1
"CT_Zone",0.455,1
"CT_Zone",0.55,1
"CT_Zone",0.715,1
"CT_Zone",0.465,1
"CT_Zone",0.34,1
"CT_Zone",0.235,1
"Not_CT_Zone",0.38,1
"CT_Zone",0.15,1
"Not_CT_Zone",0.075,1
"CT_Zone",0.485,1
"CT_Zone",0.61,1
"Not_CT_Zone",0.04,1
"Not_CT_Zone",0.04,1
"CT_Zone",0.23,1
"Not_CT_Zone",0.025,1
"Not_CT_Zone",0.03,1
"Not_CT_Zone",0.115,1
"Not_CT_Zone",0.02,1
"Not_CT_Zone",0.01,1
"Not_CT_Zone",0.04,1
"Not_CT_Zone",0.08,1
"Not_CT_Zone",0.03,1
"CT_Zone",0.1,1
"CT_Zone",0.4,1
"Not_CT_Zone",0.005,1
"Not_CT_Zone",0.405,1
"Not_CT_Zone",0.04,1
"Not_CT_Zone",0.44,1
"CT_Zone",0.265,1
"CT_Zone",0.59,1
"Not_CT_Zone",0.05,1
"Not_CT_Zone",0.02,1
"CT_Zone",0.595,1
"Not_CT_Zone",0.655,1
"Not_CT_Zone",0.615,1
"CT_Zone",0.73,1
"Not_CT_Zone",0.425,1
"Not_CT_Zone",0.035,1
"CT_Zone",0.53,1
"Not_CT_Zone",0.05,1
"Not_CT_Zone",0.09,1
"Not_CT_Zone",0.02,1
"Not_CT_Zone",0.025,1
"Not_CT_Zone",0.025,1
"Not_CT_Zone",0.13,1
"CT_Zone",0.215,1
"Not_CT_Zone",0.05,1
"CT_Zone",0.57,1
"CT_Zone",0.335,1
"Not_CT_Zone",0.545,1
"Not_CT_Zone",0.34,1
"Not_CT_Zone",0.02,1
"Not_CT_Zone",0.5,1
"CT_Zone",0.55,1
"Not_CT_Zone",0.05,1
"Not_CT_Zone",0.275,1
"Not_CT_Zone",0.02,1
"CT_Zone",0.375,1
"Not_CT_Zone",0.015,1
"Not_CT_Zone",0.06,1
"Not_CT_Zone",0.26,1
"Not_CT_Zone",0.03,1
"Not_CT_Zone",0.31,1
"Not_CT_Zone",0.615,1
"Not_CT_Zone",0.015,1
"Not_CT_Zone",0.61,1
"Not_CT_Zone",0.15,1
"CT_Zone",0.595,1
"CT_Zone",0.48,1
"CT_Zone",0.245,1
"Not_CT_Zone",0,1
"Not_CT_Zone",0.32,1
"Not_CT_Zone",0.035,1
"CT_Zone",0.255,1
"Not_CT_Zone",0.595,1
"Not_CT_Zone",0.535,1
"CT_Zone",0.47,1
"Not_CT_Zone",0.4,1
"CT_Zone",0.32,1
"Not_CT_Zone",0.495,1
"Not_CT_Zone",0.49,1
"CT_Zone",0.685,1
"Not_CT_Zone",0.05,1
"Not_CT_Zone",0.49,1
"Not_CT_Zone",0.21,1
"Not_CT_Zone",0.345,1
"Not_CT_Zone",0.44,1
"CT_Zone",0.5,1
"Not_CT_Zone",0.46,1
"Not_CT_Zone",0.525,1
"CT_Zone",0.175,1
"Not_CT_Zone",0.085,1
"CT_Zone",0.58,1
"Not_CT_Zone",0.08,1
"Not_CT_Zone",0.44,1
"CT_Zone",0.76,1
"CT_Zone",0.635,1
"Not_CT_Zone",0.175,1
"Not_CT_Zone",0.27,1
"Not_CT_Zone",0.41,1
"Not_CT_Zone",0.14,1
"Not_CT_Zone",0.09,1
"Not_CT_Zone",0.035,1
"Not_CT_Zone",0.02,1
"CT_Zone",0.235,1
"CT_Zone",0.695,1
"Not_CT_Zone",0.375,1
"Not_CT_Zone",0.245,1
"Not_CT_Zone",0.05,1
"Not_CT_Zone",0.185,1
"CT_Zone",0.845,1
"Not_CT_Zone",0.015,1
"CT_Zone",0.28,1
"Not_CT_Zone",0.06,1
"Not_CT_Zone",0.27,1
"Not_CT_Zone",0.07,1
"Not_CT_Zone",0.105,1
"CT_Zone",0.54,1
"Not_CT_Zone",0.02,1
"CT_Zone",0.495,1
"CT_Zone",0.495,1
"CT_Zone",0.31,1
"Not_CT_Zone",0.275,1
"CT_Zone",0.435,1
"CT_Zone",0.54,1
"Not_CT_Zone",0.435,1
"Not_CT_Zone",0.04,1
"Not_CT_Zone",0.6,1
"CT_Zone",0.53,1
"Not_CT_Zone",0.03,1
"Not_CT_Zone",0.525,1
"Not_CT_Zone",0.045,1
"CT_Zone",0.34,1
"CT_Zone",0.645,1
"Not_CT_Zone",0.05,1
"CT_Zone",0.335,1
"Not_CT_Zone",0.125,1
"Not_CT_Zone",0.27,1
"Not_CT_Zone",0.085,1
"Not_CT_Zone",0.18,1
"CT_Zone",0.69,1
"CT_Zone",0.61,1
"Not_CT_Zone",0.04,1
"CT_Zone",0.26,1
"CT_Zone",0.64,1
"Not_CT_Zone",0.42,1
"Not_CT_Zone",0.06,1
"Not_CT_Zone",0.045,1
"Not_CT_Zone",0.31,1
"CT_Zone",0.51,1
"CT_Zone",0.145,1
"CT_Zone",0.565,1
"CT_Zone",0.165,1
"Not_CT_Zone",0.025,1
"Not_CT_Zone",0.33,1
"Not_CT_Zone",0.03,1
"Not_CT_Zone",0.235,1
"CT_Zone",0.54,1
"CT_Zone",0.385,1
"CT_Zone",0.665,1
"CT_Zone",0.4,1
"Not_CT_Zone",0.035,1
"Not_CT_Zone",0.245,1
"CT_Zone",0.385,1
"Not_CT_Zone",0.095,1
"Not_CT_Zone",0.04,1
"CT_Zone",0.35,1
"CT_Zone",0.62,1
"Not_CT_Zone",0.255,1
"CT_Zone",0.48,1
"Not_CT_Zone",0.245,1
"Not_CT_Zone",0.065,1
"CT_Zone",0.66,1
"Not_CT_Zone",0.07,1
"Not_CT_Zone",0.155,1
"Not_CT_Zone",0.05,1
"Not_CT_Zone",0.12,1
"CT_Zone",0.57,1
"Not_CT_Zone",0.245,1
"Not_CT_Zone",0.02,1
"Not_CT_Zone",0.175,1
"CT_Zone",0.545,1
"Not_CT_Zone",0.445,1
"Not_CT_Zone",0.045,1
"Not_CT_Zone",0.545,1
"CT_Zone",0.275,1
"CT_Zone",0.185,1
"Not_CT_Zone",0.045,1
"CT_Zone",0.725,1
"CT_Zone",0.39,1
"CT_Zone",0.12,1
"CT_Zone",0.78,1
"Not_CT_Zone",0.04,1
"Not_CT_Zone",0.035,1
"Not_CT_Zone",0.14,1
"Not_CT_Zone",0.015,1
"Not_CT_Zone",0.025,1
"CT_Zone",0.495,1
"Not_CT_Zone",0.04,1
"Not_CT_Zone",0.045,1
"Not_CT_Zone",0.395,1
"CT_Zone",0.4,1
"Not_CT_Zone",0.035,1
"CT_Zone",0.47,1
"Not_CT_Zone",0.295,1
"CT_Zone",0.205,1
"Not_CT_Zone",0.375,1
"Not_CT_Zone",0.03,1
"CT_Zone",0.355,1
"Not_CT_Zone",0.015,1
"Not_CT_Zone",0.48,1
"Not_CT_Zone",0.09,1
"Not_CT_Zone",0.375,1
"Not_CT_Zone",0.075,1
"Not_CT_Zone",0.215,1
"Not_CT_Zone",0.035,1
"CT_Zone",0.59,1
"CT_Zone",0.56,1
"CT_Zone",0.505,1
"Not_CT_Zone",0.145,1
"Not_CT_Zone",0.125,1
"CT_Zone",0.585,1
"Not_CT_Zone",0.475,1
"CT_Zone",0.65,1
"Not_CT_Zone",0.51,1
"CT_Zone",0.625,1
"Not_CT_Zone",0.415,1
"Not_CT_Zone",0.05,1
"CT_Zone",0.33,1
"Not_CT_Zone",0.02,1
"Not_CT_Zone",0.16,1
"CT_Zone",0.625,1
"Not_CT_Zone",0.02,1
"Not_CT_Zone",0.585,1
"CT_Zone",0.635,1
"Not_CT_Zone",0.545,1
"Not_CT_Zone",0.39,1
"Not_CT_Zone",0.26,1
"Not_CT_Zone",0.555,1
"CT_Zone",0.48,1
"Not_CT_Zone",0.15,1
"Not_CT_Zone",0.295,1
"Not_CT_Zone",0.055,1
"CT_Zone",0.505,1
"CT_Zone",0.19,1
"Not_CT_Zone",0.045,1
"Not_CT_Zone",0,1
"Not_CT_Zone",0.555,1
"Not_CT_Zone",0.135,1
"Not_CT_Zone",0.22,1
"Not_CT_Zone",0.005,1
"Not_CT_Zone",0.15,1
"CT_Zone",0.59,1
"Not_CT_Zone",0.33,1
"Not_CT_Zone",0.07,1
"Not_CT_Zone",0.035,1
"CT_Zone",0.55,1
"Not_CT_Zone",0.57,1
"CT_Zone",0.365,1
"Not_CT_Zone",0.52,1
"Not_CT_Zone",0.52,1
"Not_CT_Zone",0.03,1
"Not_CT_Zone",0.005,1
"Not_CT_Zone",0.72,1
"CT_Zone",0.665,1
"Not_CT_Zone",0.095,1
"CT_Zone",0.535,1
"CT_Zone",0.65,1
"Not_CT_Zone",0.06,1
"Not_CT_Zone",0.275,1
"Not_CT_Zone",0.3,1
"Not_CT_Zone",0.045,1
"Not_CT_Zone",0.245,1
"Not_CT_Zone",0.06,1
"Not_CT_Zone",0.03,1
"Not_CT_Zone",0.15,1
"Not_CT_Zone",0.025,1
"Not_CT_Zone",0.57,1
"Not_CT_Zone",0.125,1
"Not_CT_Zone",0.305,1
"Not_CT_Zone",0.07,1
"Not_CT_Zone",0.04,1
"CT_Zone",0.465,1
"Not_CT_Zone",0.025,1
"Not_CT_Zone",0.35,1
"CT_Zone",0.565,1
"CT_Zone",0.17,1
"Not_CT_Zone",0.015,1
"CT_Zone",0.06,1
"Not_CT_Zone",0.245,1
"Not_CT_Zone",0.485,1
"Not_CT_Zone",0.05,1
"Not_CT_Zone",0.68,1
"Not_CT_Zone",0.35,1
"Not_CT_Zone",0.435,1
"CT_Zone",0.34,1
"Not_CT_Zone",0.045,1
"CT_Zone",0.57,1
"Not_CT_Zone",0.415,1
"Not_CT_Zone",0.45,1
"Not_CT_Zone",0.345,1
"Not_CT_Zone",0.175,1
"Not_CT_Zone",0.395,1
"CT_Zone",0.795,1
"CT_Zone",0.55,1
"Not_CT_Zone",0.315,1
"CT_Zone",0.565,1
"Not_CT_Zone",0.07,1
"Not_CT_Zone",0.04,1
"CT_Zone",0.475,1
"Not_CT_Zone",0.415,1
"Not_CT_Zone",0.025,1
"CT_Zone",0.65,1
"CT_Zone",0.6,1
"Not_CT_Zone",0.12,1
"Not_CT_Zone",0.295,1
"Not_CT_Zone",0.045,1
"Not_CT_Zone",0.34,1
"Not_CT_Zone",0.005,1
"CT_Zone",0.555,1
"CT_Zone",0.38,1
"Not_CT_Zone",0.44,1
"Not_CT_Zone",0.03,1
"Not_CT_Zone",0.655,1
"CT_Zone",0.39,1
"Not_CT_Zone",0.035,1
"Not_CT_Zone",0.025,1
"CT_Zone",0.44,1
"Not_CT_Zone",0.05,1
"CT_Zone",0.585,1
"Not_CT_Zone",0.325,1
"CT_Zone",0.29,1
"CT_Zone",0.315,1
"Not_CT_Zone",0.515,1
"Not_CT_Zone",0.51,1
"Not_CT_Zone",0.035,1
"CT_Zone",0.58,1
"CT_Zone",0.605,1
"Not_CT_Zone",0.235,1
"CT_Zone",0.19,1
"Not_CT_Zone",0.435,1
"Not_CT_Zone",0.595,1
"Not_CT_Zone",0.465,1
"Not_CT_Zone",0.09,1
"CT_Zone",0.53,1
"Not_CT_Zone",0.015,1
"Not_CT_Zone",0.045,1
"CT_Zone",0.6,1
"CT_Zone",0.505,1
"Not_CT_Zone",0.07,1
"Not_CT_Zone",0.235,1
"Not_CT_Zone",0.525,1
"Not_CT_Zone",0.065,1
"CT_Zone",0.52,1
"CT_Zone",0.62,1
"Not_CT_Zone",0.145,1
"Not_CT_Zone",0.59,1
"CT_Zone",0.63,1
"CT_Zone",0.145,1
"Not_CT_Zone",0,1
"Not_CT_Zone",0.215,1
"Not_CT_Zone",0.095,1
"CT_Zone",0.605,1
"Not_CT_Zone",0.185,1
"CT_Zone",0.47,1
"Not_CT_Zone",0.28,1
"Not_CT_Zone",0.2,1
"Not_CT_Zone",0.06,1
"Not_CT_Zone",0.14,1
"Not_CT_Zone",0.04,1
"Not_CT_Zone",0.5,1
"Not_CT_Zone",0.005,1
"Not_CT_Zone",0.09,1
"Not_CT_Zone",0.42,1
"Not_CT_Zone",0.065,1
"CT_Zone",0.54,1
"Not_CT_Zone",0.055,1
"CT_Zone",0.565,1
"Not_CT_Zone",0.325,1
"Not_CT_Zone",0.04,1
"Not_CT_Zone",0.08,1
"CT_Zone",0.31,1
"Not_CT_Zone",0.105,1
"Not_CT_Zone",0.145,1
"Not_CT_Zone",0.045,1
"Not_CT_Zone",0.065,1
"Not_CT_Zone",0.015,1
"CT_Zone",0.18,1
"CT_Zone",0.635,1
"CT_Zone",0.24,1
"Not_CT_Zone",0,1
"CT_Zone",0.605,1
"Not_CT_Zone",0.02,1
"Not_CT_Zone",0.065,1
"Not_CT_Zone",0.02,1
"CT_Zone",0.52,1
"Not_CT_Zone",0.095,1
"Not_CT_Zone",0.475,1
"Not_CT_Zone",0.05,1
"Not_CT_Zone",0.33,1
"CT_Zone",0.52,1
"Not_CT_Zone",0.07,1
"Not_CT_Zone",0.06,1
"Not_CT_Zone",0.04,1
"Not_CT_Zone",0.43,1
"CT_Zone",0.24,1
"CT_Zone",0.645,1
"Not_CT_Zone",0.25,1
"Not_CT_Zone",0.625,1
"Not_CT_Zone",0.05,1
"CT_Zone",0.545,1
"Not_CT_Zone",0.045,1
"Not_CT_Zone",0.04,1
"CT_Zone",0.31,1
"Not_CT_Zone",0.06,1
"Not_CT_Zone",0.28,1
"CT_Zone",0.57,1
"CT_Zone",0.545,1
"Not_CT_Zone",0.09,1
"Not_CT_Zone",0.405,1
"CT_Zone",0.565,1
"CT_Zone",0.48,1
"CT_Zone",0.28,1
"Not_CT_Zone",0.03,1
"Not_CT_Zone",0.055,1
"CT_Zone",0.685,1
"Not_CT_Zone",0.545,1
"CT_Zone",0.58,1
"Not_CT_Zone",0.685,1
"Not_CT_Zone",0.18,1
"Not_CT_Zone",0.47,1
"Not_CT_Zone",0.67,1
"Not_CT_Zone",0.04,1
"Not_CT_Zone",0.01,1
"Not_CT_Zone",0.16,1
"Not_CT_Zone",0.235,1
"Not_CT_Zone",0.085,1
"Not_CT_Zone",0.215,1
"Not_CT_Zone",0.71,1
"CT_Zone",0.29,1
"CT_Zone",0.335,1
"Not_CT_Zone",0.045,1
"Not_CT_Zone",0.265,1
"Not_CT_Zone",0.355,1
"Not_CT_Zone",0.47,1
"Not_CT_Zone",0.5,1
"Not_CT_Zone",0.225,1
"CT_Zone",0.545,1
"CT_Zone",0.5,1
"Not_CT_Zone",0.515,1
"Not_CT_Zone",0.04,1
"Not_CT_Zone",0.41,1
"Not_CT_Zone",0.11,1
"Not_CT_Zone",0.06,1
"CT_Zone",0.58,1
"Not_CT_Zone",0.605,1
"Not_CT_Zone",0.295,1
"Not_CT_Zone",0.01,1
"Not_CT_Zone",0.05,1
"Not_CT_Zone",0.125,1
"Not_CT_Zone",0.67,1
"Not_CT_Zone",0.05,1
"CT_Zone",0.735,1
"Not_CT_Zone",0.395,1
"Not_CT_Zone",0.045,1
"CT_Zone",0.565,1
"Not_CT_Zone",0.045,1
"Not_CT_Zone",0.495,1
"Not_CT_Zone",0.045,1
"CT_Zone",0.765,1
"Not_CT_Zone",0.24,1
"Not_CT_Zone",0.185,1
"Not_CT_Zone",0.575,1
"CT_Zone",0.595,1
"CT_Zone",0.57,1
"Not_CT_Zone",0.035,1
"Not_CT_Zone",0.03,1
"Not_CT_Zone",0.41,1
"CT_Zone",0.47,1
"CT_Zone",0.38,1
"Not_CT_Zone",0.145,1
"CT_Zone",0.425,1
"Not_CT_Zone",0.34,1
"Not_CT_Zone",0.04,1
"CT_Zone",0.34,1
"CT_Zone",0.455,1
"CT_Zone",0.405,1
"CT_Zone",0.51,1
"Not_CT_Zone",0.05,1
"Not_CT_Zone",0.48,1
"CT_Zone",0.49,1
"CT_Zone",0.645,1
"Not_CT_Zone",0.255,1
"CT_Zone",0.585,1
"Not_CT_Zone",0.215,1
"CT_Zone",0.425,1
"CT_Zone",0.595,1
"Not_CT_Zone",0.12,1
"Not_CT_Zone",0.2,1
"Not_CT_Zone",0.02,1
"Not_CT_Zone",0.07,1
"CT_Zone",0.555,1
"CT_Zone",0.32,1
"CT_Zone",0.54,1
"Not_CT_Zone",0.585,1
"Not_CT_Zone",0.37,1
"Not_CT_Zone",0.05,1
"CT_Zone",0.76,1
"Not_CT_Zone",0.035,1
"CT_Zone",0.715,1
"CT_Zone",0.405,1
"CT_Zone",0.335,1
"CT_Zone",0.25,1
"Not_CT_Zone",0.54,1
"CT_Zone",0.355,1
"Not_CT_Zone",0.17,1
"Not_CT_Zone",0.05,1
"CT_Zone",0.635,1
"CT_Zone",0.025,1
"CT_Zone",0.63,1
"Not_CT_Zone",0.025,1
"Not_CT_Zone",0.465,1
"Not_CT_Zone",0.525,1
"Not_CT_Zone",0.415,1
"CT_Zone",0.6,1
"Not_CT_Zone",0.465,1
"CT_Zone",0.195,1
"Not_CT_Zone",0.13,1
"Not_CT_Zone",0.175,1
"Not_CT_Zone",0.395,1
"Not_CT_Zone",0.515,1
"CT_Zone",0.51,1
"CT_Zone",0.69,1
"CT_Zone",0.63,1
"Not_CT_Zone",0.325,1
"CT_Zone",0.645,1
"Not_CT_Zone",0.06,1
"CT_Zone",0.185,1
"Not_CT_Zone",0.11,1
"Not_CT_Zone",0.265,1
"Not_CT_Zone",0.065,1
"CT_Zone",0.375,1
"Not_CT_Zone",0.295,1
"Not_CT_Zone",0.13,1
"Not_CT_Zone",0.02,1
"Not_CT_Zone",0.525,1
"Not_CT_Zone",0.355,1
"CT_Zone",0.69,1
"Not_CT_Zone",0.74,1
"CT_Zone",0.595,1
"Not_CT_Zone",0.695,1
"CT_Zone",0.26,1
"Not_CT_Zone",0.345,1
"CT_Zone",0.305,1
"Not_CT_Zone",0.215,1
"CT_Zone",0.555,1
"Not_CT_Zone",0.08,1
"CT_Zone",0.44,1
"CT_Zone",0.225,1
"Not_CT_Zone",0.045,1
"CT_Zone",0.56,1
"Not_CT_Zone",0.165,1
"Not_CT_Zone",0.045,1
"CT_Zone",0.55,1
"CT_Zone",0.445,1
"CT_Zone",0.585,1
"Not_CT_Zone",0.62,1
"Not_CT_Zone",0.225,1
"Not_CT_Zone",0.18,1
"Not_CT_Zone",0.37,1
"CT_Zone",0.52,1
"Not_CT_Zone",0,1
"Not_CT_Zone",0.06,1
"Not_CT_Zone",0.045,1
"CT_Zone",0.51,1
"CT_Zone",0.66,1
"CT_Zone",0.49,1
"Not_CT_Zone",0.06,1
"CT_Zone",0.575,1
"CT_Zone",0.37,1
"Not_CT_Zone",0.045,1
"Not_CT_Zone",0.27,1
"Not_CT_Zone",0.13,1
"Not_CT_Zone",0.45,1
"Not_CT_Zone",0.045,1
"Not_CT_Zone",0.185,1
"CT_Zone",0.73,1
"Not_CT_Zone",0.595,1
"CT_Zone",0.6,1
"CT_Zone",0.585,1
"CT_Zone",0.27,1
"CT_Zone",0.51,1
"Not_CT_Zone",0.03,1
"Not_CT_Zone",0.245,1
"CT_Zone",0.38,1
"Not_CT_Zone",0.25,1
"Not_CT_Zone",0.15,1
"Not_CT_Zone",0.155,1
"Not_CT_Zone",0.09,1
"CT_Zone",0.625,1
"CT_Zone",0.71,1
"Not_CT_Zone",0.08,1
"Not_CT_Zone",0.37,1
"Not_CT_Zone",0.055,1
"Not_CT_Zone",0.61,1
"CT_Zone",0.66,1
"Not_CT_Zone",0.195,1
"CT_Zone",0.55,1
"Not_CT_Zone",0.055,1
"CT_Zone",0.58,1
"Not_CT_Zone",0.085,1
"Not_CT_Zone",0.065,1
"Not_CT_Zone",0.04,1
"Not_CT_Zone",0.02,1
"Not_CT_Zone",0.09,1
"CT_Zone",0.555,1
"Not_CT_Zone",0.155,1
"Not_CT_Zone",0.055,1
"Not_CT_Zone",0.08,1
"Not_CT_Zone",0.005,1
"CT_Zone",0.595,1
"CT_Zone",0.605,1
"Not_CT_Zone",0.055,1
"Not_CT_Zone",0.035,1
"CT_Zone",0.555,1
"Not_CT_Zone",0.06,1
"CT_Zone",0.43,1
"CT_Zone",0.67,1
"Not_CT_Zone",0.03,1
"CT_Zone",0.185,1
"CT_Zone",0.475,1
"Not_CT_Zone",0.09,1
"Not_CT_Zone",0.385,1
"CT_Zone",0.645,1
"CT_Zone",0.475,1
"Not_CT_Zone",0.14,1
"CT_Zone",0.53,1
"Not_CT_Zone",0.405,1
"Not_CT_Zone",0.555,1
"CT_Zone",0.46,1
"Not_CT_Zone",0.685,1
"CT_Zone",0.675,1
"Not_CT_Zone",0.08,1
"Not_CT_Zone",0,1
"CT_Zone",0.495,1
"Not_CT_Zone",0.09,1
"CT_Zone",0.4,1
"Not_CT_Zone",0.1,1
"Not_CT_Zone",0.47,1
"Not_CT_Zone",0.445,1
"Not_CT_Zone",0.085,1
"Not_CT_Zone",0.065,1
"Not_CT_Zone",0.255,1
"Not_CT_Zone",0.07,1
"CT_Zone",0.535,1
"Not_CT_Zone",0.09,1
"Not_CT_Zone",0.06,1
"Not_CT_Zone",0.345,1
"CT_Zone",0.15,1
"Not_CT_Zone",0.03,1
"CT_Zone",0.65,1
"Not_CT_Zone",0.11,1
"Not_CT_Zone",0.07,1
"CT_Zone",0.08,1
"Not_CT_Zone",0.285,1
"CT_Zone",0.485,1
"Not_CT_Zone",0.055,1
"Not_CT_Zone",0.105,1
"Not_CT_Zone",0.08,1
"Not_CT_Zone",0.61,1
"Not_CT_Zone",0.085,1
"CT_Zone",0.1,1
"Not_CT_Zone",0.045,1
"Not_CT_Zone",0.03,1
"Not_CT_Zone",0.48,1
"Not_CT_Zone",0.45,1
"CT_Zone",0.5,1
"Not_CT_Zone",0.05,1
"CT_Zone",0.47,1
"Not_CT_Zone",0.595,1
"Not_CT_Zone",0.52,1
"Not_CT_Zone",0.28,1
"CT_Zone",0.505,1
"Not_CT_Zone",0.075,1
"Not_CT_Zone",0.025,1
"Not_CT_Zone",0.49,1
"Not_CT_Zone",0.1,1
"Not_CT_Zone",0,1
"Not_CT_Zone",0.025,1
"Not_CT_Zone",0.04,1
"CT_Zone",0.57,1
"CT_Zone",0.28,1
"Not_CT_Zone",0.08,1
"Not_CT_Zone",0.075,1
"CT_Zone",0.14,1
"Not_CT_Zone",0.345,1
"Not_CT_Zone",0.045,1
"CT_Zone",0.6,1
"CT_Zone",0.44,1
"CT_Zone",0.54,1
"Not_CT_Zone",0.2,1
"Not_CT_Zone",0.005,1
"CT_Zone",0.4,1
"Not_CT_Zone",0.195,1
"Not_CT_Zone",0.035,1
"CT_Zone",0.28,1
"Not_CT_Zone",0.075,1
"CT_Zone",0.795,1
"Not_CT_Zone",0.035,1
"CT_Zone",0.455,1
"Not_CT_Zone",0.11,1
"Not_CT_Zone",0.065,1
"CT_Zone",0.515,1
"Not_CT_Zone",0.04,1
"CT_Zone",0.635,1
"CT_Zone",0.355,1
"Not_CT_Zone",0.475,1
"CT_Zone",0.43,1
"Not_CT_Zone",0.025,1
"Not_CT_Zone",0.045,1
"CT_Zone",0.7,1
"Not_CT_Zone",0.195,1
"Not_CT_Zone",0.04,1
"CT_Zone",0.45,1
"Not_CT_Zone",0.015,1
"Not_CT_Zone",0.03,1
"Not_CT_Zone",0.335,1
"CT_Zone",0.59,1
"Not_CT_Zone",0.02,1
"Not_CT_Zone",0.025,1
"CT_Zone",0.485,1
"Not_CT_Zone",0.135,1
"Not_CT_Zone",0.335,1
"CT_Zone",0.56,1
"Not_CT_Zone",0.39,1
"Not_CT_Zone",0.59,1
"Not_CT_Zone",0.22,1
"CT_Zone",0.405,1
"Not_CT_Zone",0.34,1
"Not_CT_Zone",0.03,1
"Not_CT_Zone",0.02,1
"Not_CT_Zone",0.45,1
"CT_Zone",0.51,1
"CT_Zone",0.55,1
"CT_Zone",0.475,1
"Not_CT_Zone",0.535,1
"Not_CT_Zone",0.2,1
"CT_Zone",0.045,1
"CT_Zone",0.535,1
"CT_Zone",0.305,1
"Not_CT_Zone",0.73,1
"CT_Zone",0.57,1
"CT_Zone",0.285,1
"Not_CT_Zone",0.275,1
"Not_CT_Zone",0.15,1
"CT_Zone",0.59,1
"Not_CT_Zone",0.06,1
"Not_CT_Zone",0.055,1
"CT_Zone",0.74,1
"Not_CT_Zone",0.7,1
"Not_CT_Zone",0.17,1
"Not_CT_Zone",0.16,1
"Not_CT_Zone",0.285,1
"Not_CT_Zone",0.06,1
"CT_Zone",0.8,1
"Not_CT_Zone",0.365,1
"Not_CT_Zone",0.04,1
"Not_CT_Zone",0.575,1
"CT_Zone",0.7,1
"Not_CT_Zone",0.17,1
"Not_CT_Zone",0.005,1
"CT_Zone",0.205,1
"Not_CT_Zone",0.48,1
"CT_Zone",0.485,1
"Not_CT_Zone",0.225,1
"CT_Zone",0.46,1
"CT_Zone",0.77,1
"Not_CT_Zone",0.6,1
"Not_CT_Zone",0.025,1
"CT_Zone",0.725,1
"CT_Zone",0.545,1
"Not_CT_Zone",0.485,1
"Not_CT_Zone",0.045,1
"CT_Zone",0.6,1
"Not_CT_Zone",0.15,1
"Not_CT_Zone",0.01,1
"Not_CT_Zone",0.705,1
"CT_Zone",0.36,1
"Not_CT_Zone",0.57,1
"Not_CT_Zone",0.625,1
"Not_CT_Zone",0.04,1
"CT_Zone",0.25,1
"Not_CT_Zone",0.015,1
"Not_CT_Zone",0.535,1
"Not_CT_Zone",0.115,1
"Not_CT_Zone",0.015,1
"CT_Zone",0.655,1
"Not_CT_Zone",0,1
"Not_CT_Zone",0.4,1
"CT_Zone",0.615,1
"Not_CT_Zone",0.07,1
"Not_CT_Zone",0.29,1
"CT_Zone",0.495,1
"Not_CT_Zone",0.025,1
"CT_Zone",0.33,1
"Not_CT_Zone",0.035,1
"Not_CT_Zone",0.065,1
"CT_Zone",0.195,1
"Not_CT_Zone",0.05,1
"Not_CT_Zone",0.03,1
"Not_CT_Zone",0.55,1
"Not_CT_Zone",0.03,1
"Not_CT_Zone",0.34,1
"Not_CT_Zone",0.37,1
"Not_CT_Zone",0.14,1
"Not_CT_Zone",0.17,1
"CT_Zone",0.335,1
"CT_Zone",0.43,1
"Not_CT_Zone",0,1
"CT_Zone",0.275,1
"CT_Zone",0.32,1
"Not_CT_Zone",0.01,1
"CT_Zone",0.195,1
"Not_CT_Zone",0.06,1
"Not_CT_Zone",0.005,1
"Not_CT_Zone",0.42,1
"CT_Zone",0.48,1
"Not_CT_Zone",0.295,1
"Not_CT_Zone",0.405,1
"Not_CT_Zone",0.045,1
"Not_CT_Zone",0.445,1
"CT_Zone",0.355,1
"Not_CT_Zone",0.015,1
"Not_CT_Zone",0.545,1
"Not_CT_Zone",0.575,1
"CT_Zone",0.305,1
"Not_CT_Zone",0.66,1
"CT_Zone",0.395,1
"CT_Zone",0.705,1
"Not_CT_Zone",0.055,1
"Not_CT_Zone",0.015,1
"CT_Zone",0.655,1
"Not_CT_Zone",0,1
"CT_Zone",0.615,1
"Not_CT_Zone",0.03,1
"CT_Zone",0.42,1
"Not_CT_Zone",0.085,1
"Not_CT_Zone",0.025,1
"Not_CT_Zone",0.02,1
"Not_CT_Zone",0.46,1
"Not_CT_Zone",0.06,1
"Not_CT_Zone",0.4,1
"Not_CT_Zone",0.23,1
"CT_Zone",0.64,1
"Not_CT_Zone",0.045,1
"Not_CT_Zone",0.455,1
"Not_CT_Zone",0.135,1
"Not_CT_Zone",0.02,1
"Not_CT_Zone",0.03,1
"Not_CT_Zone",0.04,1
"Not_CT_Zone",0.105,1
"CT_Zone",0.275,1
"CT_Zone",0.29,1
"Not_CT_Zone",0.025,1
"Not_CT_Zone",0.015,1
"Not_CT_Zone",0.515,1
"Not_CT_Zone",0.06,1
"CT_Zone",0.57,1
"Not_CT_Zone",0.03,1
"Not_CT_Zone",0.585,1
"Not_CT_Zone",0.725,1
"Not_CT_Zone",0.34,1
"Not_CT_Zone",0.23,1
"Not_CT_Zone",0.06,1
"Not_CT_Zone",0.29,1
"Not_CT_Zone",0.345,1
"CT_Zone",0.52,1
"CT_Zone",0.42,1
"CT_Zone",0.495,1
"Not_CT_Zone",0.02,1
"Not_CT_Zone",0.22,1
"CT_Zone",0.53,1
"Not_CT_Zone",0.66,1
"Not_CT_Zone",0.145,1
"Not_CT_Zone",0.085,1
"Not_CT_Zone",0.07,1
"Not_CT_Zone",0.41,1
"Not_CT_Zone",0.79,1
"Not_CT_Zone",0,1
"CT_Zone",0.575,1
"Not_CT_Zone",0.345,1
"Not_CT_Zone",0.065,1
"CT_Zone",0.56,1
"CT_Zone",0.485,1
"CT_Zone",0.7,1
"CT_Zone",0.275,1
"CT_Zone",0.355,1
"Not_CT_Zone",0.33,1
"CT_Zone",0.655,1
"CT_Zone",0.2,1
"Not_CT_Zone",0.35,1
"Not_CT_Zone",0.65,1
"Not_CT_Zone",0.025,1
"CT_Zone",0.19,1
"Not_CT_Zone",0.18,1
"CT_Zone",0.22,1
"CT_Zone",0.7,1
"Not_CT_Zone",0.035,1
"CT_Zone",0.665,1
"Not_CT_Zone",0.28,1
"Not_CT_Zone",0.035,1
"CT_Zone",0.77,1
"Not_CT_Zone",0.045,1
"Not_CT_Zone",0.035,1
"CT_Zone",0.465,1
"Not_CT_Zone",0.19,1
"Not_CT_Zone",0.015,1
"CT_Zone",0.46,1
"Not_CT_Zone",0.04,1
"Not_CT_Zone",0.075,1
"CT_Zone",0.515,1
"Not_CT_Zone",0.075,1
"Not_CT_Zone",0.645,1
"CT_Zone",0.04,1
"Not_CT_Zone",0.04,1
"CT_Zone",0.615,1
"Not_CT_Zone",0.065,1
"Not_CT_Zone",0.025,1
"Not_CT_Zone",0.035,1
"CT_Zone",0.31,1
"CT_Zone",0.73,1
"Not_CT_Zone",0.025,1
"CT_Zone",0.295,1
"Not_CT_Zone",0.43,1
"Not_CT_Zone",0.035,1
"Not_CT_Zone",0.07,1
"Not_CT_Zone",0.035,1
"Not_CT_Zone",0.415,1
"Not_CT_Zone",0.065,1
"Not_CT_Zone",0.035,1
"Not_CT_Zone",0.43,1
"Not_CT_Zone",0.51,1
"CT_Zone",0.465,1
"CT_Zone",0.34,1
"CT_Zone",0.52,1
"Not_CT_Zone",0.025,1
"Not_CT_Zone",0,1
"CT_Zone",0.46,1
"CT_Zone",0.255,1
"CT_Zone",0.35,1
"CT_Zone",0.69,1
"Not_CT_Zone",0.35,1
"Not_CT_Zone",0.56,1
"CT_Zone",0.41,1
"Not_CT_Zone",0.445,1
"CT_Zone",0.55,1
"CT_Zone",0.47,1
"Not_CT_Zone",0.03,1
"Not_CT_Zone",0.55,1
"Not_CT_Zone",0.43,1
"Not_CT_Zone",0.135,1
"CT_Zone",0.625,1
"Not_CT_Zone",0.005,1
"CT_Zone",0.545,1
"CT_Zone",0.255,1
"CT_Zone",0.09,1
"Not_CT_Zone",0.19,1
"Not_CT_Zone",0.05,1
"Not_CT_Zone",0.28,1
"CT_Zone",0.69,1
"Not_CT_Zone",0.235,1
"Not_CT_Zone",0.19,1
"Not_CT_Zone",0.53,1
"CT_Zone",0.335,1
"Not_CT_Zone",0.185,1
"Not_CT_Zone",0.05,1
"Not_CT_Zone",0.005,1
"Not_CT_Zone",0.015,1
"CT_Zone",0.645,1
"Not_CT_Zone",0.07,1
"Not_CT_Zone",0.19,1
"Not_CT_Zone",0.01,1
"CT_Zone",0.56,1
"Not_CT_Zone",0.055,1
"Not_CT_Zone",0.09,1
"CT_Zone",0.205,1
"CT_Zone",0.735,1
"CT_Zone",0.65,1
"Not_CT_Zone",0.025,1
"Not_CT_Zone",0.505,1
"Not_CT_Zone",0.075,1
"Not_CT_Zone",0.38,1
"CT_Zone",0.495,1
"CT_Zone",0.445,1
"CT_Zone",0.47,1
"CT_Zone",0.565,1
"Not_CT_Zone",0.305,1
"Not_CT_Zone",0.09,1
"Not_CT_Zone",0.03,1
"Not_CT_Zone",0.3,1
"CT_Zone",0.525,1
"CT_Zone",0.34,1
"CT_Zone",0.44,1
"CT_Zone",0.555,1
"Not_CT_Zone",0.15,1
"CT_Zone",0.595,1
"Not_CT_Zone",0.02,1
"Not_CT_Zone",0.38,1
"Not_CT_Zone",0.085,1
"CT_Zone",0.245,1
"CT_Zone",0.43,1
"Not_CT_Zone",0.685,1
"Not_CT_Zone",0.575,1
"CT_Zone",0.19,1
"Not_CT_Zone",0.46,1
"CT_Zone",0.465,1
"Not_CT_Zone",0.39,1
"CT_Zone",0.635,1
"Not_CT_Zone",0.22,1
"Not_CT_Zone",0.205,1
"Not_CT_Zone",0.015,1
"Not_CT_Zone",0.745,1
"Not_CT_Zone",0.05,1
"CT_Zone",0.39,1
"Not_CT_Zone",0.615,1
"Not_CT_Zone",0.475,1
"Not_CT_Zone",0.055,1
"CT_Zone",0.525,1
"CT_Zone",0.55,1
"Not_CT_Zone",0.165,1
"CT_Zone",0.435,1
"CT_Zone",0.325,1
"CT_Zone",0.355,1
"CT_Zone",0.535,1
"Not_CT_Zone",0.45,1
"Not_CT_Zone",0.02,1
"CT_Zone",0.635,1
"CT_Zone",0.34,1
"Not_CT_Zone",0.63,1
"Not_CT_Zone",0.03,1
"Not_CT_Zone",0.4,1
"CT_Zone",0.68,1
"Not_CT_Zone",0.585,1
"Not_CT_Zone",0.005,1
"Not_CT_Zone",0.515,1
"Not_CT_Zone",0.215,1
"Not_CT_Zone",0.34,1
"Not_CT_Zone",0.11,1
"Not_CT_Zone",0.035,1
"Not_CT_Zone",0.055,1
"Not_CT_Zone",0.145,1
"Not_CT_Zone",0.065,1
"CT_Zone",0.52,1
"Not_CT_Zone",0.385,1
"CT_Zone",0.43,1
"Not_CT_Zone",0.14,1
"CT_Zone",0.61,1
"CT_Zone",0.22,1
"Not_CT_Zone",0.385,1
"Not_CT_Zone",0.08,1
"CT_Zone",0.15,1
"CT_Zone",0.735,1
"Not_CT_Zone",0.045,1
"CT_Zone",0.58,1
"CT_Zone",0.59,1
"Not_CT_Zone",0.025,1
"CT_Zone",0.65,1
"Not_CT_Zone",0.07,1
"CT_Zone",0.25,1
"CT_Zone",0.42,1
"Not_CT_Zone",0.54,1
"CT_Zone",0.59,1
"CT_Zone",0.6,1
"Not_CT_Zone",0.34,1
"CT_Zone",0.39,1
"Not_CT_Zone",0.02,1
"Not_CT_Zone",0.425,1
"Not_CT_Zone",0.22,1
"Not_CT_Zone",0.025,1
"Not_CT_Zone",0.035,1
"CT_Zone",0.32,1
"Not_CT_Zone",0.07,1
"Not_CT_Zone",0.6,1
"CT_Zone",0.375,1
"CT_Zone",0.445,1
"CT_Zone",0.34,1
"Not_CT_Zone",0.025,1
"Not_CT_Zone",0.31,1
"CT_Zone",0.485,1
"Not_CT_Zone",0.02,1
"CT_Zone",0.615,1
"Not_CT_Zone",0.12,1
"Not_CT_Zone",0.03,1
"Not_CT_Zone",0.43,1
"Not_CT_Zone",0.63,1
"CT_Zone",0.62,1
"Not_CT_Zone",0.365,1
"Not_CT_Zone",0.34,1
"Not_CT_Zone",0.43,1
"Not_CT_Zone",0.005,1
"Not_CT_Zone",0.33,1
"Not_CT_Zone",0.42,1
"Not_CT_Zone",0.1,1
"Not_CT_Zone",0.4,1
"Not_CT_Zone",0.03,1
"CT_Zone",0.665,1
"CT_Zone",0.365,1
"Not_CT_Zone",0.625,1
"Not_CT_Zone",0.005,1
"CT_Zone",0.225,1
"CT_Zone",0.47,1
"Not_CT_Zone",0.525,1
"Not_CT_Zone",0.055,1
"CT_Zone",0.225,1
"CT_Zone",0.845,1
"Not_CT_Zone",0.16,1
"CT_Zone",0.435,1
"Not_CT_Zone",0.02,1
"Not_CT_Zone",0.68,1
"Not_CT_Zone",0.03,1
"Not_CT_Zone",0.055,1
"Not_CT_Zone",0.33,1
"CT_Zone",0.655,1
"CT_Zone",0.235,1
"Not_CT_Zone",0.21,1
"Not_CT_Zone",0.61,1
"CT_Zone",0.565,1
"Not_CT_Zone",0.02,1
"CT_Zone",0.615,1
"CT_Zone",0.58,1
"Not_CT_Zone",0.26,1
"Not_CT_Zone",0.025,1
"CT_Zone",0.38,1
"Not_CT_Zone",0.08,1
"Not_CT_Zone",0.04,1
"Not_CT_Zone",0.375,1
"Not_CT_Zone",0.48,1
"CT_Zone",0.4,1
"Not_CT_Zone",0.19,1
"Not_CT_Zone",0.065,1
"CT_Zone",0.61,1
"CT_Zone",0.26,1
"Not_CT_Zone",0.74,1
"CT_Zone",0.23,1
"Not_CT_Zone",0.675,1
"Not_CT_Zone",0.05,1
"Not_CT_Zone",0.42,1
"Not_CT_Zone",0.005,1
"CT_Zone",0.605,1
"Not_CT_Zone",0.015,1
"Not_CT_Zone",0.09,1
"Not_CT_Zone",0.305,1
"CT_Zone",0.735,1
"CT_Zone",0.6,1
"CT_Zone",0.565,1
"CT_Zone",0.655,1
"CT_Zone",0.375,1
"CT_Zone",0.655,1
"Not_CT_Zone",0.415,1
"CT_Zone",0.575,1
"CT_Zone",0.535,1
"Not_CT_Zone",0.425,1
"CT_Zone",0.525,1
"Not_CT_Zone",0.045,1
"Not_CT_Zone",0,1
"CT_Zone",0.775,1
"CT_Zone",0.11,1
"CT_Zone",0.28,1
"Not_CT_Zone",0.18,1
"Not_CT_Zone",0.03,1
"CT_Zone",0.575,1
"Not_CT_Zone",0.285,1
"Not_CT_Zone",0.255,1
"Not_CT_Zone",0.31,1
"CT_Zone",0.585,1
"Not_CT_Zone",0.095,1
"Not_CT_Zone",0.535,1
"CT_Zone",0.535,1
"Not_CT_Zone",0.005,1
"Not_CT_Zone",0.03,1
"Not_CT_Zone",0.155,1
"Not_CT_Zone",0.19,1
"CT_Zone",0.36,1
"Not_CT_Zone",0.285,1
"Not_CT_Zone",0.36,1
"Not_CT_Zone",0.43,1
"Not_CT_Zone",0.075,1
"Not_CT_Zone",0.36,1
"CT_Zone",0.485,1
"Not_CT_Zone",0.135,1
"CT_Zone",0.725,1
"Not_CT_Zone",0.035,1
"CT_Zone",0.56,1
"CT_Zone",0.51,1
"CT_Zone",0.495,1
"Not_CT_Zone",0.11,1
"Not_CT_Zone",0.09,1
"CT_Zone",0.255,1
"Not_CT_Zone",0.34,1
"CT_Zone",0.705,1
"CT_Zone",0.76,1
"CT_Zone",0.055,1
"Not_CT_Zone",0.325,1
"CT_Zone",0.615,1
"Not_CT_Zone",0.03,1
"CT_Zone",0.275,1
"CT_Zone",0.6,1
"Not_CT_Zone",0.575,1
"CT_Zone",0.245,1
"CT_Zone",0.345,1
"Not_CT_Zone",0.1,1
"Not_CT_Zone",0.53,1
"CT_Zone",0.45,1
"CT_Zone",0.13,1
"CT_Zone",0.12,1
"CT_Zone",0.485,1
"CT_Zone",0.53,1
"CT_Zone",0.62,1
"Not_CT_Zone",0.03,1
"Not_CT_Zone",0.34,1
"Not_CT_Zone",0.04,1
"CT_Zone",0.475,1
"CT_Zone",0.38,1
"Not_CT_Zone",0.105,1
"Not_CT_Zone",0.075,1
"CT_Zone",0.345,1
"Not_CT_Zone",0.23,1
"CT_Zone",0.51,1
"CT_Zone",0.11,1
"Not_CT_Zone",0.105,1
"Not_CT_Zone",0.395,1
"CT_Zone",0.26,1
"Not_CT_Zone",0.07,1
"Not_CT_Zone",0.345,1
"Not_CT_Zone",0.315,1
"Not_CT_Zone",0.235,1
"Not_CT_Zone",0.5,1
"Not_CT_Zone",0.05,1
"CT_Zone",0.64,1
"CT_Zone",0.575,1
"Not_CT_Zone",0.005,1
"Not_CT_Zone",0.74,1
"Not_CT_Zone",0.445,1
"CT_Zone",0.505,1
"Not_CT_Zone",0.04,1
"Not_CT_Zone",0.21,1
"Not_CT_Zone",0.075,1
"CT_Zone",0.59,1
"CT_Zone",0.24,1
"Not_CT_Zone",0.75,1
"Not_CT_Zone",0.34,1
"CT_Zone",0.495,1
"Not_CT_Zone",0.37,1
"Not_CT_Zone",0.285,1
"Not_CT_Zone",0.225,1
"Not_CT_Zone",0.465,1
"CT_Zone",0.15,1
"CT_Zone",0.595,1
"CT_Zone",0.615,1
"Not_CT_Zone",0.025,1
"Not_CT_Zone",0.365,1
"Not_CT_Zone",0.595,1
"CT_Zone",0.415,1
"Not_CT_Zone",0.14,1
"CT_Zone",0.36,1
"Not_CT_Zone",0.06,1
"Not_CT_Zone",0.065,1
"Not_CT_Zone",0.585,1
"Not_CT_Zone",0.05,1
"Not_CT_Zone",0.38,1
"Not_CT_Zone",0.615,1
"Not_CT_Zone",0.015,1
"Not_CT_Zone",0.045,1
"Not_CT_Zone",0.04,1
"CT_Zone",0.74,1
"Not_CT_Zone",0.06,1
"Not_CT_Zone",0.055,1
"CT_Zone",0.61,1
"CT_Zone",0.31,1
"Not_CT_Zone",0.045,1
"CT_Zone",0.375,1
"Not_CT_Zone",0.4,1
"Not_CT_Zone",0.055,1
"CT_Zone",0.6,1
"CT_Zone",0.345,1
"CT_Zone",0.58,1
"Not_CT_Zone",0.09,1
"CT_Zone",0.675,1
"Not_CT_Zone",0.015,1
"Not_CT_Zone",0.135,1
"CT_Zone",0.43,1
"CT_Zone",0.47,1
"Not_CT_Zone",0.04,1
"CT_Zone",0.37,1
"Not_CT_Zone",0.375,1
"Not_CT_Zone",0.035,1
"CT_Zone",0.44,1
"Not_CT_Zone",0.03,1
"Not_CT_Zone",0.51,1
"Not_CT_Zone",0.065,1
"Not_CT_Zone",0.31,1
"CT_Zone",0.775,1
"Not_CT_Zone",0.045,1
"CT_Zone",0.575,1
"Not_CT_Zone",0.33,1
"CT_Zone",0.595,1
"CT_Zone",0.62,1
"CT_Zone",0.155,1
"CT_Zone",0.65,1
"Not_CT_Zone",0.26,1
"Not_CT_Zone",0.505,1
"Not_CT_Zone",0.06,1
"Not_CT_Zone",0.61,1
"Not_CT_Zone",0.04,1
"CT_Zone",0.29,1
"Not_CT_Zone",0.025,1
"CT_Zone",0.285,1
"Not_CT_Zone",0.42,1
"Not_CT_Zone",0.52,1
"Not_CT_Zone",0.3,1
"Not_CT_Zone",0.1,1
"Not_CT_Zone",0.05,1
"CT_Zone",0.185,1
"Not_CT_Zone",0.03,1
"CT_Zone",0.79,1
"Not_CT_Zone",0.525,1
"CT_Zone",0.67,1
"Not_CT_Zone",0.22,1
"Not_CT_Zone",0.59,1
"Not_CT_Zone",0.345,1
"Not_CT_Zone",0.21,1
"CT_Zone",0.525,1
"CT_Zone",0.48,1
"Not_CT_Zone",0.185,1
"Not_CT_Zone",0.065,1
"CT_Zone",0.565,1
"Not_CT_Zone",0.455,1
"Not_CT_Zone",0.53,1
"CT_Zone",0.755,1
"CT_Zone",0.305,1
"Not_CT_Zone",0.075,1
"CT_Zone",0.415,1
"Not_CT_Zone",0.01,1
"CT_Zone",0.575,1
"CT_Zone",0.45,1
"Not_CT_Zone",0.095,1
"Not_CT_Zone",0.185,1
"CT_Zone",0.41,1
"Not_CT_Zone",0.09,1
"Not_CT_Zone",0.44,1
"Not_CT_Zone",0.075,1
"CT_Zone",0.6,1
"Not_CT_Zone",0.43,1
"Not_CT_Zone",0.465,1
"CT_Zone",0.545,1
"CT_Zone",0.19,1
"CT_Zone",0.525,1
"Not_CT_Zone",0.43,1
"CT_Zone",0.57,1
"Not_CT_Zone",0.015,1
"Not_CT_Zone",0.025,1
"CT_Zone",0.54,1
"Not_CT_Zone",0.16,1
"Not_CT_Zone",0.61,1
"Not_CT_Zone",0.065,1
"Not_CT_Zone",0.43,1
"CT_Zone",0.405,1
"Not_CT_Zone",0.04,1
"Not_CT_Zone",0.03,1
"Not_CT_Zone",0.03,1
"Not_CT_Zone",0.14,1
"CT_Zone",0.6,1
"CT_Zone",0.54,1
"Not_CT_Zone",0.05,1
"Not_CT_Zone",0.045,1
"Not_CT_Zone",0.1,1
"CT_Zone",0.315,1
"CT_Zone",0.76,1
"Not_CT_Zone",0.215,1
"Not_CT_Zone",0.04,1
"Not_CT_Zone",0.395,1
"CT_Zone",0.73,1
"Not_CT_Zone",0.035,1
"CT_Zone",0.605,1
"Not_CT_Zone",0.04,1
"CT_Zone",0.5,1
"Not_CT_Zone",0.03,1
"Not_CT_Zone",0.445,1
"Not_CT_Zone",0.03,1
"Not_CT_Zone",0.345,1
"Not_CT_Zone",0.08,1
"Not_CT_Zone",0.185,1
"CT_Zone",0.285,1
"Not_CT_Zone",0.3,1
"Not_CT_Zone",0.105,1
"Not_CT_Zone",0.72,1
"Not_CT_Zone",0.175,1
"Not_CT_Zone",0.28,1
"Not_CT_Zone",0.055,1
"Not_CT_Zone",0.19,1
"Not_CT_Zone",0.05,1
"Not_CT_Zone",0.055,1
"Not_CT_Zone",0.05,1
"CT_Zone",0.545,1
"Not_CT_Zone",0.545,1
"Not_CT_Zone",0.055,1
"CT_Zone",0.58,1
"Not_CT_Zone",0.35,1
"CT_Zone",0.055,1
"CT_Zone",0.395,1
"CT_Zone",0.63,1
"CT_Zone",0.33,1
"Not_CT_Zone",0.455,1
"Not_CT_Zone",0.545,1
"CT_Zone",0.495,1
"CT_Zone",0.64,1
"CT_Zone",0.755,1
"Not_CT_Zone",0.755,1
"CT_Zone",0.545,1
"Not_CT_Zone",0.185,1
"Not_CT_Zone",0.235,1
"CT_Zone",0.07,1
"CT_Zone",0.605,1
"CT_Zone",0.565,1
"CT_Zone",0.745,1
"Not_CT_Zone",0.025,1
"CT_Zone",0.315,1
"Not_CT_Zone",0.025,1
"Not_CT_Zone",0.1,1
"Not_CT_Zone",0.07,1
"CT_Zone",0.665,1
"Not_CT_Zone",0.36,1
"CT_Zone",0.375,1
"Not_CT_Zone",0.13,1
"Not_CT_Zone",0.36,1
"Not_CT_Zone",0.225,1
"Not_CT_Zone",0.34,1
"Not_CT_Zone",0.325,1
"Not_CT_Zone",0.295,1
"CT_Zone",0.665,1
"Not_CT_Zone",0.535,1
"Not_CT_Zone",0.14,1
"CT_Zone",0.685,1
"Not_CT_Zone",0.055,1
"Not_CT_Zone",0.245,1
"Not_CT_Zone",0.175,1
"Not_CT_Zone",0,1
"CT_Zone",0.145,1
"Not_CT_Zone",0.045,1
"Not_CT_Zone",0.06,1
"Not_CT_Zone",0.065,2
"Not_CT_Zone",0.04,2
"Not_CT_Zone",0.04,2
"Not_CT_Zone",0.26,2
"Not_CT_Zone",0.025,2
"Not_CT_Zone",0.035,2
"Not_CT_Zone",0.025,2
"Not_CT_Zone",0.03,2
"Not_CT_Zone",0.3,2
"Not_CT_Zone",0,2
"Not_CT_Zone",0.05,2
"Not_CT_Zone",0.015,2
"Not_CT_Zone",0,2
"Not_CT_Zone",0.09,2
"Not_CT_Zone",0.31,2
"Not_CT_Zone",0.595,2
"CT_Zone",0.295,2
"Not_CT_Zone",0.51,2
"Not_CT_Zone",0.495,2
"CT_Zone",0.535,2
"Not_CT_Zone",0.535,2
"Not_CT_Zone",0.465,2
"CT_Zone",0.175,2
"Not_CT_Zone",0.33,2
"Not_CT_Zone",0.415,2
"CT_Zone",0.195,2
"Not_CT_Zone",0.09,2
"Not_CT_Zone",0.05,2
"Not_CT_Zone",0.19,2
"Not_CT_Zone",0.56,2
"Not_CT_Zone",0.425,2
"Not_CT_Zone",0.235,2
"Not_CT_Zone",0.41,2
"Not_CT_Zone",0.41,2
"CT_Zone",0.595,2
"Not_CT_Zone",0.34,2
"Not_CT_Zone",0.585,2
"CT_Zone",0.735,2
"Not_CT_Zone",0.355,2
"Not_CT_Zone",0.485,2
"Not_CT_Zone",0.28,2
"CT_Zone",0.51,2
"CT_Zone",0.585,2
"Not_CT_Zone",0.46,2
"Not_CT_Zone",0.535,2
"CT_Zone",0.48,2
"Not_CT_Zone",0.29,2
"Not_CT_Zone",0.6,2
"Not_CT_Zone",0.34,2
"Not_CT_Zone",0.555,2
"Not_CT_Zone",0.51,2
"CT_Zone",0.715,2
"CT_Zone",0.53,2
"Not_CT_Zone",0.535,2
"Not_CT_Zone",0.25,2
"Not_CT_Zone",0.47,2
"Not_CT_Zone",0.525,2
"CT_Zone",0.5,2
"CT_Zone",0.445,2
"CT_Zone",0.525,2
"CT_Zone",0.45,2
"Not_CT_Zone",0.365,2
"CT_Zone",0.64,2
"Not_CT_Zone",0.47,2
"CT_Zone",0.37,2
"Not_CT_Zone",0.07,2
"CT_Zone",0.61,2
"CT_Zone",0.395,2
"CT_Zone",0.68,2
"Not_CT_Zone",0.13,2
"Not_CT_Zone",0.255,2
"Not_CT_Zone",0.36,2
"Not_CT_Zone",0.53,2
"CT_Zone",0.58,2
"Not_CT_Zone",0.385,2
"CT_Zone",0.615,2
"Not_CT_Zone",0.025,2
"Not_CT_Zone",0.51,2
"Not_CT_Zone",0.05,2
"CT_Zone",0.445,2
"CT_Zone",0.73,2
"Not_CT_Zone",0.2,2
"CT_Zone",0.66,2
"CT_Zone",0.645,2
"Not_CT_Zone",0.46,2
"Not_CT_Zone",0.475,2
"Not_CT_Zone",0.335,2
"CT_Zone",0.82,2
"CT_Zone",0.325,2
"CT_Zone",0.515,2
"CT_Zone",0.43,2
"Not_CT_Zone",0.475,2
"CT_Zone",0.75,2
"CT_Zone",0.65,2
"Not_CT_Zone",0.42,2
"Not_CT_Zone",0.19,2
"Not_CT_Zone",0.015,2
"CT_Zone",0.515,2
"Not_CT_Zone",0.64,2
"Not_CT_Zone",0.47,2
"Not_CT_Zone",0.345,2
"Not_CT_Zone",0.255,2
"Not_CT_Zone",0.365,2
"Not_CT_Zone",0.48,2
"CT_Zone",0.225,2
"Not_CT_Zone",0.185,2
"CT_Zone",0.285,2
"Not_CT_Zone",0.625,2
"Not_CT_Zone",0.69,2
"CT_Zone",0.16,2
"CT_Zone",0.5,2
"CT_Zone",0.365,2
"Not_CT_Zone",0.005,2
"Not_CT_Zone",0.035,2
"Not_CT_Zone",0.75,2
"Not_CT_Zone",0.45,2
"Not_CT_Zone",0.645,2
"Not_CT_Zone",0.365,2
"CT_Zone",0.22,2
"CT_Zone",0.24,2
"CT_Zone",0.515,2
"Not_CT_Zone",0.085,2
"Not_CT_Zone",0.03,2
"CT_Zone",0.83,2
"Not_CT_Zone",0.085,2
"Not_CT_Zone",0.045,2
"Not_CT_Zone",0.345,2
"Not_CT_Zone",0.035,2
"CT_Zone",0.395,2
"Not_CT_Zone",0.01,2
"Not_CT_Zone",0.015,2
"Not_CT_Zone",0.145,2
"Not_CT_Zone",0.135,2
"Not_CT_Zone",0.02,2
"Not_CT_Zone",0.005,2
"Not_CT_Zone",0.52,2
"CT_Zone",0.63,2
"Not_CT_Zone",0.01,2
"Not_CT_Zone",0.06,2
"CT_Zone",0.315,2
"Not_CT_Zone",0.05,2
"Not_CT_Zone",0.04,2
"Not_CT_Zone",0.17,2
"CT_Zone",0.425,2
"Not_CT_Zone",0.565,2
"CT_Zone",0.375,2
"Not_CT_Zone",0.26,2
"CT_Zone",0.66,2
"Not_CT_Zone",0.645,2
"Not_CT_Zone",0.255,2
"Not_CT_Zone",0.17,2
"Not_CT_Zone",0.42,2
"CT_Zone",0.26,2
"Not_CT_Zone",0.375,2
"Not_CT_Zone",0.085,2
"Not_CT_Zone",0.255,2
"Not_CT_Zone",0.62,2
"Not_CT_Zone",0.405,2
"Not_CT_Zone",0.275,2
"Not_CT_Zone",0.095,2
"CT_Zone",0.47,2
"CT_Zone",0.735,2
"Not_CT_Zone",0.345,2
"Not_CT_Zone",0.345,2
"Not_CT_Zone",0.49,2
"Not_CT_Zone",0.545,2
"Not_CT_Zone",0.085,2
"Not_CT_Zone",0.255,2
"CT_Zone",0.72,2
"CT_Zone",0.41,2
"Not_CT_Zone",0.49,2
"CT_Zone",0.425,2
"CT_Zone",0.27,2
"CT_Zone",0.36,2
"Not_CT_Zone",0.365,2
"Not_CT_Zone",0.085,2
"CT_Zone",0.745,2
"CT_Zone",0.545,2
"Not_CT_Zone",0.555,2
"Not_CT_Zone",0.025,2
"Not_CT_Zone",0.605,2
"Not_CT_Zone",0.225,2
"Not_CT_Zone",0.02,2
"Not_CT_Zone",0.47,2
"Not_CT_Zone",0.01,2
"Not_CT_Zone",0.015,2
"Not_CT_Zone",0.16,2
"Not_CT_Zone",0.385,2
"CT_Zone",0.6,2
"Not_CT_Zone",0.03,2
"CT_Zone",0.765,2
"CT_Zone",0.31,2
"CT_Zone",0.465,2
"Not_CT_Zone",0.375,2
"Not_CT_Zone",0.06,2
"Not_CT_Zone",0.005,2
"Not_CT_Zone",0.185,2
"Not_CT_Zone",0.38,2
"CT_Zone",0.425,2
"CT_Zone",0.3,2
"Not_CT_Zone",0.025,2
"Not_CT_Zone",0.065,2
"CT_Zone",0.175,2
"Not_CT_Zone",0.025,2
"Not_CT_Zone",0.04,2
"CT_Zone",0.415,2
"Not_CT_Zone",0.295,2
"Not_CT_Zone",0,2
"Not_CT_Zone",0.23,2
"Not_CT_Zone",0.575,2
"Not_CT_Zone",0.04,2
"Not_CT_Zone",0.7,2
"Not_CT_Zone",0.21,2
"Not_CT_Zone",0.105,2
"Not_CT_Zone",0.59,2
"Not_CT_Zone",0.04,2
"Not_CT_Zone",0.005,2
"Not_CT_Zone",0.045,2
"Not_CT_Zone",0.095,2
"Not_CT_Zone",0.065,2
"Not_CT_Zone",0.385,2
"CT_Zone",0.225,2
"Not_CT_Zone",0.32,2
"CT_Zone",0.49,2
"CT_Zone",0.575,2
"Not_CT_Zone",0.38,2
"Not_CT_Zone",0.51,2
"Not_CT_Zone",0.025,2
"Not_CT_Zone",0.68,2
"Not_CT_Zone",0.025,2
"Not_CT_Zone",0.395,2
"CT_Zone",0.735,2
"Not_CT_Zone",0.03,2
"Not_CT_Zone",0.015,2
"Not_CT_Zone",0.025,2
"Not_CT_Zone",0.21,2
"CT_Zone",0.63,2
"Not_CT_Zone",0.735,2
"CT_Zone",0.435,2
"Not_CT_Zone",0.275,2
"Not_CT_Zone",0.665,2
"CT_Zone",0.275,2
"Not_CT_Zone",0.29,2
"CT_Zone",0.795,2
"Not_CT_Zone",0.51,2
"Not_CT_Zone",0.045,2
"Not_CT_Zone",0.63,2
"Not_CT_Zone",0.13,2
"CT_Zone",0.625,2
"CT_Zone",0.355,2
"Not_CT_Zone",0.23,2
"Not_CT_Zone",0.47,2
"CT_Zone",0.435,2
"CT_Zone",0.34,2
"Not_CT_Zone",0.02,2
"CT_Zone",0.675,2
"Not_CT_Zone",0.04,2
"Not_CT_Zone",0.55,2
"CT_Zone",0.585,2
"CT_Zone",0.16,2
"Not_CT_Zone",0.055,2
"Not_CT_Zone",0.04,2
"CT_Zone",0.485,2
"Not_CT_Zone",0.08,2
"CT_Zone",0.48,2
"Not_CT_Zone",0.27,2
"CT_Zone",0.505,2
"Not_CT_Zone",0.06,2
"Not_CT_Zone",0.06,2
"Not_CT_Zone",0.405,2
"CT_Zone",0.405,2
"CT_Zone",0.475,2
"CT_Zone",0.405,2
"CT_Zone",0.2,2
"Not_CT_Zone",0.295,2
"Not_CT_Zone",0.015,2
"Not_CT_Zone",0.575,2
"Not_CT_Zone",0.5,2
"Not_CT_Zone",0.745,2
"Not_CT_Zone",0.555,2
"CT_Zone",0.235,2
"CT_Zone",0.4,2
"Not_CT_Zone",0.115,2
"Not_CT_Zone",0.02,2
"CT_Zone",0.55,2
"CT_Zone",0.675,2
"CT_Zone",0.63,2
"Not_CT_Zone",0.015,2
"CT_Zone",0.29,2
"Not_CT_Zone",0.705,2
"Not_CT_Zone",0.305,2
"CT_Zone",0.475,2
"Not_CT_Zone",0.11,2
"Not_CT_Zone",0.025,2
"Not_CT_Zone",0.005,2
"Not_CT_Zone",0.025,2
"CT_Zone",0.465,2
"Not_CT_Zone",0.07,2
"CT_Zone",0.695,2
"Not_CT_Zone",0.595,2
"Not_CT_Zone",0.245,2
"Not_CT_Zone",0.065,2
"CT_Zone",0.55,2
"Not_CT_Zone",0.245,2
"Not_CT_Zone",0.21,2
"Not_CT_Zone",0.53,2
"Not_CT_Zone",0.495,2
"Not_CT_Zone",0.225,2
"CT_Zone",0.405,2
"Not_CT_Zone",0.06,2
"Not_CT_Zone",0.11,2
"CT_Zone",0.405,2
"Not_CT_Zone",0.48,2
"CT_Zone",0.79,2
"CT_Zone",0.735,2
"CT_Zone",0.77,2
"CT_Zone",0.56,2
"Not_CT_Zone",0.315,2
"CT_Zone",0.445,2
"Not_CT_Zone",0.235,2
"Not_CT_Zone",0.52,2
"CT_Zone",0.29,2
"CT_Zone",0.62,2
"CT_Zone",0.305,2
"Not_CT_Zone",0.045,2
"Not_CT_Zone",0.665,2
"Not_CT_Zone",0.585,2
"CT_Zone",0.545,2
"Not_CT_Zone",0.15,2
"Not_CT_Zone",0.025,2
"CT_Zone",0.635,2
"Not_CT_Zone",0.565,2
"Not_CT_Zone",0.025,2
"CT_Zone",0.635,2
"Not_CT_Zone",0.2,2
"Not_CT_Zone",0.62,2
"Not_CT_Zone",0.02,2
"Not_CT_Zone",0.565,2
"CT_Zone",0.22,2
"CT_Zone",0.305,2
"CT_Zone",0.415,2
"Not_CT_Zone",0.08,2
"Not_CT_Zone",0.375,2
"CT_Zone",0.55,2
"Not_CT_Zone",0.02,2
"CT_Zone",0.675,2
"Not_CT_Zone",0.055,2
"Not_CT_Zone",0.205,2
"Not_CT_Zone",0.065,2
"Not_CT_Zone",0.14,2
"CT_Zone",0.475,2
"Not_CT_Zone",0.015,2
"Not_CT_Zone",0.01,2
"Not_CT_Zone",0.29,2
"CT_Zone",0.335,2
"Not_CT_Zone",0.25,2
"Not_CT_Zone",0.525,2
"Not_CT_Zone",0.455,2
"Not_CT_Zone",0.49,2
"Not_CT_Zone",0.035,2
"CT_Zone",0.415,2
"Not_CT_Zone",0.035,2
"Not_CT_Zone",0.165,2
"Not_CT_Zone",0.9,2
"CT_Zone",0.13,2
"CT_Zone",0.13,2
"Not_CT_Zone",0.12,2
"Not_CT_Zone",0.49,2
"Not_CT_Zone",0.51,2
"CT_Zone",0.48,2
"CT_Zone",0.595,2
"Not_CT_Zone",0.03,2
"Not_CT_Zone",0.025,2
"Not_CT_Zone",0.42,2
"Not_CT_Zone",0.33,2
"Not_CT_Zone",0.335,2
"CT_Zone",0.215,2
"Not_CT_Zone",0.62,2
"Not_CT_Zone",0.485,2
"CT_Zone",0.12,2
"Not_CT_Zone",0.005,2
"Not_CT_Zone",0.01,2
"CT_Zone",0.67,2
"Not_CT_Zone",0.045,2
"CT_Zone",0.29,2
"CT_Zone",0.67,2
"Not_CT_Zone",0.545,2
"Not_CT_Zone",0.695,2
"Not_CT_Zone",0.02,2
"CT_Zone",0.55,2
"Not_CT_Zone",0.17,2
"Not_CT_Zone",0.065,2
"Not_CT_Zone",0.515,2
"CT_Zone",0.475,2
"Not_CT_Zone",0.045,2
"Not_CT_Zone",0.01,2
"CT_Zone",0.775,2
"Not_CT_Zone",0.235,2
"Not_CT_Zone",0.35,2
"Not_CT_Zone",0.28,2
"CT_Zone",0.28,2
"Not_CT_Zone",0.105,2
"CT_Zone",0.45,2
"CT_Zone",0.345,2
"Not_CT_Zone",0.865,2
"Not_CT_Zone",0.2,2
"CT_Zone",0.27,2
"Not_CT_Zone",0.34,2
"Not_CT_Zone",0.685,2
"CT_Zone",0.54,2
"CT_Zone",0.485,2
"CT_Zone",0.275,2
"Not_CT_Zone",0.005,2
"Not_CT_Zone",0.535,2
"Not_CT_Zone",0.24,2
"Not_CT_Zone",0.49,2
"Not_CT_Zone",0.075,2
"CT_Zone",0.485,2
"CT_Zone",0.48,2
"Not_CT_Zone",0.045,2
"Not_CT_Zone",0.52,2
"Not_CT_Zone",0.745,2
"Not_CT_Zone",0.07,2
"Not_CT_Zone",0.06,2
"CT_Zone",0.59,2
"CT_Zone",0.67,2
"Not_CT_Zone",0.595,2
"Not_CT_Zone",0.52,2
"CT_Zone",0.74,2
"CT_Zone",0.615,2
"Not_CT_Zone",0.025,2
"CT_Zone",0.665,2
"Not_CT_Zone",0.735,2
"CT_Zone",0.375,2
"CT_Zone",0.24,2
"CT_Zone",0.515,2
"Not_CT_Zone",0.095,2
"Not_CT_Zone",0.19,2
"Not_CT_Zone",0.16,2
"Not_CT_Zone",0.08,2
"Not_CT_Zone",0.33,2
"CT_Zone",0.205,2
"Not_CT_Zone",0.005,2
"CT_Zone",0.24,2
"Not_CT_Zone",0.02,2
"Not_CT_Zone",0.045,2
"Not_CT_Zone",0.565,2
"CT_Zone",0.375,2
"Not_CT_Zone",0.54,2
"Not_CT_Zone",0.235,2
"Not_CT_Zone",0.04,2
"Not_CT_Zone",0.08,2
"Not_CT_Zone",0.355,2
"Not_CT_Zone",0.055,2
"CT_Zone",0.355,2
"Not_CT_Zone",0.37,2
"Not_CT_Zone",0.095,2
"CT_Zone",0.345,2
"CT_Zone",0.455,2
"Not_CT_Zone",0.605,2
"CT_Zone",0.605,2
"CT_Zone",0.48,2
"Not_CT_Zone",0.415,2
"CT_Zone",0.23,2
"Not_CT_Zone",0.83,2
"Not_CT_Zone",0.015,2
"Not_CT_Zone",0.255,2
"Not_CT_Zone",0.43,2
"Not_CT_Zone",0.435,2
"Not_CT_Zone",0.06,2
"Not_CT_Zone",0.31,2
"Not_CT_Zone",0.05,2
"Not_CT_Zone",0.38,2
"Not_CT_Zone",0.05,2
"Not_CT_Zone",0.225,2
"Not_CT_Zone",0.505,2
"CT_Zone",0.46,2
"CT_Zone",0.075,2
"Not_CT_Zone",0.195,2
"Not_CT_Zone",0.01,2
"CT_Zone",0.555,2
"CT_Zone",0.45,2
"Not_CT_Zone",0.005,2
"Not_CT_Zone",0.055,2
"Not_CT_Zone",0.01,2
"Not_CT_Zone",0.245,2
"Not_CT_Zone",0.47,2
"Not_CT_Zone",0.02,2
"Not_CT_Zone",0.03,2
"Not_CT_Zone",0.02,2
"CT_Zone",0.675,2
"Not_CT_Zone",0.195,2
"CT_Zone",0.335,2
"Not_CT_Zone",0.49,2
"CT_Zone",0.51,2
"Not_CT_Zone",0.03,2
"Not_CT_Zone",0.69,2
"CT_Zone",0.48,2
"CT_Zone",0.85,2
"Not_CT_Zone",0.67,2
"Not_CT_Zone",0.28,2
"CT_Zone",0.33,2
"CT_Zone",0.63,2
"Not_CT_Zone",0.05,2
"Not_CT_Zone",0.015,2
"Not_CT_Zone",0.605,2
"Not_CT_Zone",0.58,2
"Not_CT_Zone",0.18,2
"Not_CT_Zone",0.05,2
"Not_CT_Zone",0.1,2
"Not_CT_Zone",0.245,2
"Not_CT_Zone",0.13,2
"CT_Zone",0.16,2
"Not_CT_Zone",0.065,2
"Not_CT_Zone",0.595,2
"CT_Zone",0.225,2
"CT_Zone",0.435,2
"CT_Zone",0.375,2
"CT_Zone",0.335,2
"Not_CT_Zone",0.075,2
"CT_Zone",0.18,2
"CT_Zone",0.325,2
"Not_CT_Zone",0.35,2
"Not_CT_Zone",0.08,2
"CT_Zone",0.455,2
"Not_CT_Zone",0.71,2
"Not_CT_Zone",0.405,2
"Not_CT_Zone",0.25,2
"CT_Zone",0.66,2
"Not_CT_Zone",0.06,2
"Not_CT_Zone",0.035,2
"Not_CT_Zone",0.355,2
"Not_CT_Zone",0.175,2
"CT_Zone",0.71,2
"CT_Zone",0.465,2
"CT_Zone",0.225,2
"Not_CT_Zone",0.41,2
"Not_CT_Zone",0.055,2
"CT_Zone",0.62,2
"CT_Zone",0.235,2
"Not_CT_Zone",0.52,2
"Not_CT_Zone",0.2,2
"Not_CT_Zone",0.02,2
"CT_Zone",0.14,2
"Not_CT_Zone",0.04,2
"CT_Zone",0.59,2
"CT_Zone",0.51,2
"CT_Zone",0.22,2
"Not_CT_Zone",0.455,2
"CT_Zone",0.665,2
"Not_CT_Zone",0.21,2
"Not_CT_Zone",0.23,2
"Not_CT_Zone",0.71,2
"Not_CT_Zone",0.02,2
"Not_CT_Zone",0.56,2
"CT_Zone",0.46,2
"Not_CT_Zone",0.205,2
"Not_CT_Zone",0.045,2
"CT_Zone",0.75,2
"CT_Zone",0.775,2
"Not_CT_Zone",0.545,2
"Not_CT_Zone",0.465,2
"Not_CT_Zone",0.055,2
"CT_Zone",0.635,2
"Not_CT_Zone",0.485,2
"Not_CT_Zone",0.61,2
"CT_Zone",0.13,2
"CT_Zone",0.615,2
"Not_CT_Zone",0.015,2
"Not_CT_Zone",0.045,2
"Not_CT_Zone",0.25,2
"CT_Zone",0.58,2
"Not_CT_Zone",0.045,2
"Not_CT_Zone",0.215,2
"Not_CT_Zone",0.29,2
"CT_Zone",0.26,2
"Not_CT_Zone",0.57,2
"Not_CT_Zone",0.455,2
"Not_CT_Zone",0.025,2
"CT_Zone",0.415,2
"CT_Zone",0.585,2
"Not_CT_Zone",0.075,2
"Not_CT_Zone",0.485,2
"CT_Zone",0.48,2
"Not_CT_Zone",0.15,2
"Not_CT_Zone",0.48,2
"Not_CT_Zone",0.065,2
"Not_CT_Zone",0.56,2
"CT_Zone",0.915,2
"CT_Zone",0.595,2
"Not_CT_Zone",0.58,2
"Not_CT_Zone",0.58,2
"Not_CT_Zone",0.055,2
"Not_CT_Zone",0.495,2
"Not_CT_Zone",0.27,2
"Not_CT_Zone",0.025,2
"Not_CT_Zone",0.03,2
"Not_CT_Zone",0.29,2
"CT_Zone",0.35,2
"Not_CT_Zone",0.145,2
"Not_CT_Zone",0.49,2
"Not_CT_Zone",0.605,2
"Not_CT_Zone",0.03,2
"Not_CT_Zone",0.025,2
"CT_Zone",0.37,2
"Not_CT_Zone",0.27,2
"Not_CT_Zone",0.06,2
"CT_Zone",0.385,2
"CT_Zone",0.81,2
"Not_CT_Zone",0.05,2
"Not_CT_Zone",0.425,2
"CT_Zone",0.35,2
"Not_CT_Zone",0.675,2
"Not_CT_Zone",0.41,2
"Not_CT_Zone",0.02,2
"CT_Zone",0.74,2
"CT_Zone",0.325,2
"CT_Zone",0.425,2
"Not_CT_Zone",0.59,2
"Not_CT_Zone",0.025,2
"Not_CT_Zone",0.03,2
"Not_CT_Zone",0.04,2
"CT_Zone",0.74,2
"Not_CT_Zone",0.255,2
"Not_CT_Zone",0.41,2
"CT_Zone",0.585,2
"Not_CT_Zone",0.09,2
"Not_CT_Zone",0.205,2
"Not_CT_Zone",0.485,2
"Not_CT_Zone",0.355,2
"Not_CT_Zone",0.13,2
"CT_Zone",0.25,2
"Not_CT_Zone",0.02,2
"Not_CT_Zone",0.245,2
"CT_Zone",0.165,2
"Not_CT_Zone",0.05,2
"Not_CT_Zone",0.165,2
"Not_CT_Zone",0.005,2
"Not_CT_Zone",0.615,2
"Not_CT_Zone",0.53,2
"Not_CT_Zone",0.46,2
"CT_Zone",0.725,2
"Not_CT_Zone",0.385,2
"Not_CT_Zone",0.495,2
"Not_CT_Zone",0.765,2
"Not_CT_Zone",0.065,2
"Not_CT_Zone",0.015,2
"CT_Zone",0.385,2
"Not_CT_Zone",0.18,2
"CT_Zone",0.28,2
"CT_Zone",0.495,2
"Not_CT_Zone",0.06,2
"Not_CT_Zone",0.06,2
"Not_CT_Zone",0.495,2
"CT_Zone",0.43,2
"CT_Zone",0.33,2
"Not_CT_Zone",0.415,2
"Not_CT_Zone",0.13,2
"CT_Zone",0.41,2
"Not_CT_Zone",0.28,2
"CT_Zone",0.635,2
"CT_Zone",0.44,2
"CT_Zone",0.195,2
"CT_Zone",0.33,2
"CT_Zone",0.43,2
"Not_CT_Zone",0.35,2
"Not_CT_Zone",0.05,2
"Not_CT_Zone",0.025,2
"Not_CT_Zone",0.05,2
"CT_Zone",0.75,2
"Not_CT_Zone",0.705,2
"Not_CT_Zone",0.02,2
"CT_Zone",0.235,2
"CT_Zone",0.43,2
"Not_CT_Zone",0,2
"CT_Zone",0.45,2
"Not_CT_Zone",0.01,2
"Not_CT_Zone",0.08,2
"CT_Zone",0.345,2
"Not_CT_Zone",0.025,2
"Not_CT_Zone",0.04,2
"Not_CT_Zone",0.06,2
"Not_CT_Zone",0.035,2
"CT_Zone",0.65,2
"Not_CT_Zone",0.36,2
"Not_CT_Zone",0.03,2
"Not_CT_Zone",0.395,2
"CT_Zone",0.615,2
"Not_CT_Zone",0.045,2
"Not_CT_Zone",0.61,2
"Not_CT_Zone",0.01,2
"CT_Zone",0.595,2
"CT_Zone",0.5,2
"Not_CT_Zone",0.005,2
"Not_CT_Zone",0.25,2
"Not_CT_Zone",0.07,2
"Not_CT_Zone",0.215,2
"Not_CT_Zone",0.025,2
"Not_CT_Zone",0.165,2
"CT_Zone",0.43,2
"Not_CT_Zone",0.745,2
"CT_Zone",0.56,2
"CT_Zone",0.465,2
"CT_Zone",0.65,2
"CT_Zone",0.575,2
"Not_CT_Zone",0.05,2
"Not_CT_Zone",0.56,2
"Not_CT_Zone",0.6,2
"Not_CT_Zone",0.285,2
"Not_CT_Zone",0.855,2
"Not_CT_Zone",0.02,2
"Not_CT_Zone",0.465,2
"Not_CT_Zone",0.42,2
"Not_CT_Zone",0.56,2
"CT_Zone",0.56,2
"Not_CT_Zone",0.405,2
"Not_CT_Zone",0.44,2
"CT_Zone",0.205,2
"Not_CT_Zone",0.06,2
"Not_CT_Zone",0.455,2
"Not_CT_Zone",0.035,2
"Not_CT_Zone",0.62,2
"CT_Zone",0.18,2
"Not_CT_Zone",0.225,2
"Not_CT_Zone",0.025,2
"CT_Zone",0.73,2
"CT_Zone",0.315,2
"CT_Zone",0.155,2
"Not_CT_Zone",0.015,2
"Not_CT_Zone",0.335,2
"Not_CT_Zone",0.25,2
"CT_Zone",0.705,2
"CT_Zone",0.635,2
"Not_CT_Zone",0.18,2
"Not_CT_Zone",0.005,2
"Not_CT_Zone",0.23,2
"CT_Zone",0.2,2
"Not_CT_Zone",0.19,2
"CT_Zone",0.195,2
"Not_CT_Zone",0.4,2
"Not_CT_Zone",0.48,2
"Not_CT_Zone",0.015,2
"Not_CT_Zone",0.02,2
"Not_CT_Zone",0.1,2
"Not_CT_Zone",0.045,2
"Not_CT_Zone",0.36,2
"Not_CT_Zone",0.455,2
"Not_CT_Zone",0.03,2
"CT_Zone",0.31,2
"Not_CT_Zone",0.225,2
"Not_CT_Zone",0.665,2
"CT_Zone",0.575,2
"CT_Zone",0.74,2
"Not_CT_Zone",0.52,2
"Not_CT_Zone",0.01,2
"Not_CT_Zone",0.47,2
"Not_CT_Zone",0.36,2
"CT_Zone",0.43,2
"Not_CT_Zone",0.56,2
"Not_CT_Zone",0.065,2
"Not_CT_Zone",0.685,2
"CT_Zone",0.49,2
"Not_CT_Zone",0.66,2
"Not_CT_Zone",0.06,2
"Not_CT_Zone",0.25,2
"Not_CT_Zone",0.63,2
"Not_CT_Zone",0.415,2
"CT_Zone",0.58,2
"Not_CT_Zone",0.315,2
"Not_CT_Zone",0.42,2
"Not_CT_Zone",0.675,2
"Not_CT_Zone",0.025,2
"Not_CT_Zone",0.115,2
"Not_CT_Zone",0.055,2
"CT_Zone",0.2,2
"Not_CT_Zone",0.435,2
"CT_Zone",0.52,2
"Not_CT_Zone",0.245,2
"Not_CT_Zone",0.085,2
"CT_Zone",0.735,2
"Not_CT_Zone",0.005,2
"CT_Zone",0.255,2
"Not_CT_Zone",0.505,2
"Not_CT_Zone",0.025,2
"Not_CT_Zone",0.05,2
"Not_CT_Zone",0.065,2
"CT_Zone",0.625,2
"CT_Zone",0.67,2
"Not_CT_Zone",0.46,2
"CT_Zone",0.5,2
"Not_CT_Zone",0.02,2
"Not_CT_Zone",0.33,2
"CT_Zone",0.695,2
"Not_CT_Zone",0.36,2
"Not_CT_Zone",0.51,2
"Not_CT_Zone",0.585,2
"Not_CT_Zone",0.345,2
"CT_Zone",0.82,2
"CT_Zone",0.475,2
"Not_CT_Zone",0.105,2
"Not_CT_Zone",0.305,2
"Not_CT_Zone",0.54,2
"Not_CT_Zone",0.01,2
"CT_Zone",0.545,2
"Not_CT_Zone",0.435,2
"Not_CT_Zone",0.45,2
"CT_Zone",0.41,2
"Not_CT_Zone",0.465,2
"Not_CT_Zone",0.215,2
"CT_Zone",0.815,2
"CT_Zone",0.86,2
"Not_CT_Zone",0.02,2
"CT_Zone",0.335,2
"Not_CT_Zone",0.355,2
"Not_CT_Zone",0.065,2
"Not_CT_Zone",0.045,2
"CT_Zone",0.29,2
"Not_CT_Zone",0.01,2
"Not_CT_Zone",0.095,2
"Not_CT_Zone",0.04,2
"CT_Zone",0.89,2
"Not_CT_Zone",0.44,2
"CT_Zone",0.51,2
"Not_CT_Zone",0.34,2
"CT_Zone",0.555,2
"Not_CT_Zone",0.02,2
"Not_CT_Zone",0.615,2
"Not_CT_Zone",0.355,2
"CT_Zone",0.255,2
"CT_Zone",0.525,2
"Not_CT_Zone",0.045,2
"Not_CT_Zone",0.315,2
"CT_Zone",0.645,2
"CT_Zone",0.6,2
"Not_CT_Zone",0.01,2
"Not_CT_Zone",0.55,2
"Not_CT_Zone",0.435,2
"Not_CT_Zone",0.335,2
"Not_CT_Zone",0.485,2
"Not_CT_Zone",0.205,2
"Not_CT_Zone",0.69,2
"Not_CT_Zone",0.195,2
"Not_CT_Zone",0.05,2
"CT_Zone",0.345,2
"Not_CT_Zone",0.025,2
"CT_Zone",0.775,2
"Not_CT_Zone",0.16,2
"Not_CT_Zone",0.15,2
"Not_CT_Zone",0.515,2
"Not_CT_Zone",0,2
"CT_Zone",0.33,2
"CT_Zone",0.46,2
"CT_Zone",0.62,2
"Not_CT_Zone",0.395,2
"Not_CT_Zone",0.49,2
"CT_Zone",0.75,2
"CT_Zone",0.69,2
"CT_Zone",0.85,2
"Not_CT_Zone",0.06,2
"CT_Zone",0.43,2
"Not_CT_Zone",0.05,2
"Not_CT_Zone",0.545,2
"Not_CT_Zone",0.35,2
"Not_CT_Zone",0.365,2
"CT_Zone",0.285,2
"CT_Zone",0.705,2
"Not_CT_Zone",0.22,2
"Not_CT_Zone",0.05,2
"CT_Zone",0.255,2
"Not_CT_Zone",0.545,2
"CT_Zone",0.715,2
"Not_CT_Zone",0.06,2
"Not_CT_Zone",0.34,2
"Not_CT_Zone",0.02,2
"Not_CT_Zone",0.22,2
"CT_Zone",0.3,2
"Not_CT_Zone",0.465,2
"Not_CT_Zone",0.575,2
"CT_Zone",0.13,2
"Not_CT_Zone",0.435,2
"CT_Zone",0.415,2
"Not_CT_Zone",0.185,2
"Not_CT_Zone",0.47,2
"Not_CT_Zone",0.03,2
"Not_CT_Zone",0.09,2
"Not_CT_Zone",0.205,2
"CT_Zone",0.69,2
"Not_CT_Zone",0.22,2
"Not_CT_Zone",0.545,2
"Not_CT_Zone",0.42,2
"CT_Zone",0.45,2
"Not_CT_Zone",0.105,2
"CT_Zone",0.675,2
"CT_Zone",0.43,2
"Not_CT_Zone",0.015,2
"Not_CT_Zone",0.51,2
"CT_Zone",0.545,2
"Not_CT_Zone",0.08,2
"CT_Zone",0.315,2
"Not_CT_Zone",0.485,2
"Not_CT_Zone",0.56,2
"CT_Zone",0.665,2
"Not_CT_Zone",0.455,2
"CT_Zone",0.255,2
"Not_CT_Zone",0.01,2
"Not_CT_Zone",0.5,2
"CT_Zone",0.835,2
"Not_CT_Zone",0.035,2
"CT_Zone",0.42,2
"Not_CT_Zone",0.065,2
"CT_Zone",0.54,2
"Not_CT_Zone",0.05,2
"Not_CT_Zone",0.35,2
"CT_Zone",0.375,2
"Not_CT_Zone",0.18,2
"Not_CT_Zone",0.505,2
"CT_Zone",0.4,2
"CT_Zone",0.4,2
"CT_Zone",0.41,2
"CT_Zone",0.47,2
"Not_CT_Zone",0.015,2
"Not_CT_Zone",0.325,2
"Not_CT_Zone",0.055,2
"Not_CT_Zone",0.52,2
"CT_Zone",0.39,2
"Not_CT_Zone",0.01,2
"CT_Zone",0.455,2
"Not_CT_Zone",0.34,2
"CT_Zone",0.66,2
"Not_CT_Zone",0.415,2
"Not_CT_Zone",0.21,2
"Not_CT_Zone",0.025,2
"CT_Zone",0.71,2
"Not_CT_Zone",0.055,2
"CT_Zone",0.46,2
"CT_Zone",0.765,2
"Not_CT_Zone",0.025,2
"CT_Zone",0.23,2
"Not_CT_Zone",0.6,2
"Not_CT_Zone",0,2
"Not_CT_Zone",0.615,2
"CT_Zone",0.61,2
"CT_Zone",0.13,2
"Not_CT_Zone",0.41,2
"Not_CT_Zone",0.655,2
"CT_Zone",0.225,2
"Not_CT_Zone",0.505,2
"CT_Zone",0.48,2
"Not_CT_Zone",0.015,2
"Not_CT_Zone",0.03,2
"Not_CT_Zone",0.48,2
"CT_Zone",0.525,2
"Not_CT_Zone",0.095,2
"Not_CT_Zone",0.495,2
"CT_Zone",0.08,2
"Not_CT_Zone",0.22,2
"Not_CT_Zone",0.535,2
"Not_CT_Zone",0.03,2
"Not_CT_Zone",0.77,2
"Not_CT_Zone",0.73,2
"CT_Zone",0.38,2
"Not_CT_Zone",0.105,2
"CT_Zone",0.435,2
"Not_CT_Zone",0.785,2
"Not_CT_Zone",0.215,2
"CT_Zone",0.4,2
"Not_CT_Zone",0.05,2
"Not_CT_Zone",0.805,2
"Not_CT_Zone",0.295,2
"Not_CT_Zone",0.15,2
"Not_CT_Zone",0.05,2
"Not_CT_Zone",0.32,2
"CT_Zone",0.52,2
"Not_CT_Zone",0.505,2
"Not_CT_Zone",0.415,2
"Not_CT_Zone",0.05,2
"Not_CT_Zone",0.165,2
"CT_Zone",0.645,2
"CT_Zone",0.255,2
"CT_Zone",0.565,2
"Not_CT_Zone",0.045,2
"Not_CT_Zone",0.725,2
"Not_CT_Zone",0.455,2
"Not_CT_Zone",0.015,2
"Not_CT_Zone",0.365,2
"Not_CT_Zone",0.31,2
"Not_CT_Zone",0.47,2
"CT_Zone",0.46,2
"CT_Zone",0.35,2
"CT_Zone",0.68,2
"Not_CT_Zone",0.2,2
"Not_CT_Zone",0.28,2
"Not_CT_Zone",0.465,2
"Not_CT_Zone",0.435,2
"CT_Zone",0.395,2
"Not_CT_Zone",0.055,2
"Not_CT_Zone",0.275,2
"Not_CT_Zone",0.05,2
"Not_CT_Zone",0.075,2
"CT_Zone",0.32,2
"CT_Zone",0.375,2
"CT_Zone",0.76,2
"Not_CT_Zone",0.04,2
"Not_CT_Zone",0.38,2
"Not_CT_Zone",0.64,2
"Not_CT_Zone",0.045,2
"Not_CT_Zone",0,2
"Not_CT_Zone",0.52,2
"Not_CT_Zone",0.64,2
"Not_CT_Zone",0.05,2
"Not_CT_Zone",0.025,2
"CT_Zone",0.45,2
"CT_Zone",0.59,2
"Not_CT_Zone",0.42,2
"CT_Zone",0.695,2
"CT_Zone",0.595,2
"Not_CT_Zone",0.3,2
"Not_CT_Zone",0.015,2
"Not_CT_Zone",0.6,2
"Not_CT_Zone",0.55,2
"CT_Zone",0.53,2
"CT_Zone",0.495,2
"CT_Zone",0.265,2
"Not_CT_Zone",0.19,2
"Not_CT_Zone",0.335,2
"Not_CT_Zone",0.405,2
"CT_Zone",0.69,2
"Not_CT_Zone",0.095,2
"Not_CT_Zone",0.085,2
"CT_Zone",0.545,2
"CT_Zone",0.175,2
"Not_CT_Zone",0.69,2
"Not_CT_Zone",0.075,2
"Not_CT_Zone",0.26,2
"Not_CT_Zone",0.46,2
"Not_CT_Zone",0.015,2
"CT_Zone",0.795,2
"CT_Zone",0.41,2
"CT_Zone",0.54,2
"CT_Zone",0.61,2
"Not_CT_Zone",0.725,2
"CT_Zone",0.205,2
"Not_CT_Zone",0.335,2
"Not_CT_Zone",0.285,2
"Not_CT_Zone",0.62,2
"CT_Zone",0.68,2
"CT_Zone",0.435,2
"Not_CT_Zone",0.22,2
"Not_CT_Zone",0.365,2
"CT_Zone",0.615,2
"Not_CT_Zone",0.52,2
"CT_Zone",0.365,2
"Not_CT_Zone",0.41,2
"CT_Zone",0.24,2
"CT_Zone",0.475,2
"Not_CT_Zone",0.06,2
"CT_Zone",0.355,2
"Not_CT_Zone",0.51,2
"CT_Zone",0.46,2
"Not_CT_Zone",0.5,2
"Not_CT_Zone",0.44,2
"CT_Zone",0.47,2
"Not_CT_Zone",0.33,2
"CT_Zone",0.525,2
"CT_Zone",0.38,2
"CT_Zone",0.41,2
"CT_Zone",0.555,2
"Not_CT_Zone",0.435,2
"CT_Zone",0.55,2
"CT_Zone",0.13,2
"Not_CT_Zone",0.24,2
"Not_CT_Zone",0.04,2
"Not_CT_Zone",0.015,2
"Not_CT_Zone",0.35,2
"CT_Zone",0.12,2
"Not_CT_Zone",0.165,2
"Not_CT_Zone",0.06,2
"Not_CT_Zone",0.31,2
"CT_Zone",0.46,2
"Not_CT_Zone",0.53,2
"Not_CT_Zone",0.125,2
"CT_Zone",0.75,2
"CT_Zone",0.485,2
"CT_Zone",0.665,2
"CT_Zone",0.595,2
"CT_Zone",0.59,2
"Not_CT_Zone",0.12,2
"Not_CT_Zone",0.295,2
"Not_CT_Zone",0.35,2
"Not_CT_Zone",0.905,2
"Not_CT_Zone",0.245,2
"CT_Zone",0.44,2
"Not_CT_Zone",0.105,2
"CT_Zone",0.455,2
"CT_Zone",0.69,2
"Not_CT_Zone",0.045,2
"CT_Zone",0.585,2
"CT_Zone",0.335,2
"CT_Zone",0.455,2
"Not_CT_Zone",0.19,2
"CT_Zone",0.75,2
"Not_CT_Zone",0.03,2
"Not_CT_Zone",0.315,2
"CT_Zone",0.54,2
"CT_Zone",0.125,2
"Not_CT_Zone",0.72,2
"Not_CT_Zone",0.01,2
"CT_Zone",0.47,2
"Not_CT_Zone",0.02,2
"Not_CT_Zone",0.15,2
"Not_CT_Zone",0.535,2
"CT_Zone",0.2,2
"CT_Zone",0.63,2
"Not_CT_Zone",0.305,2
"CT_Zone",0.335,2
"Not_CT_Zone",0.055,2
"Not_CT_Zone",0.015,2
"Not_CT_Zone",0.07,2
"CT_Zone",0.66,2
"Not_CT_Zone",0.52,2
"Not_CT_Zone",0.055,2
"Not_CT_Zone",0.015,2
"Not_CT_Zone",0.56,2
"Not_CT_Zone",0.38,2
"Not_CT_Zone",0.435,2
"Not_CT_Zone",0.025,2
"Not_CT_Zone",0.035,2
"Not_CT_Zone",0.505,2
"CT_Zone",0.345,2
"CT_Zone",0.63,2
"Not_CT_Zone",0.59,2
"CT_Zone",0.855,2
"CT_Zone",0.225,2
"CT_Zone",0.645,2
"CT_Zone",0.45,2
"CT_Zone",0.225,2
"Not_CT_Zone",0.295,2
"CT_Zone",0.45,2
"CT_Zone",0.61,2
"Not_CT_Zone",0.38,2
"Not_CT_Zone",0.035,2
"Not_CT_Zone",0.735,2
"Not_CT_Zone",0.475,2
"Not_CT_Zone",0.295,2
"Not_CT_Zone",0.255,2
"CT_Zone",0.605,2
"Not_CT_Zone",0.29,2
"CT_Zone",0.22,2
"Not_CT_Zone",0.015,2
"CT_Zone",0.54,2
"Not_CT_Zone",0.14,2
"Not_CT_Zone",0.325,2
"CT_Zone",0.41,2
"Not_CT_Zone",0.055,2
"CT_Zone",0.62,2
"Not_CT_Zone",0.04,2
"Not_CT_Zone",0.385,2
"CT_Zone",0.505,2
"CT_Zone",0.57,2
"Not_CT_Zone",0.345,2
"Not_CT_Zone",0.365,2
"Not_CT_Zone",0.015,2
"CT_Zone",0.415,2
"Not_CT_Zone",0.005,2
"CT_Zone",0.73,2
"Not_CT_Zone",0.685,2
"CT_Zone",0.23,2
"Not_CT_Zone",0.425,2
"Not_CT_Zone",0.23,2
"Not_CT_Zone",0.035,2
"Not_CT_Zone",0.645,2
"Not_CT_Zone",0.5,2
"CT_Zone",0.62,2
"CT_Zone",0.265,2
"Not_CT_Zone",0.335,2
"Not_CT_Zone",0.39,2
"Not_CT_Zone",0.045,2
"Not_CT_Zone",0.245,2
"Not_CT_Zone",0.05,2
"Not_CT_Zone",0.47,2
"Not_CT_Zone",0.045,2
"CT_Zone",0.455,2
"Not_CT_Zone",0.715,2
"Not_CT_Zone",0.395,2
"CT_Zone",0.875,2
"Not_CT_Zone",0.02,2
"Not_CT_Zone",0.265,2
"Not_CT_Zone",0.265,2
"Not_CT_Zone",0.015,2
"CT_Zone",0.155,2
"Not_CT_Zone",0.07,2
"CT_Zone",0.7,2
"Not_CT_Zone",0.545,2
"Not_CT_Zone",0.56,2
"Not_CT_Zone",0.065,2
"Not_CT_Zone",0.555,2
"Not_CT_Zone",0.065,2
"Not_CT_Zone",0.26,2
"Not_CT_Zone",0.535,2
"CT_Zone",0.68,2
"Not_CT_Zone",0.035,2
"Not_CT_Zone",0.28,2
"CT_Zone",0.42,2
"Not_CT_Zone",0.015,2
"Not_CT_Zone",0.01,2
"Not_CT_Zone",0.01,2
"CT_Zone",0.485,2
"CT_Zone",0.545,2
"Not_CT_Zone",0.49,2
"Not_CT_Zone",0.04,2
"Not_CT_Zone",0.325,2
"Not_CT_Zone",0.275,2
"Not_CT_Zone",0.48,2
"CT_Zone",0.29,2
"Not_CT_Zone",0.37,2
"Not_CT_Zone",0.055,2
"CT_Zone",0.56,2
"CT_Zone",0.14,2
"Not_CT_Zone",0.385,2
"Not_CT_Zone",0.04,2
"Not_CT_Zone",0.02,2
"Not_CT_Zone",0.03,2
"Not_CT_Zone",0.07,2
"Not_CT_Zone",0.145,2
"Not_CT_Zone",0.015,2
"Not_CT_Zone",0.02,2
"CT_Zone",0.495,2
"Not_CT_Zone",0.685,2
"CT_Zone",0.185,2
"Not_CT_Zone",0.3,2
"CT_Zone",0.61,2
"Not_CT_Zone",0.405,2
"Not_CT_Zone",0,2
"CT_Zone",0.62,2
"Not_CT_Zone",0.005,2
"CT_Zone",0.785,2
"Not_CT_Zone",0.855,2
"Not_CT_Zone",0.55,2
"Not_CT_Zone",0.42,2
"Not_CT_Zone",0.055,2
"Not_CT_Zone",0.125,2
"CT_Zone",0.51,2
"CT_Zone",0.57,2
"Not_CT_Zone",0.23,2
"Not_CT_Zone",0.05,2
"CT_Zone",0.49,2
"Not_CT_Zone",0.495,2
"Not_CT_Zone",0.24,2
"Not_CT_Zone",0.21,2
"Not_CT_Zone",0.02,2
"Not_CT_Zone",0.035,2
"Not_CT_Zone",0.335,2
"Not_CT_Zone",0.29,2
"Not_CT_Zone",0.05,2
"CT_Zone",0.67,2
"CT_Zone",0.4,2
"CT_Zone",0.39,2
"Not_CT_Zone",0.065,2
"Not_CT_Zone",0.32,2
"Not_CT_Zone",0.555,2
"CT_Zone",0.315,2
"Not_CT_Zone",0.32,2
"Not_CT_Zone",0.04,2
"CT_Zone",0.45,2
"Not_CT_Zone",0.235,2
"CT_Zone",0.635,2
"CT_Zone",0.68,2
"Not_CT_Zone",0.5,2
"CT_Zone",0.715,2
"Not_CT_Zone",0.115,2
"Not_CT_Zone",0.095,2
"Not_CT_Zone",0.345,2
"Not_CT_Zone",0.035,2
"CT_Zone",0.425,2
"Not_CT_Zone",0.535,2
"CT_Zone",0.65,2
"Not_CT_Zone",0.24,2
"Not_CT_Zone",0.125,2
"CT_Zone",0.64,2
"Not_CT_Zone",0.38,2
"Not_CT_Zone",0.665,2
"CT_Zone",0.82,2
"CT_Zone",0.265,2
"Not_CT_Zone",0.655,2
"Not_CT_Zone",0.015,2
"CT_Zone",0.13,2
"CT_Zone",0.44,2
"CT_Zone",0.05,2
"Not_CT_Zone",0.05,2
"Not_CT_Zone",0.405,2
"CT_Zone",0.66,2
"Not_CT_Zone",0.205,2
"Not_CT_Zone",0.04,2
"CT_Zone",0.395,2
"CT_Zone",0.615,2
"CT_Zone",0.41,2
"Not_CT_Zone",0.46,2
"CT_Zone",0.285,2
"CT_Zone",0.835,2
"CT_Zone",0.155,2
"Not_CT_Zone",0.025,2
"CT_Zone",0.795,2
"Not_CT_Zone",0.02,2
"Not_CT_Zone",0.04,2
"Not_CT_Zone",0.45,2
"Not_CT_Zone",0.375,2
"CT_Zone",0.375,2
"CT_Zone",0.375,2
"Not_CT_Zone",0.14,2
"Not_CT_Zone",0.135,2
"Not_CT_Zone",0.355,2
"Not_CT_Zone",0.01,2
"Not_CT_Zone",0.035,2
"Not_CT_Zone",0.315,2
"CT_Zone",0.285,2
"CT_Zone",0.33,2
"Not_CT_Zone",0.585,2
"CT_Zone",0.72,2
"Not_CT_Zone",0.385,2
"Not_CT_Zone",0.745,2
"CT_Zone",0.285,2
"Not_CT_Zone",0.68,2
"CT_Zone",0.18,2
"Not_CT_Zone",0.655,2
"CT_Zone",0.57,2
"Not_CT_Zone",0.19,2
"CT_Zone",0.06,2
"Not_CT_Zone",0.545,2
"CT_Zone",0.66,2
"Not_CT_Zone",0.055,2
"Not_CT_Zone",0.535,2
"CT_Zone",0.15,2
"Not_CT_Zone",0.145,2
"Not_CT_Zone",0.035,2
"Not_CT_Zone",0.445,2
"CT_Zone",0.54,2
"Not_CT_Zone",0.01,2
"Not_CT_Zone",0.07,2
"Not_CT_Zone",0.285,2
"CT_Zone",0.535,2
"Not_CT_Zone",0.375,2
"Not_CT_Zone",0.055,2
"Not_CT_Zone",0.275,2
"CT_Zone",0.15,2
"Not_CT_Zone",0.095,2
"CT_Zone",0.31,2
"Not_CT_Zone",0.695,2
"CT_Zone",0.16,2
"Not_CT_Zone",0.385,2
"CT_Zone",0.245,2
"Not_CT_Zone",0.59,2
"Not_CT_Zone",0.05,2
"CT_Zone",0.73,2
"Not_CT_Zone",0.495,2
"Not_CT_Zone",0.525,2
"CT_Zone",0.41,2
"Not_CT_Zone",0.395,2
"Not_CT_Zone",0.425,2
"Not_CT_Zone",0.475,2
"CT_Zone",0.55,2
"Not_CT_Zone",0.01,2
"Not_CT_Zone",0.68,2
"Not_CT_Zone",0.61,2
"Not_CT_Zone",0.02,2
"Not_CT_Zone",0.005,2
"CT_Zone",0.305,2
"Not_CT_Zone",0.21,2
"CT_Zone",0.07,2
"Not_CT_Zone",0.19,2
"CT_Zone",0.6,2
"Not_CT_Zone",0.5,2
"Not_CT_Zone",0.365,2
"Not_CT_Zone",0.015,2
"CT_Zone",0.25,2
"CT_Zone",0.565,2
"Not_CT_Zone",0.01,2
"CT_Zone",0.815,2
"CT_Zone",0.45,2
"CT_Zone",0.265,2
"Not_CT_Zone",0.07,2
"Not_CT_Zone",0.13,2
"Not_CT_Zone",0.305,2
"CT_Zone",0.825,2
"CT_Zone",0.33,2
"Not_CT_Zone",0.215,2
"Not_CT_Zone",0.015,2
"CT_Zone",0.465,2
"CT_Zone",0.495,2
"Not_CT_Zone",0,2
"CT_Zone",0.345,2
"CT_Zone",0.81,2
"CT_Zone",0.24,2
"Not_CT_Zone",0.25,2
"Not_CT_Zone",0.055,2
"CT_Zone",0.745,2
"Not_CT_Zone",0.095,2
"Not_CT_Zone",0.055,2
"Not_CT_Zone",0.065,2
"CT_Zone",0.645,2
"CT_Zone",0.81,2
"Not_CT_Zone",0.285,2
"Not_CT_Zone",0.2,2
"CT_Zone",0.445,2
"CT_Zone",0.51,2
"CT_Zone",0.82,2
"Not_CT_Zone",0.28,2
"CT_Zone",0.66,2
"CT_Zone",0.575,2
"Not_CT_Zone",0.575,2
"Not_CT_Zone",0.095,2
"CT_Zone",0.53,2
"Not_CT_Zone",0.065,2
"Not_CT_Zone",0.02,2
"CT_Zone",0.56,2
"CT_Zone",0.575,2
"CT_Zone",0.29,2
"Not_CT_Zone",0.45,2
"Not_CT_Zone",0.465,2
"Not_CT_Zone",0.03,2
"Not_CT_Zone",0.09,2
"CT_Zone",0.83,2
"CT_Zone",0.355,2
"Not_CT_Zone",0.19,2
"Not_CT_Zone",0.7,2
"Not_CT_Zone",0.625,2
"Not_CT_Zone",0.055,2
"Not_CT_Zone",0.02,2
"Not_CT_Zone",0.005,2
"Not_CT_Zone",0.065,2
"CT_Zone",0.485,2
"Not_CT_Zone",0.32,2
"Not_CT_Zone",0.06,2
"Not_CT_Zone",0.575,2
"Not_CT_Zone",0.005,2
"Not_CT_Zone",0.325,2
"Not_CT_Zone",0.03,2
"CT_Zone",0.74,2
"Not_CT_Zone",0.055,2
"CT_Zone",0.4,2
"Not_CT_Zone",0.58,2
"Not_CT_Zone",0.1,2
"CT_Zone",0.405,2
"Not_CT_Zone",0.095,2
"CT_Zone",0.245,2
"Not_CT_Zone",0.555,2
"Not_CT_Zone",0.57,2
"Not_CT_Zone",0.06,2
"CT_Zone",0.255,2
"Not_CT_Zone",0.015,2
"Not_CT_Zone",0.505,2
"Not_CT_Zone",0.385,2
"Not_CT_Zone",0.035,2
"Not_CT_Zone",0.39,2
"Not_CT_Zone",0.065,2
"Not_CT_Zone",0.19,2
"Not_CT_Zone",0.04,2
"CT_Zone",0.225,2
"Not_CT_Zone",0.28,2
"Not_CT_Zone",0.205,2
"Not_CT_Zone",0.22,2
"Not_CT_Zone",0.595,2
"CT_Zone",0.52,2
"Not_CT_Zone",0.48,2
"Not_CT_Zone",0.17,2
"Not_CT_Zone",0.425,2
"Not_CT_Zone",0.49,2
"CT_Zone",0.295,2
"CT_Zone",0.4,2
"Not_CT_Zone",0.14,2
"CT_Zone",0.665,2
"Not_CT_Zone",0.435,2
"Not_CT_Zone",0.12,2
"Not_CT_Zone",0.75,2
"CT_Zone",0.525,2
"Not_CT_Zone",0.305,2
"CT_Zone",0.735,2
"CT_Zone",0.28,2
"Not_CT_Zone",0.065,2
"CT_Zone",0.905,2
"Not_CT_Zone",0.375,2
"Not_CT_Zone",0.25,2
"CT_Zone",0.52,2
"CT_Zone",0.745,2
"Not_CT_Zone",0.37,2
"CT_Zone",0.81,2
"Not_CT_Zone",0.275,2
"CT_Zone",0.49,2
"Not_CT_Zone",0.53,2
"CT_Zone",0.295,2
"Not_CT_Zone",0.195,2
"Not_CT_Zone",0.31,2
"Not_CT_Zone",0.03,2
"Not_CT_Zone",0.155,2
"Not_CT_Zone",0.06,2
"CT_Zone",0.015,2
"CT_Zone",0.62,2
"Not_CT_Zone",0.555,2
"Not_CT_Zone",0.13,2
"Not_CT_Zone",0.015,2
"Not_CT_Zone",0.04,2
"Not_CT_Zone",0.16,2
"CT_Zone",0.325,2
"Not_CT_Zone",0.095,2
"CT_Zone",0.56,2
"CT_Zone",0.41,2
"CT_Zone",0.42,2
"CT_Zone",0.525,2
"Not_CT_Zone",0.46,2
"Not_CT_Zone",0.365,2
"Not_CT_Zone",0.5,2
"Not_CT_Zone",0.205,2
"Not_CT_Zone",0.005,2
"Not_CT_Zone",0.245,2
"Not_CT_Zone",0.015,2
"Not_CT_Zone",0.01,2
"Not_CT_Zone",0.58,2
"Not_CT_Zone",0.065,2
"Not_CT_Zone",0.025,2
"CT_Zone",0.73,2
"Not_CT_Zone",0.095,2
"Not_CT_Zone",0.145,2
"Not_CT_Zone",0.115,2
"CT_Zone",0.63,2
"CT_Zone",0.59,2
"CT_Zone",0.24,2
"Not_CT_Zone",0.8,2
"CT_Zone",0.58,2
"CT_Zone",0.56,2
"Not_CT_Zone",0.495,2
"CT_Zone",0.46,2
"CT_Zone",0.415,2
"CT_Zone",0.675,2
"CT_Zone",0.81,2
"Not_CT_Zone",0.035,2
"Not_CT_Zone",0.62,2
"Not_CT_Zone",0.585,2
"Not_CT_Zone",0.17,2
"Not_CT_Zone",0.355,2
"Not_CT_Zone",0.035,2
"CT_Zone",0.265,2
"Not_CT_Zone",0.55,2
"Not_CT_Zone",0.02,2
"Not_CT_Zone",0.005,2
"CT_Zone",0.435,2
"CT_Zone",0.385,2
"Not_CT_Zone",0.31,2
"Not_CT_Zone",0.045,2
"CT_Zone",0.53,2
"Not_CT_Zone",0.04,2
"CT_Zone",0.535,2
"Not_CT_Zone",0.02,2
"CT_Zone",0.725,2
"CT_Zone",0.625,2
"Not_CT_Zone",0.17,2
"Not_CT_Zone",0.02,2
"Not_CT_Zone",0.18,2
"Not_CT_Zone",0.285,2
"Not_CT_Zone",0.585,2
"Not_CT_Zone",0.42,2
"CT_Zone",0.355,2
"Not_CT_Zone",0.555,2
"Not_CT_Zone",0.39,2
"Not_CT_Zone",0.19,2
"CT_Zone",0.735,2
"Not_CT_Zone",0.52,2
"CT_Zone",0.775,2
"Not_CT_Zone",0.43,2
"Not_CT_Zone",0.04,2
"Not_CT_Zone",0.045,2
"CT_Zone",0.48,2
"CT_Zone",0.47,2
"CT_Zone",0.53,2
"Not_CT_Zone",0.06,2
"CT_Zone",0.68,2
"Not_CT_Zone",0.04,2
"Not_CT_Zone",0.34,2
"Not_CT_Zone",0.625,2
"CT_Zone",0.185,2
"Not_CT_Zone",0.625,2
"CT_Zone",0.49,2
"Not_CT_Zone",0.525,2
"Not_CT_Zone",0.055,2
"Not_CT_Zone",0.525,2
"CT_Zone",0.205,2
"CT_Zone",0.42,2
"CT_Zone",0.37,2
"CT_Zone",0.365,2
"Not_CT_Zone",0.72,2
"Not_CT_Zone",0.065,2
"Not_CT_Zone",0.57,2
"Not_CT_Zone",0.735,2
"Not_CT_Zone",0.72,2
"Not_CT_Zone",0.095,2
"CT_Zone",0.58,2
"Not_CT_Zone",0.055,2
"Not_CT_Zone",0.185,2
"CT_Zone",0.48,2
"Not_CT_Zone",0.03,2
"CT_Zone",0.4,2
"Not_CT_Zone",0.71,2
"Not_CT_Zone",0.025,2
"CT_Zone",0.635,2
"Not_CT_Zone",0.48,2
"Not_CT_Zone",0.61,2
"CT_Zone",0.65,2
"Not_CT_Zone",0.055,2
"Not_CT_Zone",0.01,2
"CT_Zone",0.73,2
"Not_CT_Zone",0.34,2
"Not_CT_Zone",0.515,2
"CT_Zone",0.44,2
"Not_CT_Zone",0.225,2
"Not_CT_Zone",0.36,2
"CT_Zone",0.2,2
"Not_CT_Zone",0.315,2
"Not_CT_Zone",0.415,2
"Not_CT_Zone",0.59,2
"CT_Zone",0.345,2
"Not_CT_Zone",0.39,2
"Not_CT_Zone",0.57,2
"Not_CT_Zone",0.015,2
"Not_CT_Zone",0.575,2
"Not_CT_Zone",0.595,2
"CT_Zone",0.53,2
"Not_CT_Zone",0.005,2
"Not_CT_Zone",0.03,2
"Not_CT_Zone",0.06,2
"Not_CT_Zone",0.67,2
"Not_CT_Zone",0.035,2
"Not_CT_Zone",0.205,2
"Not_CT_Zone",0.045,2
"CT_Zone",0.75,2
"CT_Zone",0.295,2
"Not_CT_Zone",0.095,2
"Not_CT_Zone",0.065,2
"Not_CT_Zone",0.2,2
"CT_Zone",0.635,2
"CT_Zone",0.52,2
"CT_Zone",0.315,2
"Not_CT_Zone",0.03,2
"Not_CT_Zone",0.045,2
"Not_CT_Zone",0.065,2
"CT_Zone",0.37,2
"Not_CT_Zone",0.545,2
"CT_Zone",0.51,2
"Not_CT_Zone",0.02,2
"Not_CT_Zone",0.345,2
"Not_CT_Zone",0.285,2
"CT_Zone",0.325,2
"Not_CT_Zone",0.05,2
"Not_CT_Zone",0.28,2
"Not_CT_Zone",0.145,2
"Not_CT_Zone",0.625,2
"Not_CT_Zone",0.15,2
"CT_Zone",0.525,2
"CT_Zone",0.355,2
"Not_CT_Zone",0.52,2
"Not_CT_Zone",0.68,2
"Not_CT_Zone",0.285,2
"CT_Zone",0.595,2
"Not_CT_Zone",0.67,2
"CT_Zone",0.585,2
"Not_CT_Zone",0.01,2
"Not_CT_Zone",0.25,2
"Not_CT_Zone",0.02,2
"Not_CT_Zone",0.235,2
"Not_CT_Zone",0.095,2
"Not_CT_Zone",0.47,2
"Not_CT_Zone",0.855,2
"Not_CT_Zone",0.155,2
"CT_Zone",0.715,2
"Not_CT_Zone",0.03,2
"CT_Zone",0.89,2
"Not_CT_Zone",0.01,2
"Not_CT_Zone",0.005,2
"Not_CT_Zone",0.025,2
"Not_CT_Zone",0.025,2
"Not_CT_Zone",0.05,2
"CT_Zone",0.59,2
"Not_CT_Zone",0.09,2
"Not_CT_Zone",0.04,2
"CT_Zone",0.57,2
"Not_CT_Zone",0.46,2
"Not_CT_Zone",0.5,2
"Not_CT_Zone",0.025,2
"Not_CT_Zone",0.505,2
"Not_CT_Zone",0.575,2
"CT_Zone",0.245,2
"Not_CT_Zone",0.165,2
"CT_Zone",0.665,2
"Not_CT_Zone",0.19,2
"CT_Zone",0.2,2
"Not_CT_Zone",0.23,2
"Not_CT_Zone",0.01,2
"Not_CT_Zone",0.185,2
"Not_CT_Zone",0.47,2
"Not_CT_Zone",0.225,2
"Not_CT_Zone",0.155,2
"Not_CT_Zone",0.715,2
"Not_CT_Zone",0.015,2
"CT_Zone",0.62,2
"CT_Zone",0.595,2
"CT_Zone",0.505,2
"Not_CT_Zone",0.31,2
"Not_CT_Zone",0.045,2
"Not_CT_Zone",0.69,2
"Not_CT_Zone",0.315,2
"Not_CT_Zone",0.055,2
"CT_Zone",0.37,2
"Not_CT_Zone",0.31,2
"Not_CT_Zone",0.565,2
"CT_Zone",0.485,2
"Not_CT_Zone",0.165,2
"Not_CT_Zone",0.36,2
"CT_Zone",0.42,2
"Not_CT_Zone",0.65,2
"CT_Zone",0.52,2
"Not_CT_Zone",0.05,2
"Not_CT_Zone",0.39,2
"Not_CT_Zone",0,2
"Not_CT_Zone",0.475,2
"CT_Zone",0.215,2
"CT_Zone",0.47,2
"Not_CT_Zone",0.05,2
"Not_CT_Zone",0.045,2
"Not_CT_Zone",0.635,2
"Not_CT_Zone",0.025,2
"CT_Zone",0.895,2
"Not_CT_Zone",0.195,2
"Not_CT_Zone",0.02,2
"Not_CT_Zone",0.03,2
"Not_CT_Zone",0.075,2
"CT_Zone",0.505,2
"Not_CT_Zone",0.61,2
"CT_Zone",0.23,2
"Not_CT_Zone",0.1,2
"Not_CT_Zone",0.045,2
"Not_CT_Zone",0.035,2
"Not_CT_Zone",0.105,2
"Not_CT_Zone",0.03,2
"Not_CT_Zone",0.305,2
"Not_CT_Zone",0.135,2
"CT_Zone",0.645,2
"CT_Zone",0.23,2
"Not_CT_Zone",0.16,2
"Not_CT_Zone",0.585,2
"Not_CT_Zone",0.03,2
"CT_Zone",0.61,2
"Not_CT_Zone",0.36,2
"Not_CT_Zone",0.35,2
"CT_Zone",0.795,2
"Not_CT_Zone",0.24,2
"Not_CT_Zone",0.265,2
"CT_Zone",0.45,2
"Not_CT_Zone",0.14,2
"Not_CT_Zone",0.425,2
"CT_Zone",0.33,2
"Not_CT_Zone",0.66,2
"Not_CT_Zone",0.05,2
"CT_Zone",0.23,2
"CT_Zone",0.145,2
"Not_CT_Zone",0.03,2
"CT_Zone",0.3,2
"Not_CT_Zone",0.08,2
"Not_CT_Zone",0.505,2
"Not_CT_Zone",0.05,2
"CT_Zone",0.38,2
"Not_CT_Zone",0.71,2
"Not_CT_Zone",0.495,2
"CT_Zone",0.56,2
"Not_CT_Zone",0.01,2
"CT_Zone",0.765,2
"Not_CT_Zone",0.34,2
"Not_CT_Zone",0,2
"CT_Zone",0.72,2
"Not_CT_Zone",0.52,2
"Not_CT_Zone",0.025,2
"Not_CT_Zone",0.01,2
"Not_CT_Zone",0.145,2
"Not_CT_Zone",0.55,2
"Not_CT_Zone",0.04,2
"Not_CT_Zone",0.715,2
"Not_CT_Zone",0.505,2
"Not_CT_Zone",0.06,2
"Not_CT_Zone",0.59,2
"Not_CT_Zone",0.6,2
"Not_CT_Zone",0.635,2
"CT_Zone",0.005,2
"Not_CT_Zone",0.41,2
"CT_Zone",0.515,2
"CT_Zone",0.755,2
"Not_CT_Zone",0.32,2
"Not_CT_Zone",0.58,2
"Not_CT_Zone",0.58,2
"Not_CT_Zone",0.715,2
"Not_CT_Zone",0.435,2
"CT_Zone",0.625,2
"CT_Zone",0.71,2
"Not_CT_Zone",0.055,2
"CT_Zone",0.18,2
"Not_CT_Zone",0.415,2
"CT_Zone",0.795,2
"CT_Zone",0.155,2
"Not_CT_Zone",0.03,2
"CT_Zone",0.155,2
"CT_Zone",0.5,2
"Not_CT_Zone",0.005,2
"Not_CT_Zone",0.3,2
"CT_Zone",0.51,2
"CT_Zone",0.795,2
"Not_CT_Zone",0.395,2
"CT_Zone",0.7,2
"Not_CT_Zone",0.045,2
"CT_Zone",0.715,2
"CT_Zone",0.66,2
"Not_CT_Zone",0.02,2
"Not_CT_Zone",0.05,2
"Not_CT_Zone",0.18,2
"Not_CT_Zone",0.065,2
"Not_CT_Zone",0.26,2
"Not_CT_Zone",0.475,2
"CT_Zone",0.455,2
"Not_CT_Zone",0.005,2
"Not_CT_Zone",0.295,2
"CT_Zone",0.485,2
"Not_CT_Zone",0.42,2
"CT_Zone",0.555,2
"Not_CT_Zone",0.61,2
"Not_CT_Zone",0.335,2
"CT_Zone",0.455,2
"Not_CT_Zone",0.55,2
"CT_Zone",0.375,2
"Not_CT_Zone",0.045,2
"CT_Zone",0.84,2
"CT_Zone",0.585,2
"CT_Zone",0.835,2
"CT_Zone",0.48,2
"CT_Zone",0.63,2
"Not_CT_Zone",0.015,2
"Not_CT_Zone",0.12,2
"Not_CT_Zone",0.005,2
"CT_Zone",0.74,2
"CT_Zone",0.49,2
"CT_Zone",0.735,2
"Not_CT_Zone",0.465,2
"CT_Zone",0.59,2
"CT_Zone",0.32,2
"Not_CT_Zone",0.03,2
"Not_CT_Zone",0.345,2
"CT_Zone",0.74,2
"Not_CT_Zone",0.295,2
"Not_CT_Zone",0.015,2
"CT_Zone",0.26,2
"Not_CT_Zone",0.2,2
"Not_CT_Zone",0.07,2
"Not_CT_Zone",0.02,2
"Not_CT_Zone",0.655,2
"Not_CT_Zone",0.005,2
"Not_CT_Zone",0.61,2
"Not_CT_Zone",0.055,2
"Not_CT_Zone",0.035,2
"Not_CT_Zone",0.69,2
"Not_CT_Zone",0.095,2
"Not_CT_Zone",0.58,2
"Not_CT_Zone",0.165,2
"CT_Zone",0.45,2
"Not_CT_Zone",0.2,2
"CT_Zone",0.43,2
"Not_CT_Zone",0.025,2
"CT_Zone",0.485,2
"Not_CT_Zone",0.64,2
"Not_CT_Zone",0.035,2
"Not_CT_Zone",0.02,2
"CT_Zone",0.655,2
"Not_CT_Zone",0.01,2
"CT_Zone",0.405,2
"Not_CT_Zone",0.34,2
"Not_CT_Zone",0.065,2
"CT_Zone",0.18,2
"CT_Zone",0.565,2
"CT_Zone",0.53,2
"CT_Zone",0.72,2
"CT_Zone",0.21,2
"Not_CT_Zone",0.725,2
"CT_Zone",0.51,2
"CT_Zone",0.67,2
"Not_CT_Zone",0.69,2
"Not_CT_Zone",0.445,2
"Not_CT_Zone",0.01,2
"Not_CT_Zone",0.04,2
"Not_CT_Zone",0.235,2
"CT_Zone",0.725,2
"Not_CT_Zone",0.225,2
"CT_Zone",0.395,2
"Not_CT_Zone",0.205,2
"Not_CT_Zone",0.025,2
"CT_Zone",0.58,2
"Not_CT_Zone",0.32,2
"CT_Zone",0.45,2
"Not_CT_Zone",0.115,2
"Not_CT_Zone",0.01,2
"Not_CT_Zone",0.655,2
"CT_Zone",0.12,2
"CT_Zone",0.665,2
"Not_CT_Zone",0.04,2
"CT_Zone",0.345,2
"CT_Zone",0.23,2
"Not_CT_Zone",0.17,2
"Not_CT_Zone",0.05,2
"CT_Zone",0.165,2
"CT_Zone",0.52,2
"Not_CT_Zone",0.44,2
"CT_Zone",0.2,2
"Not_CT_Zone",0.415,2
"Not_CT_Zone",0.345,2
"Not_CT_Zone",0.16,2
"Not_CT_Zone",0.2,2
"Not_CT_Zone",0.03,2
"Not_CT_Zone",0.005,2
"CT_Zone",0.35,2
"CT_Zone",0.285,2
"CT_Zone",0.465,2
"Not_CT_Zone",0.52,2
"Not_CT_Zone",0.015,2
"Not_CT_Zone",0.405,2
"Not_CT_Zone",0.015,2
"CT_Zone",0.27,2
"CT_Zone",0.375,2
"Not_CT_Zone",0.635,2
"Not_CT_Zone",0.105,2
"Not_CT_Zone",0.49,2
"Not_CT_Zone",0.02,2
"CT_Zone",0.82,2
"CT_Zone",0.525,2
"Not_CT_Zone",0.405,2
"Not_CT_Zone",0.035,2
"Not_CT_Zone",0.045,2
"Not_CT_Zone",0.325,2
"CT_Zone",0.155,2
"CT_Zone",0.205,2
"Not_CT_Zone",0.735,2
"Not_CT_Zone",0.01,2
"CT_Zone",0.37,2
"CT_Zone",0.595,2
"CT_Zone",0.665,2
"Not_CT_Zone",0.625,2
"Not_CT_Zone",0.43,2
"Not_CT_Zone",0.01,2
"Not_CT_Zone",0.05,2
"CT_Zone",0.34,2
"Not_CT_Zone",0.29,2
"CT_Zone",0.27,2
"CT_Zone",0.3,2
"CT_Zone",0.52,2
"CT_Zone",0.385,2
"CT_Zone",0.375,2
"CT_Zone",0.415,2
"Not_CT_Zone",0.12,2
"Not_CT_Zone",0.025,2
"CT_Zone",0.23,2
"CT_Zone",0.235,2
"Not_CT_Zone",0.275,2
"Not_CT_Zone",0.03,2
"Not_CT_Zone",0.085,2
"Not_CT_Zone",0.055,2
"Not_CT_Zone",0.09,2
"Not_CT_Zone",0.19,2
"Not_CT_Zone",0.59,2
"CT_Zone",0.505,2
"Not_CT_Zone",0.095,2
"Not_CT_Zone",0.475,2
"CT_Zone",0.305,2
"CT_Zone",0.65,2
"CT_Zone",0.78,2
"Not_CT_Zone",0.115,2
"Not_CT_Zone",0.135,2
"Not_CT_Zone",0.02,2
"Not_CT_Zone",0.245,2
"Not_CT_Zone",0.615,2
"Not_CT_Zone",0.4,2
"Not_CT_Zone",0.365,2
"Not_CT_Zone",0.37,2
"Not_CT_Zone",0.545,2
"Not_CT_Zone",0.45,2
"CT_Zone",0.73,2
"CT_Zone",0.54,2
"CT_Zone",0.46,2
"Not_CT_Zone",0.445,2
"Not_CT_Zone",0.02,2
"CT_Zone",0.395,2
"Not_CT_Zone",0.43,2
"Not_CT_Zone",0.045,2
"CT_Zone",0.595,2
"CT_Zone",0.505,2
"Not_CT_Zone",0.07,2
"Not_CT_Zone",0.585,2
"Not_CT_Zone",0.24,2
"Not_CT_Zone",0.515,2
"CT_Zone",0.505,2
"Not_CT_Zone",0.225,2
"Not_CT_Zone",0.27,2
"CT_Zone",0.545,2
"CT_Zone",0.385,2
"CT_Zone",0.295,2
"Not_CT_Zone",0.045,2
"CT_Zone",0.32,2
"Not_CT_Zone",0.01,2
"CT_Zone",0.28,2
"Not_CT_Zone",0.005,2
"Not_CT_Zone",0.1,2
"CT_Zone",0.4,2
"CT_Zone",0.635,2
"CT_Zone",0.39,2
"Not_CT_Zone",0.515,2
"CT_Zone",0.565,2
"Not_CT_Zone",0.2,2
"CT_Zone",0.47,2
"CT_Zone",0.4,2
"Not_CT_Zone",0.505,2
"Not_CT_Zone",0.055,2
"CT_Zone",0.295,2
"Not_CT_Zone",0.56,2
"Not_CT_Zone",0.16,2
"Not_CT_Zone",0.255,2
"Not_CT_Zone",0.57,2
"Not_CT_Zone",0.025,2
"Not_CT_Zone",0.345,2
"Not_CT_Zone",0.045,2
"Not_CT_Zone",0.115,2
"Not_CT_Zone",0.055,2
"Not_CT_Zone",0.57,2
"CT_Zone",0.685,2
"Not_CT_Zone",0.475,2
"Not_CT_Zone",0.17,2
"Not_CT_Zone",0.025,2
"Not_CT_Zone",0.175,2
"CT_Zone",0.28,2
"Not_CT_Zone",0.815,2
"Not_CT_Zone",0.045,2
"Not_CT_Zone",0.025,2
"Not_CT_Zone",0.565,2
"CT_Zone",0.76,2
"Not_CT_Zone",0.065,2
"Not_CT_Zone",0.04,2
"Not_CT_Zone",0.415,2
"CT_Zone",0.45,2
"Not_CT_Zone",0.62,2
"Not_CT_Zone",0.445,2
"Not_CT_Zone",0.65,2
"CT_Zone",0.685,2
"Not_CT_Zone",0.045,2
"Not_CT_Zone",0.085,2
"CT_Zone",0.83,2
"Not_CT_Zone",0.525,2
"CT_Zone",0.775,2
"CT_Zone",0.545,2
"CT_Zone",0.63,2
"CT_Zone",0.695,2
"Not_CT_Zone",0.545,2
"Not_CT_Zone",0.18,2
"CT_Zone",0.775,2
"CT_Zone",0.62,2
"CT_Zone",0.425,2
"CT_Zone",0.385,2
"CT_Zone",0.39,2
"Not_CT_Zone",0.205,2
"Not_CT_Zone",0.015,2
"Not_CT_Zone",0.465,2
"Not_CT_Zone",0.34,2
"CT_Zone",0.495,2
"Not_CT_Zone",0.66,2
"Not_CT_Zone",0.135,2
"CT_Zone",0.665,2
"CT_Zone",0.6,2
"CT_Zone",0.24,2
"CT_Zone",0.33,2
"Not_CT_Zone",0.1,2
"CT_Zone",0.455,2
"Not_CT_Zone",0.475,2
"Not_CT_Zone",0.335,2
"CT_Zone",0.585,2
"CT_Zone",0.28,2
"CT_Zone",0.5,2
"CT_Zone",0.74,2
"Not_CT_Zone",0.34,2
"Not_CT_Zone",0.69,2
"Not_CT_Zone",0.605,2
"Not_CT_Zone",0.255,2
"Not_CT_Zone",0.05,2
"CT_Zone",0.225,2
"Not_CT_Zone",0.02,2
"Not_CT_Zone",0.08,2
"Not_CT_Zone",0.65,2
"CT_Zone",0.29,2
"Not_CT_Zone",0.44,2
"Not_CT_Zone",0.025,2
"Not_CT_Zone",0.75,2
"CT_Zone",0.495,2
"CT_Zone",0.27,2
"CT_Zone",0.2,2
"Not_CT_Zone",0.545,2
"CT_Zone",0.69,2
"Not_CT_Zone",0.395,2
"Not_CT_Zone",0.605,2
"Not_CT_Zone",0.22,2
"Not_CT_Zone",0.02,2
"Not_CT_Zone",0.245,2
"Not_CT_Zone",0.49,2
"Not_CT_Zone",0.27,2
"Not_CT_Zone",0.26,2
"CT_Zone",0.315,2
"Not_CT_Zone",0.185,2
"CT_Zone",0.28,2
"CT_Zone",0.6,2
"CT_Zone",0.58,2
"Not_CT_Zone",0.39,2
"Not_CT_Zone",0.275,2
"Not_CT_Zone",0.435,2
"Not_CT_Zone",0.22,2
"Not_CT_Zone",0.28,2
"CT_Zone",0.535,2
"Not_CT_Zone",0.19,2
"Not_CT_Zone",0.365,2
"Not_CT_Zone",0.345,2
"CT_Zone",0.765,2
"CT_Zone",0.415,2
"Not_CT_Zone",0.605,2
"Not_CT_Zone",0.63,2
"CT_Zone",0.64,2
"CT_Zone",0.14,2
"Not_CT_Zone",0.43,2
"CT_Zone",0.255,2
"Not_CT_Zone",0.055,2
"Not_CT_Zone",0.56,2
"CT_Zone",0.415,2
"CT_Zone",0.405,2
"Not_CT_Zone",0.59,2
"CT_Zone",0.69,2
"Not_CT_Zone",0.385,2
"CT_Zone",0.605,2
"CT_Zone",0.325,2
"Not_CT_Zone",0.455,2
"Not_CT_Zone",0.31,2
"CT_Zone",0.49,2
"Not_CT_Zone",0.625,2
"Not_CT_Zone",0.015,2
"CT_Zone",0.165,2
"Not_CT_Zone",0.42,2
"Not_CT_Zone",0.455,2
"Not_CT_Zone",0.06,2
"CT_Zone",0.57,2
"CT_Zone",0.235,2
"Not_CT_Zone",0.09,2
"Not_CT_Zone",0.025,2
"Not_CT_Zone",0.425,2
"CT_Zone",0.265,2
"CT_Zone",0.26,2
"CT_Zone",0.535,2
"CT_Zone",0.32,2
"CT_Zone",0.565,2
"Not_CT_Zone",0.05,2
"Not_CT_Zone",0.125,2
"Not_CT_Zone",0.02,2
"CT_Zone",0.19,2
"Not_CT_Zone",0.53,2
"CT_Zone",0.59,2
"CT_Zone",0.55,2
"CT_Zone",0.14,2
"Not_CT_Zone",0.345,2
"CT_Zone",0.615,2
"CT_Zone",0.68,2
"Not_CT_Zone",0.505,2
"CT_Zone",0.455,2
"Not_CT_Zone",0.585,2
"Not_CT_Zone",0.025,2
"Not_CT_Zone",0.545,2
"CT_Zone",0.43,2
"CT_Zone",0.7,2
"Not_CT_Zone",0.22,2
"Not_CT_Zone",0.08,2
"Not_CT_Zone",0.435,2
"CT_Zone",0.585,2
"Not_CT_Zone",0.055,2
"Not_CT_Zone",0.065,2
"Not_CT_Zone",0.015,2
"Not_CT_Zone",0.395,2
"Not_CT_Zone",0.385,2
"Not_CT_Zone",0.215,2
"Not_CT_Zone",0.22,2
"Not_CT_Zone",0.135,2
"Not_CT_Zone",0.025,2
"CT_Zone",0.61,2
"Not_CT_Zone",0.615,2
"Not_CT_Zone",0.39,2
"Not_CT_Zone",0.06,2
"CT_Zone",0.475,2
"Not_CT_Zone",0.015,2
"Not_CT_Zone",0.255,2
"CT_Zone",0.405,2
"CT_Zone",0.125,2
"CT_Zone",0.4,2
"Not_CT_Zone",0.585,2
"CT_Zone",0.305,2
"CT_Zone",0.695,2
"Not_CT_Zone",0.115,2
"CT_Zone",0.66,2
"CT_Zone",0.86,2
"Not_CT_Zone",0.215,2
"Not_CT_Zone",0.03,2
"CT_Zone",0.42,2
"CT_Zone",0.565,2
"Not_CT_Zone",0.2,2
"CT_Zone",0.18,2
"Not_CT_Zone",0.025,2
"Not_CT_Zone",0.28,2
"Not_CT_Zone",0.315,2
"CT_Zone",0.635,2
"Not_CT_Zone",0.7,2
"Not_CT_Zone",0.625,2
"Not_CT_Zone",0.425,2
"Not_CT_Zone",0.03,2
"Not_CT_Zone",0.485,2
"CT_Zone",0.57,2
"CT_Zone",0.65,2
"CT_Zone",0.425,2
"Not_CT_Zone",0.02,2
"CT_Zone",0.31,2
"Not_CT_Zone",0.825,2
"Not_CT_Zone",0.535,2
"Not_CT_Zone",0.165,2
"CT_Zone",0.175,2
"Not_CT_Zone",0.375,2
"Not_CT_Zone",0.45,2
"CT_Zone",0.345,2
"Not_CT_Zone",0.125,2
"CT_Zone",0.375,2
"Not_CT_Zone",0.52,2
"Not_CT_Zone",0.45,2
"CT_Zone",0.475,2
"CT_Zone",0.495,2
"Not_CT_Zone",0.345,3
"Not_CT_Zone",0.295,3
"Not_CT_Zone",0.05,3
"Not_CT_Zone",0.34,3
"CT_Zone",0.36,3
"Not_CT_Zone",0.08,3
"CT_Zone",0.545,3
"CT_Zone",0.395,3
"CT_Zone",0.33,3
"CT_Zone",0.465,3
"CT_Zone",0.405,3
"Not_CT_Zone",0.415,3
"Not_CT_Zone",0.655,3
"Not_CT_Zone",0.4,3
"Not_CT_Zone",0.055,3
"Not_CT_Zone",0.3,3
"Not_CT_Zone",0.4,3
"Not_CT_Zone",0.59,3
"Not_CT_Zone",0.465,3
"CT_Zone",0.305,3
"Not_CT_Zone",0.68,3
"Not_CT_Zone",0.7,3
"Not_CT_Zone",0.455,3
"Not_CT_Zone",0.5,3
"Not_CT_Zone",0.23,3
"Not_CT_Zone",0.125,3
"Not_CT_Zone",0.365,3
"Not_CT_Zone",0.165,3
"Not_CT_Zone",0.385,3
"CT_Zone",0.24,3
"CT_Zone",0.12,3
"Not_CT_Zone",0.245,3
"CT_Zone",0.63,3
"CT_Zone",0.445,3
"CT_Zone",0.57,3
"Not_CT_Zone",0.045,3
"Not_CT_Zone",0.295,3
"CT_Zone",0.425,3
"Not_CT_Zone",0.46,3
"Not_CT_Zone",0.365,3
"CT_Zone",0.535,3
"Not_CT_Zone",0.3,3
"Not_CT_Zone",0.65,3
"Not_CT_Zone",0.71,3
"Not_CT_Zone",0.525,3
"Not_CT_Zone",0.445,3
"CT_Zone",0.395,3
"Not_CT_Zone",0.495,3
"Not_CT_Zone",0.225,3
"CT_Zone",0.425,3
"Not_CT_Zone",0.28,3
"Not_CT_Zone",0.365,3
"Not_CT_Zone",0.03,3
"Not_CT_Zone",0.11,3
"CT_Zone",0.7,3
"Not_CT_Zone",0.38,3
"CT_Zone",0.34,3
"Not_CT_Zone",0.09,3
"CT_Zone",0.255,3
"Not_CT_Zone",0.305,3
"CT_Zone",0.555,3
"Not_CT_Zone",0.465,3
"Not_CT_Zone",0.65,3
"Not_CT_Zone",0.435,3
"CT_Zone",0.39,3
"Not_CT_Zone",0.045,3
"Not_CT_Zone",0.25,3
"Not_CT_Zone",0.69,3
"Not_CT_Zone",0.05,3
"Not_CT_Zone",0.36,3
"Not_CT_Zone",0.505,3
"CT_Zone",0.645,3
"Not_CT_Zone",0.3,3
"Not_CT_Zone",0.57,3
"CT_Zone",0.495,3
"CT_Zone",0.375,3
"Not_CT_Zone",0.09,3
"Not_CT_Zone",0.045,3
"Not_CT_Zone",0.76,3
"Not_CT_Zone",0.41,3
"Not_CT_Zone",0.245,3
"CT_Zone",0.295,3
"Not_CT_Zone",0.055,3
"CT_Zone",0.445,3
"CT_Zone",0.24,3
"Not_CT_Zone",0.395,3
"CT_Zone",0.33,3
"Not_CT_Zone",0.075,3
"Not_CT_Zone",0.4,3
"Not_CT_Zone",0.105,3
"CT_Zone",0.25,3
"CT_Zone",0.05,3
"Not_CT_Zone",0.26,3
"Not_CT_Zone",0.33,3
"Not_CT_Zone",0.5,3
"CT_Zone",0.505,3
"Not_CT_Zone",0.445,3
"CT_Zone",0.34,3
"Not_CT_Zone",0.315,3
"Not_CT_Zone",0.415,3
"Not_CT_Zone",0.355,3
"CT_Zone",0.6,3
"Not_CT_Zone",0.31,3
"Not_CT_Zone",0.575,3
"Not_CT_Zone",0.395,3
"Not_CT_Zone",0.18,3
"Not_CT_Zone",0.24,3
"Not_CT_Zone",0.55,3
"CT_Zone",0.52,3
"Not_CT_Zone",0.415,3
"Not_CT_Zone",0.21,3
"CT_Zone",0.7,3
"CT_Zone",0.34,3
"Not_CT_Zone",0.135,3
"CT_Zone",0.37,3
"Not_CT_Zone",0.515,3
"Not_CT_Zone",0.485,3
"Not_CT_Zone",0.275,3
"Not_CT_Zone",0.355,3
"Not_CT_Zone",0.44,3
"Not_CT_Zone",0.265,3
"Not_CT_Zone",0.52,3
"CT_Zone",0.28,3
"Not_CT_Zone",0.42,3
"Not_CT_Zone",0.43,3
"CT_Zone",0.44,3
"Not_CT_Zone",0.675,3
"CT_Zone",0.375,3
"Not_CT_Zone",0.25,3
"Not_CT_Zone",0.4,3
"Not_CT_Zone",0.315,3
"CT_Zone",0.48,3
"Not_CT_Zone",0.22,3
"CT_Zone",0.285,3
"Not_CT_Zone",0.36,3
"Not_CT_Zone",0.405,3
"CT_Zone",0.305,3
"CT_Zone",0.53,3
"Not_CT_Zone",0.415,3
"Not_CT_Zone",0.045,3
"CT_Zone",0.58,3
"Not_CT_Zone",0.39,3
"Not_CT_Zone",0.275,3
"Not_CT_Zone",0.425,3
"Not_CT_Zone",0.48,3
"Not_CT_Zone",0.225,3
"Not_CT_Zone",0.23,3
"Not_CT_Zone",0.245,3
"Not_CT_Zone",0.33,3
"Not_CT_Zone",0.48,3
"Not_CT_Zone",0.31,3
"Not_CT_Zone",0.31,3
"CT_Zone",0.53,3
"CT_Zone",0.245,3
"Not_CT_Zone",0.425,3
"CT_Zone",0.67,3
"CT_Zone",0.275,3
"Not_CT_Zone",0.595,3
"CT_Zone",0.45,3
"Not_CT_Zone",0.375,3
"Not_CT_Zone",0.515,3
"CT_Zone",0.485,3
"Not_CT_Zone",0.535,3
"Not_CT_Zone",0.235,3
"Not_CT_Zone",0.39,3
"CT_Zone",0.31,3
"CT_Zone",0.59,3
"Not_CT_Zone",0.525,3
"Not_CT_Zone",0.34,3
"Not_CT_Zone",0.385,3
"Not_CT_Zone",0.09,3
"Not_CT_Zone",0.525,3
"Not_CT_Zone",0.305,3
"Not_CT_Zone",0.32,3
"CT_Zone",0.505,3
"CT_Zone",0.535,3
"Not_CT_Zone",0.54,3
"Not_CT_Zone",0.41,3
"Not_CT_Zone",0.685,3
"CT_Zone",0.55,3
"Not_CT_Zone",0.515,3
"Not_CT_Zone",0.05,3
"Not_CT_Zone",0.365,3
"CT_Zone",0.65,3
"Not_CT_Zone",0.66,3
"Not_CT_Zone",0.72,3
"CT_Zone",0.445,3
"Not_CT_Zone",0.29,3
"CT_Zone",0.635,3
"Not_CT_Zone",0.29,3
"CT_Zone",0.7,3
"Not_CT_Zone",0.645,3
"Not_CT_Zone",0.255,3
"Not_CT_Zone",0.35,3
"CT_Zone",0.05,3
"Not_CT_Zone",0.27,3
"Not_CT_Zone",0.565,3
"Not_CT_Zone",0.365,3
"Not_CT_Zone",0.03,3
"Not_CT_Zone",0.055,3
"Not_CT_Zone",0.03,3
"Not_CT_Zone",0.105,3
"Not_CT_Zone",0.35,3
"Not_CT_Zone",0.66,3
"Not_CT_Zone",0.33,3
"Not_CT_Zone",0.48,3
"Not_CT_Zone",0.225,3
"Not_CT_Zone",0.045,3
"Not_CT_Zone",0.12,3
"Not_CT_Zone",0.61,3
"Not_CT_Zone",0.55,3
"Not_CT_Zone",0.21,3
"Not_CT_Zone",0.64,3
"Not_CT_Zone",0.34,3
"Not_CT_Zone",0.255,3
"Not_CT_Zone",0.285,3
"Not_CT_Zone",0.415,3
"Not_CT_Zone",0.56,3
"Not_CT_Zone",0.28,3
"Not_CT_Zone",0.4,3
"Not_CT_Zone",0.27,3
"CT_Zone",0.46,3
"Not_CT_Zone",0.27,3
"Not_CT_Zone",0.27,3
"Not_CT_Zone",0.32,3
"Not_CT_Zone",0.325,3
"Not_CT_Zone",0.52,3
"Not_CT_Zone",0.555,3
"Not_CT_Zone",0.265,3
"Not_CT_Zone",0.535,3
"CT_Zone",0.39,3
"Not_CT_Zone",0.525,3
"Not_CT_Zone",0.265,3
"Not_CT_Zone",0.455,3
"Not_CT_Zone",0.305,3
"Not_CT_Zone",0.34,3
"Not_CT_Zone",0.38,3
"CT_Zone",0.255,3
"CT_Zone",0.515,3
"Not_CT_Zone",0.54,3
"Not_CT_Zone",0.445,3
"CT_Zone",0.29,3
"CT_Zone",0.54,3
"Not_CT_Zone",0.315,3
"Not_CT_Zone",0.65,3
"Not_CT_Zone",0.375,3
"Not_CT_Zone",0.275,3
"Not_CT_Zone",0.265,3
"CT_Zone",0.545,3
"Not_CT_Zone",0.115,3
"Not_CT_Zone",0.27,3
"Not_CT_Zone",0.595,3
"Not_CT_Zone",0.575,3
"Not_CT_Zone",0.395,3
"Not_CT_Zone",0.48,3
"Not_CT_Zone",0.37,3
"Not_CT_Zone",0.165,3
"Not_CT_Zone",0.055,3
"Not_CT_Zone",0.49,3
"Not_CT_Zone",0.085,3
"CT_Zone",0.395,3
"Not_CT_Zone",0.705,3
"Not_CT_Zone",0.325,3
"Not_CT_Zone",0.445,3
"CT_Zone",0.285,3
"CT_Zone",0.585,3
"Not_CT_Zone",0,3
"Not_CT_Zone",0.52,3
"Not_CT_Zone",0.04,3
"Not_CT_Zone",0.56,3
"Not_CT_Zone",0.34,3
"Not_CT_Zone",0.435,3
"Not_CT_Zone",0.155,3
"Not_CT_Zone",0.215,3
"Not_CT_Zone",0.255,3
"Not_CT_Zone",0.445,3
"Not_CT_Zone",0.1,3
"Not_CT_Zone",0.06,3
"CT_Zone",0.655,3
"Not_CT_Zone",0.19,3
"Not_CT_Zone",0.11,3
"Not_CT_Zone",0.35,3
"CT_Zone",0.385,3
"Not_CT_Zone",0.36,3
"Not_CT_Zone",0.11,3
"Not_CT_Zone",0.465,3
"CT_Zone",0.55,3
"CT_Zone",0.625,3
"Not_CT_Zone",0.35,3
"Not_CT_Zone",0.515,3
"Not_CT_Zone",0.57,3
"Not_CT_Zone",0.59,3
"Not_CT_Zone",0.22,3
"Not_CT_Zone",0.285,3
"Not_CT_Zone",0.545,3
"Not_CT_Zone",0.195,3
"Not_CT_Zone",0.39,3
"Not_CT_Zone",0.435,3
"Not_CT_Zone",0.44,3
"Not_CT_Zone",0.485,3
"Not_CT_Zone",0.36,3
"Not_CT_Zone",0.015,3
"CT_Zone",0.35,3
"CT_Zone",0.43,3
"Not_CT_Zone",0.26,3
"CT_Zone",0.23,3
"Not_CT_Zone",0.125,3
"CT_Zone",0.375,3
"CT_Zone",0.29,3
"Not_CT_Zone",0.055,3
"Not_CT_Zone",0.345,3
"Not_CT_Zone",0.28,3
"Not_CT_Zone",0.255,3
"Not_CT_Zone",0.34,3
"CT_Zone",0.695,3
"Not_CT_Zone",0.44,3
"Not_CT_Zone",0.12,3
"Not_CT_Zone",0.22,3
"CT_Zone",0.39,3
"Not_CT_Zone",0.375,3
"Not_CT_Zone",0.55,3
"Not_CT_Zone",0.035,3
"Not_CT_Zone",0.315,3
"Not_CT_Zone",0.33,3
"CT_Zone",0.545,3
"Not_CT_Zone",0.38,3
"Not_CT_Zone",0.41,3
"Not_CT_Zone",0.42,3
"Not_CT_Zone",0.58,3
"Not_CT_Zone",0.49,3
"Not_CT_Zone",0.115,3
"Not_CT_Zone",0.35,3
"Not_CT_Zone",0.65,3
"Not_CT_Zone",0.29,3
"Not_CT_Zone",0.335,3
"Not_CT_Zone",0.275,3
"Not_CT_Zone",0.225,3
"CT_Zone",0.535,3
"Not_CT_Zone",0.07,3
"Not_CT_Zone",0.515,3
"Not_CT_Zone",0.31,3
"Not_CT_Zone",0.195,3
"Not_CT_Zone",0.285,3
"Not_CT_Zone",0.375,3
"CT_Zone",0.35,3
"Not_CT_Zone",0.32,3
"CT_Zone",0.415,3
"Not_CT_Zone",0.45,3
"Not_CT_Zone",0.35,3
"Not_CT_Zone",0.39,3
"Not_CT_Zone",0.715,3
"Not_CT_Zone",0.315,3
"Not_CT_Zone",0.275,3
"Not_CT_Zone",0.12,3
"CT_Zone",0.59,3
"Not_CT_Zone",0.035,3
"Not_CT_Zone",0.375,3
"Not_CT_Zone",0.085,3
"CT_Zone",0.58,3
"Not_CT_Zone",0.615,3
"Not_CT_Zone",0.44,3
"Not_CT_Zone",0.43,3
"CT_Zone",0.42,3
"CT_Zone",0.6,3
"CT_Zone",0.29,3
"Not_CT_Zone",0.38,3
"CT_Zone",0.405,3
"CT_Zone",0.61,3
"Not_CT_Zone",0.335,3
"Not_CT_Zone",0.03,3
"Not_CT_Zone",0.415,3
"Not_CT_Zone",0.47,3
"Not_CT_Zone",0.445,3
"Not_CT_Zone",0.43,3
"CT_Zone",0.465,3
"CT_Zone",0.305,3
"CT_Zone",0.485,3
"Not_CT_Zone",0.345,3
"Not_CT_Zone",0.34,3
"Not_CT_Zone",0.055,3
"Not_CT_Zone",0.59,3
"Not_CT_Zone",0.305,3
"CT_Zone",0.455,3
"Not_CT_Zone",0.19,3
"Not_CT_Zone",0.305,3
"Not_CT_Zone",0.435,3
"Not_CT_Zone",0.07,3
"Not_CT_Zone",0.53,3
"Not_CT_Zone",0.46,3
"Not_CT_Zone",0.685,3
"Not_CT_Zone",0.385,3
"CT_Zone",0.385,3
"Not_CT_Zone",0.465,3
"CT_Zone",0.45,3
"Not_CT_Zone",0.255,3
"Not_CT_Zone",0.665,3
"CT_Zone",0.375,3
"CT_Zone",0.385,3
"Not_CT_Zone",0.42,3
"Not_CT_Zone",0.145,3
"CT_Zone",0.275,3
"CT_Zone",0.315,3
"Not_CT_Zone",0.27,3
"Not_CT_Zone",0.38,3
"Not_CT_Zone",0.54,3
"CT_Zone",0.48,3
"CT_Zone",0.58,3
"CT_Zone",0.325,3
"Not_CT_Zone",0.31,3
"Not_CT_Zone",0.38,3
"Not_CT_Zone",0.345,3
"Not_CT_Zone",0.305,3
"Not_CT_Zone",0.43,3
"CT_Zone",0.28,3
"Not_CT_Zone",0.21,3
"Not_CT_Zone",0.405,3
"CT_Zone",0.405,3
"Not_CT_Zone",0.485,3
"Not_CT_Zone",0.425,3
"Not_CT_Zone",0.24,3
"CT_Zone",0.365,3
"CT_Zone",0.535,3
"Not_CT_Zone",0.43,3
"Not_CT_Zone",0.48,3
"Not_CT_Zone",0.32,3
"Not_CT_Zone",0.415,3
"Not_CT_Zone",0.365,3
"Not_CT_Zone",0.435,3
"Not_CT_Zone",0.455,3
"CT_Zone",0.285,3
"Not_CT_Zone",0.38,3
"Not_CT_Zone",0.36,3
"Not_CT_Zone",0.695,3
"Not_CT_Zone",0.515,3
"Not_CT_Zone",0.13,3
"Not_CT_Zone",0.445,3
"Not_CT_Zone",0.685,3
"CT_Zone",0.62,3
"Not_CT_Zone",0.56,3
"CT_Zone",0.375,3
"CT_Zone",0.575,3
"Not_CT_Zone",0.255,3
"Not_CT_Zone",0.25,3
"CT_Zone",0.33,3
"Not_CT_Zone",0.45,3
"Not_CT_Zone",0.335,3
"Not_CT_Zone",0.115,3
"Not_CT_Zone",0.265,3
"Not_CT_Zone",0.33,3
"Not_CT_Zone",0.405,3
"CT_Zone",0.365,3
"Not_CT_Zone",0.23,3
"Not_CT_Zone",0.27,3
"Not_CT_Zone",0.13,3
"Not_CT_Zone",0.375,3
"Not_CT_Zone",0.335,3
"CT_Zone",0.61,3
"CT_Zone",0.745,3
"Not_CT_Zone",0.28,3
"Not_CT_Zone",0.6,3
"CT_Zone",0.5,3
"Not_CT_Zone",0.105,3
"CT_Zone",0.73,3
"Not_CT_Zone",0.38,3
"CT_Zone",0.375,3
"Not_CT_Zone",0.065,3
"CT_Zone",0.375,3
"CT_Zone",0.29,3
"CT_Zone",0.475,3
"CT_Zone",0.65,3
"Not_CT_Zone",0.365,3
"CT_Zone",0.225,3
"Not_CT_Zone",0.4,3
"CT_Zone",0.435,3
"CT_Zone",0.5,3
"Not_CT_Zone",0.055,3
"Not_CT_Zone",0.35,3
"Not_CT_Zone",0.34,3
"CT_Zone",0.335,3
"CT_Zone",0.305,3
"Not_CT_Zone",0.545,3
"Not_CT_Zone",0.015,3
"Not_CT_Zone",0.33,3
"Not_CT_Zone",0.35,3
"Not_CT_Zone",0.43,3
"Not_CT_Zone",0.505,3
"Not_CT_Zone",0.67,3
"Not_CT_Zone",0.315,3
"Not_CT_Zone",0.345,3
"Not_CT_Zone",0.23,3
"Not_CT_Zone",0.455,3
"Not_CT_Zone",0.29,3
"CT_Zone",0.47,3
"Not_CT_Zone",0.595,3
"Not_CT_Zone",0.06,3
"CT_Zone",0.39,3
"Not_CT_Zone",0.285,3
"Not_CT_Zone",0.32,3
"Not_CT_Zone",0.36,3
"Not_CT_Zone",0.46,3
"Not_CT_Zone",0.06,3
"Not_CT_Zone",0.47,3
"CT_Zone",0.335,3
"Not_CT_Zone",0.55,3
"Not_CT_Zone",0.285,3
"Not_CT_Zone",0.445,3
"Not_CT_Zone",0.545,3
"Not_CT_Zone",0.34,3
"CT_Zone",0.325,3
"CT_Zone",0.73,3
"CT_Zone",0.4,3
"CT_Zone",0.29,3
"CT_Zone",0.41,3
"Not_CT_Zone",0.47,3
"CT_Zone",0.475,3
"CT_Zone",0.21,3
"CT_Zone",0.445,3
"CT_Zone",0.38,3
"CT_Zone",0.35,3
"CT_Zone",0.32,3
"Not_CT_Zone",0.46,3
"Not_CT_Zone",0.135,3
"CT_Zone",0.495,3
"CT_Zone",0.49,3
"Not_CT_Zone",0.415,3
"CT_Zone",0.355,3
"Not_CT_Zone",0.25,3
"Not_CT_Zone",0.56,3
"Not_CT_Zone",0.32,3
"CT_Zone",0.74,3
"Not_CT_Zone",0.115,3
"Not_CT_Zone",0.195,3
"Not_CT_Zone",0.405,3
"CT_Zone",0.3,3
"CT_Zone",0.55,3
"CT_Zone",0.34,3
"Not_CT_Zone",0.315,3
"Not_CT_Zone",0.44,3
"Not_CT_Zone",0.23,3
"Not_CT_Zone",0.355,3
"Not_CT_Zone",0.07,3
"Not_CT_Zone",0.245,3
"Not_CT_Zone",0.515,3
"Not_CT_Zone",0.04,3
"Not_CT_Zone",0.355,3
"Not_CT_Zone",0.105,3
"Not_CT_Zone",0.385,3
"Not_CT_Zone",0.36,3
"Not_CT_Zone",0,3
"Not_CT_Zone",0.2,3
"Not_CT_Zone",0.255,3
"Not_CT_Zone",0.57,3
"Not_CT_Zone",0.33,3
"Not_CT_Zone",0.22,3
"CT_Zone",0.205,3
"Not_CT_Zone",0.2,3
"CT_Zone",0.27,3
"Not_CT_Zone",0.35,3
"CT_Zone",0.23,3
"CT_Zone",0.36,3
"CT_Zone",0.365,3
"Not_CT_Zone",0.175,3
"Not_CT_Zone",0.02,3
"CT_Zone",0.535,3
"Not_CT_Zone",0.33,3
"Not_CT_Zone",0.235,3
"CT_Zone",0.375,3
"Not_CT_Zone",0.35,3
"Not_CT_Zone",0.225,3
"CT_Zone",0.575,3
"CT_Zone",0.775,3
"CT_Zone",0.215,3
"Not_CT_Zone",0.61,3
"Not_CT_Zone",0.02,3
"Not_CT_Zone",0.125,3
"Not_CT_Zone",0.38,3
"CT_Zone",0.35,3
"Not_CT_Zone",0.55,3
"Not_CT_Zone",0.55,3
"CT_Zone",0.5,3
"Not_CT_Zone",0.37,3
"Not_CT_Zone",0.38,3
"Not_CT_Zone",0.335,3
"CT_Zone",0.345,3
"Not_CT_Zone",0.55,3
"Not_CT_Zone",0.345,3
"CT_Zone",0.47,3
"CT_Zone",0.29,3
"Not_CT_Zone",0.44,3
"Not_CT_Zone",0.525,3
"CT_Zone",0.235,3
"Not_CT_Zone",0.055,3
"CT_Zone",0.63,3
"Not_CT_Zone",0.065,3
"CT_Zone",0.21,3
"Not_CT_Zone",0.45,3
"Not_CT_Zone",0.55,3
"Not_CT_Zone",0.695,3
"Not_CT_Zone",0.455,3
"Not_CT_Zone",0.29,3
"CT_Zone",0.06,3
"CT_Zone",0.35,3
"Not_CT_Zone",0.4,3
"CT_Zone",0.34,3
"Not_CT_Zone",0.29,3
"CT_Zone",0.365,3
"Not_CT_Zone",0.685,3
"CT_Zone",0.375,3
"CT_Zone",0.475,3
"Not_CT_Zone",0.39,3
"Not_CT_Zone",0.475,3
"CT_Zone",0.455,3
"Not_CT_Zone",0.315,3
"Not_CT_Zone",0.695,3
"Not_CT_Zone",0.12,3
"Not_CT_Zone",0.355,3
"CT_Zone",0.415,3
"Not_CT_Zone",0.31,3
"Not_CT_Zone",0.325,3
"CT_Zone",0.605,3
"Not_CT_Zone",0.275,3
"Not_CT_Zone",0.245,3
"Not_CT_Zone",0.165,3
"Not_CT_Zone",0.305,3
"Not_CT_Zone",0.53,3
"CT_Zone",0.37,3
"CT_Zone",0.57,3
"Not_CT_Zone",0.435,3
"Not_CT_Zone",0.07,3
"Not_CT_Zone",0.255,3
"Not_CT_Zone",0.045,3
"Not_CT_Zone",0.58,3
"CT_Zone",0.265,3
"Not_CT_Zone",0.475,3
"CT_Zone",0.565,3
"Not_CT_Zone",0.095,3
"Not_CT_Zone",0.575,3
"Not_CT_Zone",0.695,3
"CT_Zone",0.425,3
"Not_CT_Zone",0.4,3
"Not_CT_Zone",0.66,3
"Not_CT_Zone",0.255,3
"CT_Zone",0.29,3
"CT_Zone",0.235,3
"Not_CT_Zone",0.345,3
"CT_Zone",0.41,3
"CT_Zone",0.555,3
"CT_Zone",0.345,3
"Not_CT_Zone",0.29,3
"Not_CT_Zone",0.31,3
"CT_Zone",0.445,3
"CT_Zone",0.52,3
"Not_CT_Zone",0.225,3
"CT_Zone",0.565,3
"Not_CT_Zone",0.29,3
"Not_CT_Zone",0.265,3
"Not_CT_Zone",0.255,3
"Not_CT_Zone",0.46,3
"CT_Zone",0.535,3
"CT_Zone",0.245,3
"Not_CT_Zone",0.325,3
"Not_CT_Zone",0.255,3
"Not_CT_Zone",0.42,3
"Not_CT_Zone",0.39,3
"CT_Zone",0.62,3
"CT_Zone",0.385,3
"Not_CT_Zone",0.36,3
"CT_Zone",0.51,3
"Not_CT_Zone",0.245,3
"Not_CT_Zone",0.395,3
"Not_CT_Zone",0.545,3
"CT_Zone",0.755,3
"Not_CT_Zone",0.565,3
"Not_CT_Zone",0.35,3
"Not_CT_Zone",0.435,3
"CT_Zone",0.23,3
"CT_Zone",0.265,3
"Not_CT_Zone",0.575,3
"CT_Zone",0.365,3
"Not_CT_Zone",0.08,3
"Not_CT_Zone",0.31,3
"CT_Zone",0.275,3
"CT_Zone",0.525,3
"CT_Zone",0.13,3
"Not_CT_Zone",0.385,3
"CT_Zone",0.405,3
"Not_CT_Zone",0.525,3
"Not_CT_Zone",0.35,3
"Not_CT_Zone",0.045,3
"Not_CT_Zone",0.325,3
"Not_CT_Zone",0.35,3
"Not_CT_Zone",0.36,3
"CT_Zone",0.5,3
"CT_Zone",0.405,3
"CT_Zone",0.465,3
"CT_Zone",0.37,3
"Not_CT_Zone",0.205,3
"Not_CT_Zone",0.65,3
"Not_CT_Zone",0.33,3
"CT_Zone",0.435,3
"CT_Zone",0.38,3
"Not_CT_Zone",0.535,3
"Not_CT_Zone",0.555,3
"CT_Zone",0.245,3
"Not_CT_Zone",0.51,3
"CT_Zone",0.335,3
"Not_CT_Zone",0.35,3
"CT_Zone",0.64,3
"Not_CT_Zone",0.265,3
"Not_CT_Zone",0.07,3
"CT_Zone",0.35,3
"CT_Zone",0.52,3
"Not_CT_Zone",0.125,3
"Not_CT_Zone",0.305,3
"Not_CT_Zone",0.49,3
"CT_Zone",0.62,3
"Not_CT_Zone",0.28,3
"CT_Zone",0.51,3
"Not_CT_Zone",0.11,3
"Not_CT_Zone",0.285,3
"CT_Zone",0.575,3
"Not_CT_Zone",0.56,3
"Not_CT_Zone",0.285,3
"Not_CT_Zone",0.085,3
"Not_CT_Zone",0.15,3
"Not_CT_Zone",0.055,3
"CT_Zone",0.28,3
"CT_Zone",0.415,3
"CT_Zone",0.59,3
"Not_CT_Zone",0.295,3
"CT_Zone",0.35,3
"Not_CT_Zone",0.44,3
"CT_Zone",0.525,3
"Not_CT_Zone",0.305,3
"CT_Zone",0.375,3
"Not_CT_Zone",0.595,3
"CT_Zone",0.445,3
"Not_CT_Zone",0.045,3
"Not_CT_Zone",0.245,3
"Not_CT_Zone",0.325,3
"CT_Zone",0.58,3
"CT_Zone",0.32,3
"Not_CT_Zone",0.445,3
"Not_CT_Zone",0.22,3
"Not_CT_Zone",0.495,3
"Not_CT_Zone",0.54,3
"Not_CT_Zone",0.26,3
"CT_Zone",0.59,3
"CT_Zone",0.7,3
"CT_Zone",0.48,3
"Not_CT_Zone",0.21,3
"Not_CT_Zone",0.335,3
"Not_CT_Zone",0.73,3
"Not_CT_Zone",0.345,3
"Not_CT_Zone",0.425,3
"Not_CT_Zone",0.05,3
"Not_CT_Zone",0.39,3
"Not_CT_Zone",0.42,3
"CT_Zone",0.465,3
"Not_CT_Zone",0.315,3
"Not_CT_Zone",0.425,3
"Not_CT_Zone",0.365,3
"CT_Zone",0.38,3
"Not_CT_Zone",0.48,3
"Not_CT_Zone",0.155,3
"Not_CT_Zone",0.33,3
"Not_CT_Zone",0.41,3
"Not_CT_Zone",0.235,3
"Not_CT_Zone",0.335,3
"Not_CT_Zone",0.72,3
"Not_CT_Zone",0.51,3
"Not_CT_Zone",0.07,3
"CT_Zone",0.415,3
"Not_CT_Zone",0.05,3
"Not_CT_Zone",0.495,3
"Not_CT_Zone",0.135,3
"Not_CT_Zone",0.55,3
"Not_CT_Zone",0.07,3
"Not_CT_Zone",0.53,3
"Not_CT_Zone",0.455,3
"Not_CT_Zone",0.65,3
"CT_Zone",0.41,3
"CT_Zone",0.195,3
"CT_Zone",0.35,3
"Not_CT_Zone",0.59,3
"Not_CT_Zone",0.6,3
"Not_CT_Zone",0.215,3
"Not_CT_Zone",0.39,3
"Not_CT_Zone",0.24,3
"Not_CT_Zone",0.335,3
"Not_CT_Zone",0.48,3
"Not_CT_Zone",0.245,3
"CT_Zone",0.4,3
"CT_Zone",0.315,3
"Not_CT_Zone",0.32,3
"CT_Zone",0.225,3
"Not_CT_Zone",0.095,3
"Not_CT_Zone",0.725,3
"CT_Zone",0.47,3
"Not_CT_Zone",0.555,3
"Not_CT_Zone",0.38,3
"Not_CT_Zone",0.305,3
"Not_CT_Zone",0.41,3
"Not_CT_Zone",0.695,3
"CT_Zone",0.395,3
"Not_CT_Zone",0.395,3
"CT_Zone",0.655,3
"CT_Zone",0.41,3
"CT_Zone",0.32,3
"Not_CT_Zone",0.6,3
"CT_Zone",0.39,3
"Not_CT_Zone",0.585,3
"Not_CT_Zone",0.495,3
"CT_Zone",0.535,3
"CT_Zone",0.575,3
"Not_CT_Zone",0.44,3
"CT_Zone",0.315,3
"Not_CT_Zone",0.485,3
"Not_CT_Zone",0.38,3
"CT_Zone",0.405,3
"Not_CT_Zone",0.27,3
"Not_CT_Zone",0.28,3
"Not_CT_Zone",0.395,3
"Not_CT_Zone",0.335,3
"CT_Zone",0.275,3
"Not_CT_Zone",0.295,3
"CT_Zone",0.305,3
"Not_CT_Zone",0.355,3
"Not_CT_Zone",0.38,3
"Not_CT_Zone",0.41,3
"CT_Zone",0.535,3
"Not_CT_Zone",0.24,3
"Not_CT_Zone",0,3
"CT_Zone",0.31,3
"CT_Zone",0.39,3
"Not_CT_Zone",0.425,3
"Not_CT_Zone",0.45,3
"CT_Zone",0.77,3
"Not_CT_Zone",0.345,3
"Not_CT_Zone",0.3,3
"Not_CT_Zone",0.525,3
"Not_CT_Zone",0.47,3
"Not_CT_Zone",0.01,3
"Not_CT_Zone",0.55,3
"Not_CT_Zone",0.37,3
"CT_Zone",0.495,3
"Not_CT_Zone",0.39,3
"Not_CT_Zone",0.46,3
"Not_CT_Zone",0.61,3
"Not_CT_Zone",0.45,3
"Not_CT_Zone",0.72,3
"Not_CT_Zone",0.34,3
"Not_CT_Zone",0.5,3
"Not_CT_Zone",0.05,3
"Not_CT_Zone",0.34,3
"Not_CT_Zone",0.275,3
"CT_Zone",0.045,3
"Not_CT_Zone",0.5,3
"CT_Zone",0.52,3
"Not_CT_Zone",0.48,3
"Not_CT_Zone",0.385,3
"Not_CT_Zone",0.045,3
"Not_CT_Zone",0.06,3
"CT_Zone",0.215,3
"Not_CT_Zone",0.005,3
"CT_Zone",0.345,3
"Not_CT_Zone",0.415,3
"Not_CT_Zone",0.32,3
"CT_Zone",0.48,3
"CT_Zone",0.41,3
"CT_Zone",0.555,3
"Not_CT_Zone",0.425,3
"Not_CT_Zone",0.32,3
"CT_Zone",0.61,3
"CT_Zone",0.46,3
"Not_CT_Zone",0.425,3
"CT_Zone",0.535,3
"Not_CT_Zone",0.19,3
"Not_CT_Zone",0.48,3
"CT_Zone",0.755,3
"Not_CT_Zone",0.415,3
"Not_CT_Zone",0.62,3
"Not_CT_Zone",0.315,3
"Not_CT_Zone",0.065,3
"CT_Zone",0.69,3
"Not_CT_Zone",0.545,3
"Not_CT_Zone",0.355,3
"CT_Zone",0.47,3
"CT_Zone",0.34,3
"Not_CT_Zone",0.605,3
"Not_CT_Zone",0.315,3
"CT_Zone",0.505,3
"Not_CT_Zone",0.53,3
"Not_CT_Zone",0.22,3
"Not_CT_Zone",0.445,3
"Not_CT_Zone",0.285,3
"Not_CT_Zone",0.285,3
"Not_CT_Zone",0.06,3
"Not_CT_Zone",0.295,3
"Not_CT_Zone",0.52,3
"Not_CT_Zone",0.415,3
"Not_CT_Zone",0.55,3
"Not_CT_Zone",0.27,3
"CT_Zone",0.525,3
"Not_CT_Zone",0.365,3
"CT_Zone",0.335,3
"Not_CT_Zone",0.525,3
"Not_CT_Zone",0.435,3
"Not_CT_Zone",0.565,3
"Not_CT_Zone",0.43,3
"Not_CT_Zone",0.405,3
"Not_CT_Zone",0.555,3
"Not_CT_Zone",0.565,3
"Not_CT_Zone",0.31,3
"Not_CT_Zone",0.26,3
"Not_CT_Zone",0.525,3
"Not_CT_Zone",0.415,3
"Not_CT_Zone",0.07,3
"Not_CT_Zone",0.05,3
"Not_CT_Zone",0.215,3
"Not_CT_Zone",0.3,3
"Not_CT_Zone",0.445,3
"CT_Zone",0.735,3
"CT_Zone",0.725,3
"CT_Zone",0.53,3
"Not_CT_Zone",0.04,3
"CT_Zone",0.29,3
"Not_CT_Zone",0.185,3
"Not_CT_Zone",0.57,3
"Not_CT_Zone",0.4,3
"Not_CT_Zone",0.605,3
"Not_CT_Zone",0.315,3
"Not_CT_Zone",0.59,3
"Not_CT_Zone",0.525,3
"Not_CT_Zone",0.385,3
"CT_Zone",0.345,3
"Not_CT_Zone",0.335,3
"CT_Zone",0.255,3
"CT_Zone",0.6,3
"Not_CT_Zone",0.6,3
"CT_Zone",0.335,3
"Not_CT_Zone",0.505,3
"Not_CT_Zone",0.05,3
"Not_CT_Zone",0.64,3
"Not_CT_Zone",0.3,3
"Not_CT_Zone",0.45,3
"CT_Zone",0.32,3
"Not_CT_Zone",0.365,3
"CT_Zone",0.4,3
"CT_Zone",0.42,3
"Not_CT_Zone",0.3,3
"CT_Zone",0.53,3
"Not_CT_Zone",0.275,3
"Not_CT_Zone",0.665,3
"Not_CT_Zone",0.455,3
"Not_CT_Zone",0.385,3
"Not_CT_Zone",0.4,3
"Not_CT_Zone",0.32,3
"Not_CT_Zone",0.32,3
"Not_CT_Zone",0.705,3
"CT_Zone",0.495,3
"CT_Zone",0.55,3
"Not_CT_Zone",0.305,3
"Not_CT_Zone",0.325,3
"Not_CT_Zone",0.055,3
"Not_CT_Zone",0.54,3
"Not_CT_Zone",0.495,3
"Not_CT_Zone",0.04,3
"Not_CT_Zone",0.38,3
"Not_CT_Zone",0.36,3
"Not_CT_Zone",0.09,3
"Not_CT_Zone",0.45,3
"Not_CT_Zone",0.13,3
"Not_CT_Zone",0.43,3
"Not_CT_Zone",0.235,3
"Not_CT_Zone",0.475,3
"CT_Zone",0.515,3
"CT_Zone",0.585,3
"Not_CT_Zone",0.455,3
"CT_Zone",0.225,3
"Not_CT_Zone",0.32,3
"CT_Zone",0.39,3
"Not_CT_Zone",0.375,3
"Not_CT_Zone",0.275,3
"CT_Zone",0.325,3
"Not_CT_Zone",0.425,3
"Not_CT_Zone",0.4,3
"Not_CT_Zone",0.02,3
"Not_CT_Zone",0.405,3
"Not_CT_Zone",0.295,3
"Not_CT_Zone",0.275,3
"Not_CT_Zone",0.335,3
"Not_CT_Zone",0.46,3
"Not_CT_Zone",0.175,3
"Not_CT_Zone",0.355,3
"Not_CT_Zone",0.405,3
"Not_CT_Zone",0.605,3
"Not_CT_Zone",0.285,3
"Not_CT_Zone",0.045,3
"CT_Zone",0.23,3
"Not_CT_Zone",0.455,3
"Not_CT_Zone",0.315,3
"Not_CT_Zone",0.05,3
"Not_CT_Zone",0.55,3
"Not_CT_Zone",0.39,3
"Not_CT_Zone",0.045,3
"Not_CT_Zone",0.475,3
"CT_Zone",0.53,3
"Not_CT_Zone",0.405,3
"CT_Zone",0.37,3
"CT_Zone",0.54,3
"Not_CT_Zone",0.44,3
"Not_CT_Zone",0.535,3
"Not_CT_Zone",0.36,3
"Not_CT_Zone",0.315,3
"Not_CT_Zone",0.245,3
"Not_CT_Zone",0.3,3
"CT_Zone",0.205,3
"Not_CT_Zone",0.31,3
"CT_Zone",0.38,3
"Not_CT_Zone",0.645,3
"Not_CT_Zone",0.25,3
"Not_CT_Zone",0.255,3
"Not_CT_Zone",0.385,3
"Not_CT_Zone",0.395,3
"CT_Zone",0.38,3
"Not_CT_Zone",0.41,3
"Not_CT_Zone",0.295,3
"Not_CT_Zone",0.02,3
"Not_CT_Zone",0.225,3
"Not_CT_Zone",0.215,3
"Not_CT_Zone",0.555,3
"Not_CT_Zone",0.5,3
"Not_CT_Zone",0.605,3
"CT_Zone",0.22,3
"Not_CT_Zone",0.31,3
"CT_Zone",0.52,3
"Not_CT_Zone",0.44,3
"Not_CT_Zone",0.18,3
"Not_CT_Zone",0.37,3
"Not_CT_Zone",0.11,3
"Not_CT_Zone",0.38,3
"Not_CT_Zone",0.295,3
"CT_Zone",0.4,3
"Not_CT_Zone",0.34,3
"Not_CT_Zone",0.5,3
"CT_Zone",0.185,3
"Not_CT_Zone",0.46,3
"Not_CT_Zone",0.105,3
"Not_CT_Zone",0.285,3
"Not_CT_Zone",0.165,3
"Not_CT_Zone",0,3
"CT_Zone",0.585,3
"Not_CT_Zone",0.23,3
"Not_CT_Zone",0.37,3
"CT_Zone",0.495,3
"CT_Zone",0.27,3
"Not_CT_Zone",0.585,3
"Not_CT_Zone",0.63,3
"Not_CT_Zone",0.635,3
"Not_CT_Zone",0.27,3
"Not_CT_Zone",0.29,3
"Not_CT_Zone",0.705,3
"Not_CT_Zone",0.365,3
"CT_Zone",0.615,3
"CT_Zone",0.35,3
"Not_CT_Zone",0.35,3
"Not_CT_Zone",0.41,3
"Not_CT_Zone",0.425,3
"CT_Zone",0.56,3
"CT_Zone",0.34,3
"Not_CT_Zone",0.255,3
"Not_CT_Zone",0.395,3
"Not_CT_Zone",0.395,3
"CT_Zone",0.325,3
"Not_CT_Zone",0.105,3
"Not_CT_Zone",0.225,3
"Not_CT_Zone",0.28,3
"Not_CT_Zone",0.445,3
"Not_CT_Zone",0.155,3
"Not_CT_Zone",0.64,3
"Not_CT_Zone",0.39,3
"Not_CT_Zone",0.39,3
"Not_CT_Zone",0.605,3
"CT_Zone",0.445,3
"Not_CT_Zone",0.245,3
"Not_CT_Zone",0.505,3
"Not_CT_Zone",0.47,3
"Not_CT_Zone",0.655,3
"Not_CT_Zone",0.295,3
"Not_CT_Zone",0.395,3
"Not_CT_Zone",0.34,3
"CT_Zone",0.075,3
"CT_Zone",0.21,3
"Not_CT_Zone",0.035,3
"Not_CT_Zone",0.045,3
"CT_Zone",0.67,3
"Not_CT_Zone",0.255,3
"Not_CT_Zone",0.035,3
"Not_CT_Zone",0.055,3
"Not_CT_Zone",0.4,3
"CT_Zone",0.465,3
"Not_CT_Zone",0.22,3
"Not_CT_Zone",0.355,3
"Not_CT_Zone",0.245,3
"Not_CT_Zone",0.34,3
"Not_CT_Zone",0.27,3
"CT_Zone",0.365,3
"Not_CT_Zone",0.13,3
"CT_Zone",0.365,3
"Not_CT_Zone",0.41,3
"Not_CT_Zone",0.26,3
"Not_CT_Zone",0.045,3
"CT_Zone",0.37,3
"Not_CT_Zone",0.1,3
"CT_Zone",0.58,3
"Not_CT_Zone",0.275,3
"CT_Zone",0.34,3
"Not_CT_Zone",0.33,3
"Not_CT_Zone",0.115,3
"Not_CT_Zone",0.245,3
"CT_Zone",0.405,3
"Not_CT_Zone",0.33,3
"Not_CT_Zone",0.27,3
"CT_Zone",0.55,3
"CT_Zone",0.745,3
"CT_Zone",0.325,3
"Not_CT_Zone",0.455,3
"CT_Zone",0.3,3
"Not_CT_Zone",0.305,3
"Not_CT_Zone",0.475,3
"Not_CT_Zone",0.42,3
"Not_CT_Zone",0.395,3
"Not_CT_Zone",0.08,3
"Not_CT_Zone",0.475,3
"Not_CT_Zone",0.305,3
"Not_CT_Zone",0.545,3
"CT_Zone",0.7,3
"Not_CT_Zone",0.04,3
"Not_CT_Zone",0.285,3
"Not_CT_Zone",0.39,3
"Not_CT_Zone",0.725,3
"CT_Zone",0.58,3
"Not_CT_Zone",0.55,3
"Not_CT_Zone",0.43,3
"CT_Zone",0.34,3
"Not_CT_Zone",0.43,3
"Not_CT_Zone",0.435,3
"Not_CT_Zone",0.045,3
"Not_CT_Zone",0.335,3
"Not_CT_Zone",0.025,3
"Not_CT_Zone",0.245,3
"Not_CT_Zone",0.35,3
"Not_CT_Zone",0.34,3
"CT_Zone",0.66,3
"CT_Zone",0.5,3
"Not_CT_Zone",0.49,3
"Not_CT_Zone",0.255,3
"Not_CT_Zone",0.16,3
"Not_CT_Zone",0.45,3
"CT_Zone",0.625,3
"Not_CT_Zone",0.435,3
"Not_CT_Zone",0.37,3
"Not_CT_Zone",0.1,3
"CT_Zone",0.525,3
"Not_CT_Zone",0.31,3
"Not_CT_Zone",0.42,3
"Not_CT_Zone",0.375,3
"Not_CT_Zone",0.59,3
"CT_Zone",0.495,3
"Not_CT_Zone",0.51,3
"Not_CT_Zone",0.605,3
"Not_CT_Zone",0.325,3
"CT_Zone",0.4,3
"Not_CT_Zone",0.04,3
"Not_CT_Zone",0.41,3
"Not_CT_Zone",0.565,3
"CT_Zone",0.32,3
"Not_CT_Zone",0.5,3
"CT_Zone",0.5,3
"Not_CT_Zone",0.495,3
"Not_CT_Zone",0.025,3
"Not_CT_Zone",0.645,3
"Not_CT_Zone",0.445,3
"Not_CT_Zone",0.26,3
"CT_Zone",0.39,3
"CT_Zone",0.37,3
"CT_Zone",0.435,3
"CT_Zone",0.405,3
"Not_CT_Zone",0.465,3
"Not_CT_Zone",0.445,3
"Not_CT_Zone",0.535,3
"Not_CT_Zone",0.46,3
"CT_Zone",0.415,3
"CT_Zone",0.655,3
"CT_Zone",0.3,3
"CT_Zone",0.515,3
"Not_CT_Zone",0.295,3
"CT_Zone",0.52,3
"CT_Zone",0.325,3
"Not_CT_Zone",0.085,3
"CT_Zone",0.245,3
"Not_CT_Zone",0.385,3
"Not_CT_Zone",0.07,3
"Not_CT_Zone",0.245,3
"Not_CT_Zone",0.14,3
"CT_Zone",0.25,3
"Not_CT_Zone",0.335,3
"CT_Zone",0.445,3
"Not_CT_Zone",0.225,3
"Not_CT_Zone",0.035,3
"CT_Zone",0.49,3
"Not_CT_Zone",0.285,3
"Not_CT_Zone",0.52,3
"Not_CT_Zone",0.235,3
"CT_Zone",0.525,3
"Not_CT_Zone",0.44,3
"Not_CT_Zone",0.155,3
"CT_Zone",0.465,3
"CT_Zone",0.615,3
"CT_Zone",0.55,3
"Not_CT_Zone",0.24,3
"Not_CT_Zone",0.29,3
"Not_CT_Zone",0.295,3
"CT_Zone",0.5,3
"Not_CT_Zone",0.28,3
"Not_CT_Zone",0.655,3
"Not_CT_Zone",0.15,3
"Not_CT_Zone",0.24,3
"Not_CT_Zone",0.44,3
"Not_CT_Zone",0.47,3
"Not_CT_Zone",0.245,3
"Not_CT_Zone",0.04,3
"Not_CT_Zone",0.42,3
"CT_Zone",0.345,3
"Not_CT_Zone",0.45,3
"Not_CT_Zone",0.28,3
"CT_Zone",0.54,3
"CT_Zone",0.645,3
"Not_CT_Zone",0.045,3
"Not_CT_Zone",0.36,3
"Not_CT_Zone",0.465,3
"Not_CT_Zone",0.44,3
"CT_Zone",0.63,3
"Not_CT_Zone",0.035,3
"CT_Zone",0.455,3
"CT_Zone",0.345,3
"Not_CT_Zone",0.49,3
"Not_CT_Zone",0.045,3
"Not_CT_Zone",0.205,3
"Not_CT_Zone",0.235,3
"CT_Zone",0.53,3
"CT_Zone",0.45,3
"Not_CT_Zone",0.435,3
"CT_Zone",0.525,3
"CT_Zone",0.58,3
"Not_CT_Zone",0.31,3
"Not_CT_Zone",0.225,3
"Not_CT_Zone",0.4,3
"Not_CT_Zone",0.44,3
"Not_CT_Zone",0.145,3
"Not_CT_Zone",0.31,3
"Not_CT_Zone",0.37,3
"CT_Zone",0.525,3
"Not_CT_Zone",0.185,3
"CT_Zone",0.37,3
"CT_Zone",0.325,3
"Not_CT_Zone",0.175,3
"CT_Zone",0.55,3
"Not_CT_Zone",0.38,3
"Not_CT_Zone",0.625,3
"Not_CT_Zone",0.485,3
"Not_CT_Zone",0.305,3
"Not_CT_Zone",0.405,3
"Not_CT_Zone",0.195,3
"Not_CT_Zone",0.66,3
"CT_Zone",0.495,3
"Not_CT_Zone",0.14,3
"CT_Zone",0.405,3
"CT_Zone",0.285,3
"CT_Zone",0.55,3
"Not_CT_Zone",0.635,3
"CT_Zone",0.51,3
"Not_CT_Zone",0.345,3
"Not_CT_Zone",0.605,3
"Not_CT_Zone",0.455,3
"CT_Zone",0.275,3
"Not_CT_Zone",0.26,3
"CT_Zone",0.585,3
"Not_CT_Zone",0.29,3
"CT_Zone",0.445,3
"Not_CT_Zone",0.37,3
"Not_CT_Zone",0.495,3
"CT_Zone",0.38,3
"Not_CT_Zone",0.135,3
"Not_CT_Zone",0.04,3
"CT_Zone",0.285,3
"Not_CT_Zone",0.465,3
"Not_CT_Zone",0.375,3
"CT_Zone",0.375,3
"Not_CT_Zone",0.36,3
"CT_Zone",0.29,3
"Not_CT_Zone",0.135,3
"CT_Zone",0.335,3
"Not_CT_Zone",0.31,3
"CT_Zone",0.435,3
"Not_CT_Zone",0.325,3
"CT_Zone",0.525,3
"CT_Zone",0.315,3
"Not_CT_Zone",0.265,3
"Not_CT_Zone",0.495,3
"Not_CT_Zone",0.05,3
"Not_CT_Zone",0.025,3
"Not_CT_Zone",0.5,3
"Not_CT_Zone",0.275,3
"CT_Zone",0.605,3
"Not_CT_Zone",0.645,3
"CT_Zone",0.335,3
"CT_Zone",0.3,3
"Not_CT_Zone",0.435,3
"Not_CT_Zone",0.035,3
"Not_CT_Zone",0.325,3
"Not_CT_Zone",0.08,3
"Not_CT_Zone",0.195,3
"CT_Zone",0.415,3
"CT_Zone",0.48,3
"Not_CT_Zone",0.42,3
"Not_CT_Zone",0.38,3
"Not_CT_Zone",0.035,3
"CT_Zone",0.385,3
"Not_CT_Zone",0.51,3
"Not_CT_Zone",0.285,3
"Not_CT_Zone",0.455,3
"CT_Zone",0.41,3
"CT_Zone",0.68,3
"Not_CT_Zone",0.34,3
"Not_CT_Zone",0.545,3
"Not_CT_Zone",0.27,3
"Not_CT_Zone",0.31,3
"Not_CT_Zone",0.3,3
"Not_CT_Zone",0.375,3
"CT_Zone",0.36,3
"Not_CT_Zone",0.49,3
"Not_CT_Zone",0.31,3
"Not_CT_Zone",0.415,3
"Not_CT_Zone",0.54,3
"CT_Zone",0.36,3
"Not_CT_Zone",0.125,3
"Not_CT_Zone",0.49,3
"Not_CT_Zone",0.06,3
"Not_CT_Zone",0.69,3
"Not_CT_Zone",0.55,3
"Not_CT_Zone",0.47,3
"Not_CT_Zone",0.375,3
"Not_CT_Zone",0.33,3
"CT_Zone",0.46,3
"Not_CT_Zone",0.255,3
"Not_CT_Zone",0.485,3
"Not_CT_Zone",0.26,3
"Not_CT_Zone",0.365,3
"Not_CT_Zone",0.385,3
"CT_Zone",0.375,3
"Not_CT_Zone",0.21,3
"CT_Zone",0.51,3
"Not_CT_Zone",0.42,3
"Not_CT_Zone",0.445,3
"CT_Zone",0.325,3
"CT_Zone",0.605,3
"Not_CT_Zone",0.55,3
"Not_CT_Zone",0.44,3
"Not_CT_Zone",0.345,3
"CT_Zone",0.245,3
"Not_CT_Zone",0.34,3
"Not_CT_Zone",0.65,3
"CT_Zone",0.51,3
"CT_Zone",0.38,3
"CT_Zone",0.305,3
"Not_CT_Zone",0.395,3
"CT_Zone",0.27,3
"Not_CT_Zone",0.055,3
"Not_CT_Zone",0.42,3
"Not_CT_Zone",0.1,3
"CT_Zone",0.3,3
"Not_CT_Zone",0.45,3
"Not_CT_Zone",0.38,3
"Not_CT_Zone",0.055,3
"Not_CT_Zone",0.505,3
"Not_CT_Zone",0.32,3
"CT_Zone",0.3,3
"CT_Zone",0.495,3
"CT_Zone",0.25,3
"Not_CT_Zone",0.485,3
"Not_CT_Zone",0.595,3
"Not_CT_Zone",0.525,3
"CT_Zone",0.355,3
"Not_CT_Zone",0.055,3
"Not_CT_Zone",0.195,3
"Not_CT_Zone",0.455,3
"Not_CT_Zone",0.57,3
"Not_CT_Zone",0.555,3
"Not_CT_Zone",0.165,3
"Not_CT_Zone",0.685,3
"Not_CT_Zone",0.525,3
"Not_CT_Zone",0.46,3
"Not_CT_Zone",0.455,3
"Not_CT_Zone",0.27,3
"Not_CT_Zone",0.605,3
"Not_CT_Zone",0.125,3
"Not_CT_Zone",0.405,3
"Not_CT_Zone",0.285,3
"Not_CT_Zone",0.325,3
"Not_CT_Zone",0.415,3
"Not_CT_Zone",0.595,3
"CT_Zone",0.605,3
"CT_Zone",0.47,3
"Not_CT_Zone",0.395,3
"CT_Zone",0.59,3
"Not_CT_Zone",0.44,3
"Not_CT_Zone",0.465,3
"Not_CT_Zone",0.315,3
"CT_Zone",0.235,3
"Not_CT_Zone",0.26,3
"Not_CT_Zone",0.1,3
"Not_CT_Zone",0.305,3
"Not_CT_Zone",0.055,3
"Not_CT_Zone",0.385,3
"Not_CT_Zone",0.405,3
"Not_CT_Zone",0.045,3
"Not_CT_Zone",0.13,3
"Not_CT_Zone",0.525,3
"CT_Zone",0.31,3
"Not_CT_Zone",0.155,3
"Not_CT_Zone",0.67,3
"Not_CT_Zone",0.34,3
"Not_CT_Zone",0.285,3
"Not_CT_Zone",0.425,3
"CT_Zone",0.515,3
"CT_Zone",0.28,3
"CT_Zone",0.38,3
"Not_CT_Zone",0.455,3
"Not_CT_Zone",0.425,3
"Not_CT_Zone",0.08,3
"Not_CT_Zone",0.23,3
"Not_CT_Zone",0.38,3
"CT_Zone",0.465,3
"Not_CT_Zone",0.505,3
"CT_Zone",0.395,3
"Not_CT_Zone",0.47,3
"Not_CT_Zone",0.355,3
"CT_Zone",0.33,3
"Not_CT_Zone",0.085,3
"CT_Zone",0.375,3
"CT_Zone",0.44,3
"Not_CT_Zone",0.685,3
"Not_CT_Zone",0.365,3
"Not_CT_Zone",0.53,3
"Not_CT_Zone",0.225,3
"CT_Zone",0.535,3
"Not_CT_Zone",0.575,3
"Not_CT_Zone",0.26,3
"Not_CT_Zone",0.48,3
"Not_CT_Zone",0.075,3
"Not_CT_Zone",0.23,3
"Not_CT_Zone",0.19,3
"Not_CT_Zone",0.375,3
"Not_CT_Zone",0.51,3
"CT_Zone",0.56,3
"Not_CT_Zone",0.465,3
"Not_CT_Zone",0.375,3
"CT_Zone",0.365,3
"CT_Zone",0.425,3
"Not_CT_Zone",0.35,3
"Not_CT_Zone",0.38,3
"Not_CT_Zone",0.07,3
"Not_CT_Zone",0.3,3
"CT_Zone",0.435,3
"Not_CT_Zone",0.07,3
"CT_Zone",0.385,3
"Not_CT_Zone",0.65,3
"Not_CT_Zone",0.35,3
"Not_CT_Zone",0.39,3
"Not_CT_Zone",0.445,3
"Not_CT_Zone",0.575,3
"Not_CT_Zone",0.35,3
"Not_CT_Zone",0.395,3
"Not_CT_Zone",0.31,3
"Not_CT_Zone",0.05,3
"CT_Zone",0.3,3
"Not_CT_Zone",0.63,3
"Not_CT_Zone",0.355,3
"Not_CT_Zone",0.435,3
"Not_CT_Zone",0.385,3
"CT_Zone",0.55,3
"Not_CT_Zone",0.08,3
"CT_Zone",0.255,3
"CT_Zone",0.35,3
"CT_Zone",0.465,3
"Not_CT_Zone",0.42,3
"CT_Zone",0.415,3
"CT_Zone",0.41,3
"Not_CT_Zone",0.255,3
"Not_CT_Zone",0.43,3
"Not_CT_Zone",0.505,3
"Not_CT_Zone",0.65,3
"Not_CT_Zone",0.485,3
"CT_Zone",0.235,3
"Not_CT_Zone",0.32,3
"CT_Zone",0.295,3
"Not_CT_Zone",0.47,3
"CT_Zone",0.54,3
"Not_CT_Zone",0.235,3
"CT_Zone",0.705,3
"CT_Zone",0.37,3
"Not_CT_Zone",0.365,3
"CT_Zone",0.575,3
"CT_Zone",0.47,3
"Not_CT_Zone",0.49,3
"Not_CT_Zone",0.49,3
"Not_CT_Zone",0.33,3
"Not_CT_Zone",0.29,3
"Not_CT_Zone",0.3,3
"Not_CT_Zone",0.69,3
"Not_CT_Zone",0.195,3
"Not_CT_Zone",0.185,3
"Not_CT_Zone",0.415,3
"Not_CT_Zone",0.06,3
"Not_CT_Zone",0.38,3
"Not_CT_Zone",0.075,3
"Not_CT_Zone",0.54,3
"Not_CT_Zone",0.3,3
"Not_CT_Zone",0.19,3
"Not_CT_Zone",0.67,3
"Not_CT_Zone",0.5,3
"CT_Zone",0.41,3
"Not_CT_Zone",0.425,3
"CT_Zone",0.465,3
"Not_CT_Zone",0.41,3
"Not_CT_Zone",0.505,3
"Not_CT_Zone",0.68,3
"Not_CT_Zone",0.345,3
"CT_Zone",0.39,3
"Not_CT_Zone",0.325,3
"Not_CT_Zone",0.115,3
"CT_Zone",0.665,3
"Not_CT_Zone",0.515,3
"Not_CT_Zone",0.32,3
"Not_CT_Zone",0.34,3
"Not_CT_Zone",0.32,3
"Not_CT_Zone",0.01,3
"CT_Zone",0.54,3
"CT_Zone",0.4,3
"Not_CT_Zone",0.11,3
"Not_CT_Zone",0.025,3
"Not_CT_Zone",0.195,3
"Not_CT_Zone",0.395,3
"Not_CT_Zone",0.415,3
"Not_CT_Zone",0.545,3
"Not_CT_Zone",0.65,3
"Not_CT_Zone",0.21,3
"Not_CT_Zone",0.01,3
"Not_CT_Zone",0.44,3
"CT_Zone",0.745,3
"Not_CT_Zone",0.28,3
"CT_Zone",0.55,3
"CT_Zone",0.44,3
"Not_CT_Zone",0.31,3
"Not_CT_Zone",0.025,3
"Not_CT_Zone",0.36,3
"CT_Zone",0.54,3
"CT_Zone",0.505,3
"Not_CT_Zone",0.495,3
"Not_CT_Zone",0.37,3
"Not_CT_Zone",0.06,3
"Not_CT_Zone",0.265,3
"CT_Zone",0.61,3
"CT_Zone",0.455,3
"Not_CT_Zone",0.385,3
"Not_CT_Zone",0.58,3
"CT_Zone",0.365,3
"Not_CT_Zone",0.63,3
"Not_CT_Zone",0.22,3
"CT_Zone",0.38,3
"CT_Zone",0.38,3
"Not_CT_Zone",0.495,3
"Not_CT_Zone",0.31,3
"CT_Zone",0.58,3
"Not_CT_Zone",0.115,3
"Not_CT_Zone",0.255,3
"Not_CT_Zone",0.26,3
"Not_CT_Zone",0.225,3
"Not_CT_Zone",0.44,3
"CT_Zone",0.47,3
"CT_Zone",0.505,3
"Not_CT_Zone",0.36,3
"CT_Zone",0.475,3
"Not_CT_Zone",0.42,3
"Not_CT_Zone",0.06,3
"Not_CT_Zone",0.46,3
"Not_CT_Zone",0.27,3
"Not_CT_Zone",0.04,3
"CT_Zone",0.46,3
"Not_CT_Zone",0.425,3
"Not_CT_Zone",0.655,3
"Not_CT_Zone",0.585,3
"CT_Zone",0.465,3
"Not_CT_Zone",0.09,3
"Not_CT_Zone",0.39,3
"Not_CT_Zone",0.55,3
"CT_Zone",0.495,3
"CT_Zone",0.575,3
"Not_CT_Zone",0.06,3
"Not_CT_Zone",0.21,3
"CT_Zone",0.29,3
"Not_CT_Zone",0,3
"Not_CT_Zone",0.445,3
"Not_CT_Zone",0.52,3
"Not_CT_Zone",0.07,3
"CT_Zone",0.33,3
"CT_Zone",0.515,3
"Not_CT_Zone",0.695,3
"Not_CT_Zone",0.325,3
"CT_Zone",0.515,3
"CT_Zone",0.315,3
"Not_CT_Zone",0.47,3
"Not_CT_Zone",0.435,3
"Not_CT_Zone",0.345,3
"CT_Zone",0.325,3
"CT_Zone",0.36,3
"Not_CT_Zone",0.6,3
"CT_Zone",0.485,3
"CT_Zone",0.305,3
"Not_CT_Zone",0.445,3
"Not_CT_Zone",0.585,3
"Not_CT_Zone",0.29,3
"Not_CT_Zone",0.435,3
"Not_CT_Zone",0.395,3
"CT_Zone",0.395,3
"CT_Zone",0.56,3
"CT_Zone",0.475,3
"Not_CT_Zone",0.185,3
"Not_CT_Zone",0.3,3
"Not_CT_Zone",0.305,3
"CT_Zone",0.755,3
"Not_CT_Zone",0.49,3
"Not_CT_Zone",0.31,3
"Not_CT_Zone",0.16,3
"Not_CT_Zone",0.04,3
"Not_CT_Zone",0.02,3
"Not_CT_Zone",0.225,3
"Not_CT_Zone",0.33,3
"Not_CT_Zone",0.12,3
"Not_CT_Zone",0.73,3
"CT_Zone",0.365,3
"CT_Zone",0.34,3
"CT_Zone",0.37,3
"Not_CT_Zone",0.225,3
"CT_Zone",0.47,3
"Not_CT_Zone",0.4,3
"Not_CT_Zone",0.045,3
"Not_CT_Zone",0.53,3
"CT_Zone",0.53,3
"CT_Zone",0.325,3
"Not_CT_Zone",0.265,3
"CT_Zone",0.425,3
"CT_Zone",0.345,3
"Not_CT_Zone",0.325,3
"Not_CT_Zone",0.19,3
"Not_CT_Zone",0.555,3
"Not_CT_Zone",0.27,3
"CT_Zone",0.58,3
"Not_CT_Zone",0.49,3
"Not_CT_Zone",0.245,3
"CT_Zone",0.465,3
"Not_CT_Zone",0.71,3
"Not_CT_Zone",0.19,3
"Not_CT_Zone",0.025,3
"CT_Zone",0.255,3
"Not_CT_Zone",0.045,3
"Not_CT_Zone",0.64,3
"Not_CT_Zone",0.45,3
"CT_Zone",0.685,3
"Not_CT_Zone",0.375,3
"Not_CT_Zone",0.5,3
"Not_CT_Zone",0.41,3
"Not_CT_Zone",0.425,3
"CT_Zone",0.465,3
"CT_Zone",0.58,3
"Not_CT_Zone",0.09,3
"CT_Zone",0.515,3
"CT_Zone",0.675,3
"Not_CT_Zone",0.68,3
"Not_CT_Zone",0.575,3
"CT_Zone",0.385,3
"CT_Zone",0.51,3
"Not_CT_Zone",0.045,3
"Not_CT_Zone",0.325,3
"CT_Zone",0.22,3
"Not_CT_Zone",0.385,3
"Not_CT_Zone",0.355,3
"Not_CT_Zone",0.28,3
"Not_CT_Zone",0.015,3
"Not_CT_Zone",0.76,3
"Not_CT_Zone",0.525,3
"Not_CT_Zone",0.335,3
"Not_CT_Zone",0.45,3
"Not_CT_Zone",0.54,3
"Not_CT_Zone",0.4,3
"CT_Zone",0.375,3
"Not_CT_Zone",0.3,3
"Not_CT_Zone",0.385,3
"Not_CT_Zone",0.035,3
"Not_CT_Zone",0.57,3
"Not_CT_Zone",0.54,3
"Not_CT_Zone",0.65,3
"CT_Zone",0.285,3
"Not_CT_Zone",0.56,3
"CT_Zone",0.22,3
"CT_Zone",0.325,3
"Not_CT_Zone",0.385,3
"CT_Zone",0.28,3
"Not_CT_Zone",0.165,3
"Not_CT_Zone",0.57,3
"Not_CT_Zone",0.42,3
"Not_CT_Zone",0.055,3
"Not_CT_Zone",0.575,3
"Not_CT_Zone",0.485,3
"Not_CT_Zone",0.235,3
"Not_CT_Zone",0.07,3
"CT_Zone",0.33,3
"Not_CT_Zone",0.26,3
"CT_Zone",0.465,3
"Not_CT_Zone",0.665,3
"CT_Zone",0.27,3
"Not_CT_Zone",0.275,3
"CT_Zone",0.495,3
"Not_CT_Zone",0.285,3
"Not_CT_Zone",0.11,3
"Not_CT_Zone",0.465,3
"Not_CT_Zone",0.05,3
"Not_CT_Zone",0.29,3
"Not_CT_Zone",0.3,3
"Not_CT_Zone",0.305,3
"Not_CT_Zone",0.39,3
"Not_CT_Zone",0.43,3
"CT_Zone",0.33,3
"Not_CT_Zone",0.535,3
"CT_Zone",0.625,3
"CT_Zone",0.22,3
"Not_CT_Zone",0.07,3
"Not_CT_Zone",0.31,3
"Not_CT_Zone",0.45,3
"CT_Zone",0.33,3
"Not_CT_Zone",0.59,3
"Not_CT_Zone",0.695,3
"Not_CT_Zone",0.525,3
"CT_Zone",0.325,3
"Not_CT_Zone",0.375,3
"Not_CT_Zone",0.285,3
"CT_Zone",0.52,3
"Not_CT_Zone",0.33,3
"Not_CT_Zone",0.65,3
"Not_CT_Zone",0.37,3
"Not_CT_Zone",0.475,3
"Not_CT_Zone",0.07,3
"Not_CT_Zone",0.465,3
"Not_CT_Zone",0.43,3
"Not_CT_Zone",0.365,3
"Not_CT_Zone",0.315,3
"CT_Zone",0.325,3
"Not_CT_Zone",0.42,3
"Not_CT_Zone",0.71,3
"Not_CT_Zone",0.27,3
"Not_CT_Zone",0.335,3
"Not_CT_Zone",0.705,3
"Not_CT_Zone",0.385,3
"CT_Zone",0.325,3
"CT_Zone",0.595,3
"Not_CT_Zone",0.59,3
"Not_CT_Zone",0.51,3
"Not_CT_Zone",0.275,3
"Not_CT_Zone",0.36,3
"CT_Zone",0.305,3
"CT_Zone",0.595,3
"CT_Zone",0.41,3
"CT_Zone",0.365,3
"Not_CT_Zone",0.44,3
"Not_CT_Zone",0.335,3
"Not_CT_Zone",0.35,3
"CT_Zone",0.42,3
"Not_CT_Zone",0.47,3
"CT_Zone",0.38,3
"Not_CT_Zone",0.5,3
"Not_CT_Zone",0.58,3
"Not_CT_Zone",0.215,3
"Not_CT_Zone",0.425,3
"Not_CT_Zone",0.625,3
"CT_Zone",0.36,3
"CT_Zone",0.24,3
"CT_Zone",0.555,3
"Not_CT_Zone",0.37,3
"Not_CT_Zone",0.525,3
"CT_Zone",0.595,3
"CT_Zone",0.305,3
"Not_CT_Zone",0.315,3
"Not_CT_Zone",0.095,3
"CT_Zone",0.32,3
"CT_Zone",0.745,3
"CT_Zone",0.445,3
"Not_CT_Zone",0.085,3
"Not_CT_Zone",0.69,3
"Not_CT_Zone",0.065,3
"Not_CT_Zone",0.295,3
"Not_CT_Zone",0.53,3
"Not_CT_Zone",0.35,3
"Not_CT_Zone",0.375,3
"CT_Zone",0.46,3
"Not_CT_Zone",0.04,3
"Not_CT_Zone",0.715,3
"Not_CT_Zone",0.275,3
"Not_CT_Zone",0.575,3
"CT_Zone",0.345,3
"Not_CT_Zone",0.67,3
"Not_CT_Zone",0.27,3
"Not_CT_Zone",0.47,3
"CT_Zone",0.665,3
"Not_CT_Zone",0.385,3
"CT_Zone",0.53,3
"Not_CT_Zone",0.37,3
"Not_CT_Zone",0.38,3
"Not_CT_Zone",0.48,3
"Not_CT_Zone",0.06,3
"Not_CT_Zone",0.345,3
"Not_CT_Zone",0.4,3
"Not_CT_Zone",0.555,3
"CT_Zone",0.47,3
"CT_Zone",0.355,3
"CT_Zone",0.435,3
"Not_CT_Zone",0.45,3
"Not_CT_Zone",0.325,3
"CT_Zone",0.625,3
"CT_Zone",0.36,3
"Not_CT_Zone",0.415,3
"Not_CT_Zone",0.675,3
"Not_CT_Zone",0.55,3
"Not_CT_Zone",0.65,3
"Not_CT_Zone",0.435,3
"CT_Zone",0.435,3
"CT_Zone",0.43,3
"Not_CT_Zone",0.425,3
"Not_CT_Zone",0.27,3
"Not_CT_Zone",0.5,3
"Not_CT_Zone",0.36,3
"CT_Zone",0.415,3
"Not_CT_Zone",0.395,3
"Not_CT_Zone",0.605,3
"Not_CT_Zone",0.58,3
"Not_CT_Zone",0.07,3
"Not_CT_Zone",0.385,3
"Not_CT_Zone",0.24,3
"Not_CT_Zone",0.035,3
"Not_CT_Zone",0.045,3
"Not_CT_Zone",0.325,3
"Not_CT_Zone",0.075,3
"Not_CT_Zone",0.415,3
"Not_CT_Zone",0.465,3
"Not_CT_Zone",0.37,3
"Not_CT_Zone",0.295,3
"Not_CT_Zone",0.015,3
"CT_Zone",0.425,3
"Not_CT_Zone",0.44,3
"CT_Zone",0.425,3
"Not_CT_Zone",0.32,3
"Not_CT_Zone",0.565,3
"Not_CT_Zone",0.74,3
"Not_CT_Zone",0.22,3
"Not_CT_Zone",0.41,3
"CT_Zone",0.595,3
"Not_CT_Zone",0.525,3
"CT_Zone",0.44,3
"Not_CT_Zone",0.08,3
"CT_Zone",0.475,3
"Not_CT_Zone",0.265,3
"Not_CT_Zone",0.255,3
"Not_CT_Zone",0.37,3
"Not_CT_Zone",0.43,3
"Not_CT_Zone",0.325,3
"CT_Zone",0.265,3
"Not_CT_Zone",0.315,3
"Not_CT_Zone",0.045,3
"Not_CT_Zone",0.53,3
"Not_CT_Zone",0.52,3
"CT_Zone",0.605,3
"CT_Zone",0.32,3
"Not_CT_Zone",0.085,3
"Not_CT_Zone",0.405,3
"Not_CT_Zone",0.04,3
"Not_CT_Zone",0.4,3
"Not_CT_Zone",0.28,3
"Not_CT_Zone",0.22,3
"Not_CT_Zone",0.4,3
"Not_CT_Zone",0.34,3
"Not_CT_Zone",0.26,3
"Not_CT_Zone",0.205,3
"Not_CT_Zone",0.615,3
"Not_CT_Zone",0.21,3
"Not_CT_Zone",0.315,3
"CT_Zone",0.32,3
"Not_CT_Zone",0.385,3
"CT_Zone",0.52,3
"CT_Zone",0.37,3
"CT_Zone",0.465,3
"Not_CT_Zone",0.315,3
"Not_CT_Zone",0.56,3
"CT_Zone",0.39,3
"Not_CT_Zone",0.33,3
"CT_Zone",0.175,3
"Not_CT_Zone",0.35,3
"CT_Zone",0.345,3
"Not_CT_Zone",0.37,3
"Not_CT_Zone",0.035,3
"Not_CT_Zone",0.295,3
"Not_CT_Zone",0.375,3
"CT_Zone",0.45,3
"Not_CT_Zone",0.355,3
"Not_CT_Zone",0.225,3
"CT_Zone",0.315,3
"Not_CT_Zone",0.27,3
"Not_CT_Zone",0.22,3
"Not_CT_Zone",0.01,3
"Not_CT_Zone",0.425,3
"Not_CT_Zone",0.125,3
"Not_CT_Zone",0.325,3
"Not_CT_Zone",0.085,3
"Not_CT_Zone",0.705,3
"Not_CT_Zone",0.515,3
"Not_CT_Zone",0.38,3
"Not_CT_Zone",0.32,3
"Not_CT_Zone",0.37,3
"Not_CT_Zone",0.05,3
"Not_CT_Zone",0.05,3
"Not_CT_Zone",0.27,3
"CT_Zone",0.635,3
"Not_CT_Zone",0.455,3
"CT_Zone",0.375,3
"CT_Zone",0.235,3
"Not_CT_Zone",0.21,3
"Not_CT_Zone",0.395,3
"CT_Zone",0.47,3
"CT_Zone",0.57,3
"Not_CT_Zone",0.085,3
"Not_CT_Zone",0.245,3
"Not_CT_Zone",0.06,3
"Not_CT_Zone",0.395,3
"Not_CT_Zone",0.045,3
"Not_CT_Zone",0.505,3
"CT_Zone",0.34,3
"CT_Zone",0.21,3
"Not_CT_Zone",0.375,3
"Not_CT_Zone",0.085,3
"Not_CT_Zone",0.375,3
"Not_CT_Zone",0.05,3
"CT_Zone",0.465,3
"CT_Zone",0.3,3
"Not_CT_Zone",0.015,3
"CT_Zone",0.45,3
"CT_Zone",0.475,3
"Not_CT_Zone",0.65,3
"CT_Zone",0.43,3
"Not_CT_Zone",0.325,3
"Not_CT_Zone",0.335,3
"Not_CT_Zone",0.045,3
"Not_CT_Zone",0.485,3
"Not_CT_Zone",0.4,3
"CT_Zone",0.47,3
"CT_Zone",0.5,3
"Not_CT_Zone",0.455,3
"Not_CT_Zone",0.515,3
"Not_CT_Zone",0.675,3
"Not_CT_Zone",0.275,3
"CT_Zone",0.62,3
"Not_CT_Zone",0.385,3
"Not_CT_Zone",0.64,3
"CT_Zone",0.615,3
"Not_CT_Zone",0.36,3
"CT_Zone",0.37,3
"Not_CT_Zone",0.145,3
"Not_CT_Zone",0.23,3
"CT_Zone",0.355,3
"Not_CT_Zone",0.03,3
"CT_Zone",0.585,3
"Not_CT_Zone",0.235,3
"CT_Zone",0.51,3
"Not_CT_Zone",0.495,3
"Not_CT_Zone",0.1,3
"Not_CT_Zone",0.24,3
"CT_Zone",0.38,3
"CT_Zone",0.45,3
"CT_Zone",0.35,3
"Not_CT_Zone",0.45,3
"Not_CT_Zone",0.3,3
"Not_CT_Zone",0.585,3
"Not_CT_Zone",0.605,3
"CT_Zone",0.39,3
"CT_Zone",0.385,3
"CT_Zone",0.405,3
"Not_CT_Zone",0.35,3
"Not_CT_Zone",0.535,3
"Not_CT_Zone",0.52,3
"Not_CT_Zone",0.475,3
"Not_CT_Zone",0.215,3
"Not_CT_Zone",0.455,3
"CT_Zone",0.6,3
"CT_Zone",0.365,3
"CT_Zone",0.565,3
"Not_CT_Zone",0.34,3
"Not_CT_Zone",0.05,3
"Not_CT_Zone",0.31,3
"Not_CT_Zone",0.215,3
"Not_CT_Zone",0.04,3
"Not_CT_Zone",0.265,3
"CT_Zone",0.5,3
"Not_CT_Zone",0.085,3
"Not_CT_Zone",0.26,3
"CT_Zone",0.355,3
"CT_Zone",0.43,3
"Not_CT_Zone",0.415,3
"Not_CT_Zone",0.585,3
"Not_CT_Zone",0.42,3
"Not_CT_Zone",0.49,3
"CT_Zone",0.455,3
"Not_CT_Zone",0.41,3
"CT_Zone",0.38,3
"Not_CT_Zone",0.35,3
"Not_CT_Zone",0.06,3
"CT_Zone",0.28,3
"Not_CT_Zone",0.685,3
"CT_Zone",0.145,3
"Not_CT_Zone",0.505,3
"CT_Zone",0.315,3
"Not_CT_Zone",0.24,3
"CT_Zone",0.43,3
"Not_CT_Zone",0.23,3
"Not_CT_Zone",0.53,3
"Not_CT_Zone",0.08,3
"Not_CT_Zone",0.385,3
"CT_Zone",0.62,3
"CT_Zone",0.48,3
"Not_CT_Zone",0.06,3
"CT_Zone",0.415,3
"Not_CT_Zone",0.21,3
"Not_CT_Zone",0.295,3
"CT_Zone",0.6,3
"Not_CT_Zone",0.305,3
"Not_CT_Zone",0.02,3
"Not_CT_Zone",0.405,3
"Not_CT_Zone",0.13,3
"CT_Zone",0.51,3
"Not_CT_Zone",0.48,3
"CT_Zone",0.525,3
"Not_CT_Zone",0.705,3
"Not_CT_Zone",0.21,3
"Not_CT_Zone",0.22,3
"Not_CT_Zone",0.35,3
"CT_Zone",0.305,3
"Not_CT_Zone",0.195,3
"Not_CT_Zone",0.57,3
"Not_CT_Zone",0.525,3
"CT_Zone",0.535,3
"Not_CT_Zone",0.445,3
"Not_CT_Zone",0.445,3
"Not_CT_Zone",0.435,3
"Not_CT_Zone",0.425,3
"Not_CT_Zone",0.065,3
"Not_CT_Zone",0.24,3
"Not_CT_Zone",0.24,3
"CT_Zone",0.355,3
"Not_CT_Zone",0.495,3
"Not_CT_Zone",0.095,3
"Not_CT_Zone",0.195,3
"Not_CT_Zone",0.385,3
"Not_CT_Zone",0.585,3
"Not_CT_Zone",0.155,3
"Not_CT_Zone",0.435,3
"Not_CT_Zone",0.66,3
"Not_CT_Zone",0.325,3
"Not_CT_Zone",0.345,3
"Not_CT_Zone",0.06,3
"CT_Zone",0.52,3
"CT_Zone",0.295,3
"CT_Zone",0.395,3
"Not_CT_Zone",0.25,3
"Not_CT_Zone",0.205,3
"Not_CT_Zone",0.415,3
"Not_CT_Zone",0.325,3
"CT_Zone",0.37,3
"CT_Zone",0.585,3
"Not_CT_Zone",0.225,3
"CT_Zone",0.42,3
"Not_CT_Zone",0.555,3
"Not_CT_Zone",0.54,3
"Not_CT_Zone",0.035,3
"Not_CT_Zone",0.425,3
"CT_Zone",0.395,3
"Not_CT_Zone",0.59,3
"Not_CT_Zone",0.255,3
"CT_Zone",0.56,3
"Not_CT_Zone",0.32,3
"Not_CT_Zone",0.56,3
"Not_CT_Zone",0.29,3
"CT_Zone",0.58,3
"Not_CT_Zone",0.51,3
"Not_CT_Zone",0.415,3
"Not_CT_Zone",0.185,3
"CT_Zone",0.38,3
"Not_CT_Zone",0.515,3
"Not_CT_Zone",0.04,3
"Not_CT_Zone",0.415,3
"Not_CT_Zone",0.625,3
"Not_CT_Zone",0.26,3
"CT_Zone",0.31,3
"CT_Zone",0.405,3
"Not_CT_Zone",0.04,3
"Not_CT_Zone",0.45,3
"Not_CT_Zone",0.36,3
"Not_CT_Zone",0.45,3
"Not_CT_Zone",0.325,3
"CT_Zone",0.46,3
"CT_Zone",0.425,3
"Not_CT_Zone",0.05,3
"CT_Zone",0.455,3
"CT_Zone",0.695,3
"Not_CT_Zone",0.34,3
"Not_CT_Zone",0.445,3
"CT_Zone",0.595,3
"CT_Zone",0.4,3
"CT_Zone",0.69,3
"Not_CT_Zone",0.61,3
"Not_CT_Zone",0.49,3
"Not_CT_Zone",0.48,3
"CT_Zone",0.4,3
"Not_CT_Zone",0.285,3
"Not_CT_Zone",0.295,3
"Not_CT_Zone",0.34,3
"Not_CT_Zone",0.38,3
"Not_CT_Zone",0.09,3
"Not_CT_Zone",0.45,3
"CT_Zone",0.69,3
"Not_CT_Zone",0.225,3
"Not_CT_Zone",0.22,3
"Not_CT_Zone",0.215,3
"Not_CT_Zone",0.255,3
"Not_CT_Zone",0.32,3
"Not_CT_Zone",0.4,3
"Not_CT_Zone",0.32,3
"Not_CT_Zone",0.355,3
"Not_CT_Zone",0.1,3
"Not_CT_Zone",0.315,3
"CT_Zone",0.44,3
"CT_Zone",0.5,3
"CT_Zone",0.6,3
"Not_CT_Zone",0.37,3
"Not_CT_Zone",0.47,3
"Not_CT_Zone",0.355,3
"Not_CT_Zone",0.035,3
"CT_Zone",0.315,3
"Not_CT_Zone",0.33,3
"Not_CT_Zone",0.305,3
"CT_Zone",0.335,3
"Not_CT_Zone",0.345,3
"Not_CT_Zone",0.025,3
"CT_Zone",0.38,3
"CT_Zone",0.54,3
"Not_CT_Zone",0.62,3
"CT_Zone",0.5,3
"Not_CT_Zone",0.325,3
"Not_CT_Zone",0.085,3
"CT_Zone",0.21,3
"CT_Zone",0.51,3
"Not_CT_Zone",0.095,3
"Not_CT_Zone",0.5,3
"Not_CT_Zone",0.11,3
"Not_CT_Zone",0.6,3
"Not_CT_Zone",0.505,3
"Not_CT_Zone",0.315,3
"Not_CT_Zone",0.265,3
"Not_CT_Zone",0.37,3
"CT_Zone",0.375,3
"Not_CT_Zone",0.28,3
"Not_CT_Zone",0.395,3
"Not_CT_Zone",0.43,3
"Not_CT_Zone",0.395,3
"CT_Zone",0.48,3
"CT_Zone",0.345,3
"CT_Zone",0.22,3
"CT_Zone",0.545,3
"CT_Zone",0.745,3
"CT_Zone",0.475,3
"Not_CT_Zone",0.08,3
"Not_CT_Zone",0.3,3
"Not_CT_Zone",0.435,3
"Not_CT_Zone",0.385,3
"CT_Zone",0.37,3
"CT_Zone",0.43,3
"Not_CT_Zone",0.29,3
"Not_CT_Zone",0.365,3
"Not_CT_Zone",0.505,3
"Not_CT_Zone",0.34,3
"Not_CT_Zone",0.375,3
"CT_Zone",0.235,3
"Not_CT_Zone",0.275,3
"Not_CT_Zone",0.4,3
"Not_CT_Zone",0.37,3
"Not_CT_Zone",0.345,3
"Not_CT_Zone",0.295,3
"Not_CT_Zone",0.365,3
"Not_CT_Zone",0.26,3
"CT_Zone",0.3,3
"Not_CT_Zone",0.67,3
"Not_CT_Zone",0.43,3
"Not_CT_Zone",0.27,3
"CT_Zone",0.125,3
"CT_Zone",0.41,3
"CT_Zone",0.485,3
"CT_Zone",0.485,3
"Not_CT_Zone",0.745,3
"Not_CT_Zone",0.305,3
"Not_CT_Zone",0.63,3
"Not_CT_Zone",0.38,3
"CT_Zone",0.28,3
"CT_Zone",0.555,3
"CT_Zone",0.535,3
"Not_CT_Zone",0.37,3
"Not_CT_Zone",0.235,3
"Not_CT_Zone",0.3,3
"Not_CT_Zone",0.755,3
"CT_Zone",0.615,3
"Not_CT_Zone",0.315,3
"Not_CT_Zone",0.005,4
"Not_CT_Zone",0.01,4
"Not_CT_Zone",0.005,4
"Not_CT_Zone",0.005,4
"Not_CT_Zone",0.005,4
"Not_CT_Zone",0.01,4
"Not_CT_Zone",0.495,4
"Not_CT_Zone",0,4
"Not_CT_Zone",0.005,4
"Not_CT_Zone",0.01,4
"Not_CT_Zone",0.005,4
"CT_Zone",0.07,4
"Not_CT_Zone",0,4
"Not_CT_Zone",0.23,4
"Not_CT_Zone",0.03,4
"Not_CT_Zone",0.035,4
"Not_CT_Zone",0,4
"Not_CT_Zone",0.02,4
"Not_CT_Zone",0.005,4
"Not_CT_Zone",0.005,4
"Not_CT_Zone",0,4
"Not_CT_Zone",0,4
"Not_CT_Zone",0,4
"Not_CT_Zone",0,4
"Not_CT_Zone",0.295,4
"Not_CT_Zone",0,4
"Not_CT_Zone",0.01,4
"Not_CT_Zone",0.165,4
"CT_Zone",0.285,4
"Not_CT_Zone",0.055,4
"Not_CT_Zone",0.02,4
"Not_CT_Zone",0,4
"Not_CT_Zone",0,4
"Not_CT_Zone",0.06,4
"CT_Zone",0.28,4
"Not_CT_Zone",0.105,4
"Not_CT_Zone",0,4
"Not_CT_Zone",0.005,4
"CT_Zone",0.075,4
"Not_CT_Zone",0,4
"Not_CT_Zone",0.18,4
"Not_CT_Zone",0,4
"Not_CT_Zone",0,4
"Not_CT_Zone",0.015,4
"Not_CT_Zone",0.185,4
"Not_CT_Zone",0.005,4
"Not_CT_Zone",0.375,4
"Not_CT_Zone",0.01,4
"Not_CT_Zone",0.02,4
"Not_CT_Zone",0.34,4
"Not_CT_Zone",0,4
"CT_Zone",0.465,4
"Not_CT_Zone",0.115,4
"Not_CT_Zone",0.04,4
"CT_Zone",0.405,4
"Not_CT_Zone",0.085,4
"Not_CT_Zone",0,4
"Not_CT_Zone",0.025,4
"Not_CT_Zone",0.115,4
"Not_CT_Zone",0.08,4
"Not_CT_Zone",0.345,4
"Not_CT_Zone",0.275,4
"Not_CT_Zone",0.005,4
"Not_CT_Zone",0.35,4
"Not_CT_Zone",0.42,4
"Not_CT_Zone",0.01,4
"Not_CT_Zone",0,4
"Not_CT_Zone",0,4
"Not_CT_Zone",0.055,4
"Not_CT_Zone",0.11,4
"Not_CT_Zone",0.115,4
"Not_CT_Zone",0.21,4
"CT_Zone",0.565,4
"Not_CT_Zone",0.63,4
"Not_CT_Zone",0.515,4
"Not_CT_Zone",0.61,4
"Not_CT_Zone",0.015,4
"Not_CT_Zone",0,4
"Not_CT_Zone",0.09,4
"Not_CT_Zone",0.015,4
"Not_CT_Zone",0.025,4
"Not_CT_Zone",0.015,4
"Not_CT_Zone",0.035,4
"Not_CT_Zone",0.31,4
"Not_CT_Zone",0.235,4
"Not_CT_Zone",0.08,4
"Not_CT_Zone",0.25,4
"Not_CT_Zone",0.09,4
"Not_CT_Zone",0.175,4
"Not_CT_Zone",0.09,4
"Not_CT_Zone",0,4
"Not_CT_Zone",0.08,4
"Not_CT_Zone",0.015,4
"Not_CT_Zone",0.005,4
"Not_CT_Zone",0.25,4
"Not_CT_Zone",0,4
"Not_CT_Zone",0,4
"Not_CT_Zone",0,4
"Not_CT_Zone",0.01,4
"Not_CT_Zone",0.52,4
"Not_CT_Zone",0.005,4
"Not_CT_Zone",0.03,4
"Not_CT_Zone",0,4
"Not_CT_Zone",0.08,4
"Not_CT_Zone",0.005,4
"Not_CT_Zone",0,4
"Not_CT_Zone",0,4
"Not_CT_Zone",0.005,4
"Not_CT_Zone",0,4
"Not_CT_Zone",0.015,4
"Not_CT_Zone",0,4
"Not_CT_Zone",0,4
"Not_CT_Zone",0,4
"Not_CT_Zone",0.03,4
"Not_CT_Zone",0,4
"Not_CT_Zone",0,4
"Not_CT_Zone",0,4
"Not_CT_Zone",0,4
"Not_CT_Zone",0,4
"Not_CT_Zone",0,4
"Not_CT_Zone",0.04,4
"Not_CT_Zone",0.045,4
"Not_CT_Zone",0,4
"Not_CT_Zone",0,4
"Not_CT_Zone",0,4
"Not_CT_Zone",0,4
"Not_CT_Zone",0,4
"Not_CT_Zone",0,4
"Not_CT_Zone",0,4
"Not_CT_Zone",0,4
"Not_CT_Zone",0,4
"Not_CT_Zone",0.035,4
"Not_CT_Zone",0.01,4
"Not_CT_Zone",0.01,4
"Not_CT_Zone",0,4
"Not_CT_Zone",0,4
"Not_CT_Zone",0,4
"Not_CT_Zone",0,4
"Not_CT_Zone",0,4
"Not_CT_Zone",0,4
"Not_CT_Zone",0,4
"Not_CT_Zone",0.01,4
"Not_CT_Zone",0,4
"Not_CT_Zone",0,4
"Not_CT_Zone",0,4
"Not_CT_Zone",0,4
"Not_CT_Zone",0.005,4
"Not_CT_Zone",0,4
"Not_CT_Zone",0,4
"Not_CT_Zone",0,4
"Not_CT_Zone",0,4
"Not_CT_Zone",0,4
"Not_CT_Zone",0,4
"Not_CT_Zone",0,4
"Not_CT_Zone",0,4
"Not_CT_Zone",0,4
"Not_CT_Zone",0,4
"Not_CT_Zone",0,4
"Not_CT_Zone",0.015,4
"Not_CT_Zone",0,4
"Not_CT_Zone",0,4
"Not_CT_Zone",0,4
"Not_CT_Zone",0,4
"Not_CT_Zone",0.005,4
"Not_CT_Zone",0,4
"Not_CT_Zone",0,4
"Not_CT_Zone",0,4
"Not_CT_Zone",0.095,4
"Not_CT_Zone",0.045,4
"Not_CT_Zone",0,4
"Not_CT_Zone",0,4
"Not_CT_Zone",0.005,4
"Not_CT_Zone",0.02,4
"Not_CT_Zone",0.03,4
"Not_CT_Zone",0,4
"Not_CT_Zone",0.005,4
"Not_CT_Zone",0,4
"Not_CT_Zone",0.01,4
"Not_CT_Zone",0,4
"Not_CT_Zone",0,4
"Not_CT_Zone",0.175,4
"Not_CT_Zone",0,4
"Not_CT_Zone",0,4
"Not_CT_Zone",0.01,4
"Not_CT_Zone",0,4
"Not_CT_Zone",0.4,4
"Not_CT_Zone",0,4
"Not_CT_Zone",0,4
"Not_CT_Zone",0.005,4
"Not_CT_Zone",0,4
"Not_CT_Zone",0,4
"Not_CT_Zone",0,4
"Not_CT_Zone",0,4
"Not_CT_Zone",0.015,4
"Not_CT_Zone",0,4
"Not_CT_Zone",0,4
"Not_CT_Zone",0,4
"Not_CT_Zone",0.005,4
"Not_CT_Zone",0.065,4
"Not_CT_Zone",0,4
"Not_CT_Zone",0.065,4
"Not_CT_Zone",0.18,4
"Not_CT_Zone",0,4
"Not_CT_Zone",0.005,4
"Not_CT_Zone",0,4
"Not_CT_Zone",0.005,4
"Not_CT_Zone",0,4
"Not_CT_Zone",0,4
"Not_CT_Zone",0.025,4
"Not_CT_Zone",0.005,4
"Not_CT_Zone",0,4
"Not_CT_Zone",0,4
"Not_CT_Zone",0,4
"Not_CT_Zone",0.015,4
"Not_CT_Zone",0,4
"Not_CT_Zone",0.005,4
"Not_CT_Zone",0.02,4
"Not_CT_Zone",0,4
"Not_CT_Zone",0,4
"Not_CT_Zone",0,4
"Not_CT_Zone",0.405,4
"Not_CT_Zone",0,4
"Not_CT_Zone",0.375,4
"Not_CT_Zone",0.005,4
"Not_CT_Zone",0,4
"Not_CT_Zone",0,4
"Not_CT_Zone",0,4
"Not_CT_Zone",0.015,4
"Not_CT_Zone",0.08,4
"Not_CT_Zone",0.005,4
"Not_CT_Zone",0.005,4
"Not_CT_Zone",0,4
"Not_CT_Zone",0.04,4
"Not_CT_Zone",0,4
"Not_CT_Zone",0.04,4
"Not_CT_Zone",0,4
"Not_CT_Zone",0,4
"Not_CT_Zone",0,4
"Not_CT_Zone",0,4
"Not_CT_Zone",0.575,4
"Not_CT_Zone",0.005,4
"Not_CT_Zone",0.005,4
"Not_CT_Zone",0.005,4
"Not_CT_Zone",0,4
"Not_CT_Zone",0.015,4
"Not_CT_Zone",0.01,4
"Not_CT_Zone",0.015,4
"Not_CT_Zone",0,4
"Not_CT_Zone",0,4
"Not_CT_Zone",0,4
"Not_CT_Zone",0.025,4
"Not_CT_Zone",0,4
"Not_CT_Zone",0,4
"Not_CT_Zone",0,4
"Not_CT_Zone",0.005,4
"Not_CT_Zone",0.035,4
"Not_CT_Zone",0,4
"Not_CT_Zone",0.055,4
"Not_CT_Zone",0,4
"Not_CT_Zone",0,4
"Not_CT_Zone",0.005,4
"Not_CT_Zone",0.095,4
"Not_CT_Zone",0,4
"Not_CT_Zone",0,4
"Not_CT_Zone",0.015,4
"Not_CT_Zone",0,4
"Not_CT_Zone",0,4
"Not_CT_Zone",0.205,4
"Not_CT_Zone",0,4
"Not_CT_Zone",0.005,4
"Not_CT_Zone",0.005,4
"Not_CT_Zone",0,4
"Not_CT_Zone",0.2,4
"Not_CT_Zone",0.01,4
"Not_CT_Zone",0.25,4
"Not_CT_Zone",0.005,4
"Not_CT_Zone",0,4
"Not_CT_Zone",0,4
"Not_CT_Zone",0,4
"Not_CT_Zone",0.01,4
"Not_CT_Zone",0.02,4
"Not_CT_Zone",0,4
"Not_CT_Zone",0,4
"Not_CT_Zone",0,4
"Not_CT_Zone",0,4
"Not_CT_Zone",0,4
"Not_CT_Zone",0,4
"Not_CT_Zone",0,4
"Not_CT_Zone",0.005,4
"Not_CT_Zone",0,4
"Not_CT_Zone",0.28,4
"Not_CT_Zone",0.04,4
"Not_CT_Zone",0,4
"Not_CT_Zone",0.175,4
"Not_CT_Zone",0,4
"Not_CT_Zone",0.045,4
"Not_CT_Zone",0,4
"Not_CT_Zone",0,4
"Not_CT_Zone",0,4
"Not_CT_Zone",0.005,4
"Not_CT_Zone",0,4
"Not_CT_Zone",0,4
"Not_CT_Zone",0,4
"Not_CT_Zone",0,4
"Not_CT_Zone",0,4
"Not_CT_Zone",0,4
"Not_CT_Zone",0.005,4
"Not_CT_Zone",0,4
"Not_CT_Zone",0.005,4
"Not_CT_Zone",0,4
"Not_CT_Zone",0,4
"Not_CT_Zone",0,4
"Not_CT_Zone",0,4
"Not_CT_Zone",0,4
"Not_CT_Zone",0,4
"Not_CT_Zone",0,4
"Not_CT_Zone",0.005,4
"Not_CT_Zone",0,4
"Not_CT_Zone",0.045,4
"Not_CT_Zone",0,4
"Not_CT_Zone",0.005,4
"Not_CT_Zone",0,4
"Not_CT_Zone",0,4
"Not_CT_Zone",0,4
"Not_CT_Zone",0,4
"Not_CT_Zone",0.115,4
"Not_CT_Zone",0,4
"Not_CT_Zone",0.005,4
"Not_CT_Zone",0,4
"Not_CT_Zone",0,4
"Not_CT_Zone",0,4
"Not_CT_Zone",0,4
"Not_CT_Zone",0,4
"Not_CT_Zone",0.05,4
"Not_CT_Zone",0,4
"Not_CT_Zone",0,4
"Not_CT_Zone",0.005,4
"Not_CT_Zone",0.005,4
"Not_CT_Zone",0,4
"Not_CT_Zone",0,4
"Not_CT_Zone",0,4
"Not_CT_Zone",0,4
"Not_CT_Zone",0.005,4
"Not_CT_Zone",0,4
"Not_CT_Zone",0,4
"Not_CT_Zone",0,4
"Not_CT_Zone",0.005,4
"Not_CT_Zone",0.005,4
"Not_CT_Zone",0.005,4
"Not_CT_Zone",0,4
"Not_CT_Zone",0,4
"Not_CT_Zone",0,4
"Not_CT_Zone",0,4
"Not_CT_Zone",0,4
"Not_CT_Zone",0,4
"Not_CT_Zone",0.005,4
"Not_CT_Zone",0,4
"Not_CT_Zone",0.01,4
"Not_CT_Zone",0.02,4
"Not_CT_Zone",0,4
"Not_CT_Zone",0,4
"Not_CT_Zone",0.005,4
"Not_CT_Zone",0,4
"Not_CT_Zone",0.09,4
"Not_CT_Zone",0.08,4
"Not_CT_Zone",0,4
"Not_CT_Zone",0.005,4
"Not_CT_Zone",0.01,4
"Not_CT_Zone",0.01,4
"Not_CT_Zone",0,4
"Not_CT_Zone",0,4
"Not_CT_Zone",0,4
"Not_CT_Zone",0.005,4
"Not_CT_Zone",0,4
"Not_CT_Zone",0,4
"Not_CT_Zone",0,4
"Not_CT_Zone",0.005,4
"Not_CT_Zone",0.01,4
"Not_CT_Zone",0.16,4
"Not_CT_Zone",0.01,4
"CT_Zone",0.385,4
"CT_Zone",0.325,4
"Not_CT_Zone",0.005,4
"Not_CT_Zone",0,4
"Not_CT_Zone",0.01,4
"Not_CT_Zone",0.005,4
"Not_CT_Zone",0,4
"Not_CT_Zone",0,4
"Not_CT_Zone",0,4
"Not_CT_Zone",0,4
"Not_CT_Zone",0,4
"Not_CT_Zone",0,4
"Not_CT_Zone",0.125,4
"Not_CT_Zone",0.095,4
"Not_CT_Zone",0.005,4
"Not_CT_Zone",0.405,4
"Not_CT_Zone",0,4
"Not_CT_Zone",0,4
"Not_CT_Zone",0.125,4
"Not_CT_Zone",0.17,4
"Not_CT_Zone",0,4
"Not_CT_Zone",0.015,4
"Not_CT_Zone",0.01,4
"Not_CT_Zone",0,4
"Not_CT_Zone",0,4
"Not_CT_Zone",0,4
"Not_CT_Zone",0.085,4
"Not_CT_Zone",0,4
"Not_CT_Zone",0,4
"Not_CT_Zone",0,4
"Not_CT_Zone",0,4
"Not_CT_Zone",0.005,4
"Not_CT_Zone",0.015,4
"Not_CT_Zone",0,4
"Not_CT_Zone",0,4
"Not_CT_Zone",0.015,4
"Not_CT_Zone",0.01,4
"Not_CT_Zone",0.05,4
"Not_CT_Zone",0,4
"Not_CT_Zone",0,4
"Not_CT_Zone",0.01,4
"Not_CT_Zone",0.01,4
"CT_Zone",0.375,4
"Not_CT_Zone",0,4
"Not_CT_Zone",0,4
"Not_CT_Zone",0,4
"Not_CT_Zone",0.005,4
"Not_CT_Zone",0.02,4
"Not_CT_Zone",0.015,4
"Not_CT_Zone",0,4
"Not_CT_Zone",0.37,4
"Not_CT_Zone",0,4
"Not_CT_Zone",0,4
"Not_CT_Zone",0,4
"Not_CT_Zone",0,4
"Not_CT_Zone",0.01,4
"Not_CT_Zone",0,4
"Not_CT_Zone",0,4
"Not_CT_Zone",0,4
"Not_CT_Zone",0,4
"Not_CT_Zone",0,4
"Not_CT_Zone",0,4
"Not_CT_Zone",0,4
"Not_CT_Zone",0,4
"Not_CT_Zone",0.065,4
"Not_CT_Zone",0.02,4
"Not_CT_Zone",0.015,4
"Not_CT_Zone",0,4
"Not_CT_Zone",0,4
"Not_CT_Zone",0.02,4
"Not_CT_Zone",0,4
"Not_CT_Zone",0.27,4
"Not_CT_Zone",0,4
"Not_CT_Zone",0.005,4
"Not_CT_Zone",0,4
"Not_CT_Zone",0,4
"Not_CT_Zone",0,4
"Not_CT_Zone",0.08,4
"Not_CT_Zone",0.005,4
"Not_CT_Zone",0,4
"Not_CT_Zone",0.005,4
"Not_CT_Zone",0.01,4
"Not_CT_Zone",0.015,4
"Not_CT_Zone",0.105,4
"Not_CT_Zone",0,4
"Not_CT_Zone",0,4
"Not_CT_Zone",0,4
"Not_CT_Zone",0.015,4
"Not_CT_Zone",0,4
"Not_CT_Zone",0,4
"Not_CT_Zone",0,4
"Not_CT_Zone",0,4
"Not_CT_Zone",0.165,4
"Not_CT_Zone",0.035,4
"Not_CT_Zone",0,4
"Not_CT_Zone",0.04,4
"Not_CT_Zone",0.015,4
"Not_CT_Zone",0.015,4
"Not_CT_Zone",0,4
"Not_CT_Zone",0,4
"Not_CT_Zone",0.1,4
"Not_CT_Zone",0,4
"Not_CT_Zone",0.045,4
"Not_CT_Zone",0,4
"Not_CT_Zone",0,4
"Not_CT_Zone",0,4
"Not_CT_Zone",0,4
"Not_CT_Zone",0,4
"Not_CT_Zone",0.025,4
"Not_CT_Zone",0,4
"Not_CT_Zone",0.005,4
"Not_CT_Zone",0.125,4
"Not_CT_Zone",0.265,4
"Not_CT_Zone",0.005,4
"Not_CT_Zone",0,4
"Not_CT_Zone",0.16,4
"Not_CT_Zone",0,4
"Not_CT_Zone",0,4
"Not_CT_Zone",0.04,4
"Not_CT_Zone",0.005,4
"Not_CT_Zone",0,4
"Not_CT_Zone",0.015,4
"Not_CT_Zone",0.03,4
"Not_CT_Zone",0,4
"Not_CT_Zone",0.01,4
"Not_CT_Zone",0.01,4
"Not_CT_Zone",0.14,4
"Not_CT_Zone",0.01,4
"Not_CT_Zone",0.01,4
"Not_CT_Zone",0.08,4
"Not_CT_Zone",0,4
"Not_CT_Zone",0.1,4
"Not_CT_Zone",0.135,4
"Not_CT_Zone",0.035,4
"Not_CT_Zone",0.01,4
"Not_CT_Zone",0.07,4
"Not_CT_Zone",0,4
"Not_CT_Zone",0,4
"Not_CT_Zone",0,4
"Not_CT_Zone",0,4
"Not_CT_Zone",0,4
"Not_CT_Zone",0,4
"Not_CT_Zone",0,4
"Not_CT_Zone",0.005,4
"Not_CT_Zone",0,4
"Not_CT_Zone",0.23,4
"Not_CT_Zone",0.09,4
"Not_CT_Zone",0,4
"Not_CT_Zone",0,4
"Not_CT_Zone",0,4
"Not_CT_Zone",0,4
"Not_CT_Zone",0,4
"Not_CT_Zone",0.005,4
"Not_CT_Zone",0.005,4
"Not_CT_Zone",0.19,4
"Not_CT_Zone",0.02,4
"Not_CT_Zone",0.005,4
"Not_CT_Zone",0,4
"Not_CT_Zone",0.005,4
"Not_CT_Zone",0,4
"Not_CT_Zone",0,4
"Not_CT_Zone",0,4
"Not_CT_Zone",0,4
"Not_CT_Zone",0,4
"Not_CT_Zone",0.005,4
"Not_CT_Zone",0.005,4
"Not_CT_Zone",0.005,4
"Not_CT_Zone",0,4
"Not_CT_Zone",0,4
"Not_CT_Zone",0,4
"Not_CT_Zone",0,4
"Not_CT_Zone",0,4
"Not_CT_Zone",0,4
"Not_CT_Zone",0,4
"Not_CT_Zone",0,4
"Not_CT_Zone",0.005,4
"Not_CT_Zone",0.015,4
"Not_CT_Zone",0,4
"Not_CT_Zone",0.07,4
"Not_CT_Zone",0,4
"Not_CT_Zone",0,4
"Not_CT_Zone",0,4
"Not_CT_Zone",0,4
"Not_CT_Zone",0,4
"Not_CT_Zone",0,4
"Not_CT_Zone",0.02,4
"Not_CT_Zone",0.02,4
"Not_CT_Zone",0.04,4
"Not_CT_Zone",0.29,4
"Not_CT_Zone",0.005,4
"Not_CT_Zone",0,4
"Not_CT_Zone",0,4
"Not_CT_Zone",0.11,4
"Not_CT_Zone",0,4
"Not_CT_Zone",0.26,4
"Not_CT_Zone",0.505,4
"Not_CT_Zone",0.065,4
"Not_CT_Zone",0,4
"Not_CT_Zone",0,4
"Not_CT_Zone",0,4
"Not_CT_Zone",0.02,4
"Not_CT_Zone",0,4
"Not_CT_Zone",0.01,4
"Not_CT_Zone",0,4
"Not_CT_Zone",0,4
"Not_CT_Zone",0.1,4
"Not_CT_Zone",0.115,4
"Not_CT_Zone",0,4
"Not_CT_Zone",0.005,4
"Not_CT_Zone",0,4
"Not_CT_Zone",0,4
"Not_CT_Zone",0,4
"Not_CT_Zone",0,4
"Not_CT_Zone",0.015,4
"Not_CT_Zone",0,4
"Not_CT_Zone",0,4
"Not_CT_Zone",0,4
"Not_CT_Zone",0.005,4
"Not_CT_Zone",0.04,4
"Not_CT_Zone",0.005,4
"Not_CT_Zone",0,4
"Not_CT_Zone",0.01,4
"Not_CT_Zone",0.005,4
"Not_CT_Zone",0,4
"Not_CT_Zone",0,4
"Not_CT_Zone",0,4
"Not_CT_Zone",0.005,4
"Not_CT_Zone",0,4
"Not_CT_Zone",0.005,4
"Not_CT_Zone",0.005,4
"Not_CT_Zone",0,4
"Not_CT_Zone",0,4
"Not_CT_Zone",0,4
"Not_CT_Zone",0,4
"Not_CT_Zone",0,4
"Not_CT_Zone",0,4
"Not_CT_Zone",0.005,4
"Not_CT_Zone",0,4
"Not_CT_Zone",0.01,4
"Not_CT_Zone",0,4
"Not_CT_Zone",0,4
"Not_CT_Zone",0.035,4
"Not_CT_Zone",0.01,4
"Not_CT_Zone",0.005,4
"Not_CT_Zone",0.035,4
"Not_CT_Zone",0.025,4
"Not_CT_Zone",0.015,4
"Not_CT_Zone",0,4
"Not_CT_Zone",0,4
"Not_CT_Zone",0,4
"Not_CT_Zone",0.025,4
"Not_CT_Zone",0.01,4
"Not_CT_Zone",0.01,4
"Not_CT_Zone",0.005,4
"Not_CT_Zone",0,4
"Not_CT_Zone",0,4
"Not_CT_Zone",0,4
"Not_CT_Zone",0,4
"Not_CT_Zone",0.065,4
"Not_CT_Zone",0,4
"Not_CT_Zone",0.045,4
"Not_CT_Zone",0.02,4
"Not_CT_Zone",0,4
"Not_CT_Zone",0,4
"Not_CT_Zone",0,4
"Not_CT_Zone",0,4
"Not_CT_Zone",0,4
"Not_CT_Zone",0,4
"Not_CT_Zone",0.015,4
"Not_CT_Zone",0,4
"Not_CT_Zone",0.005,4
"Not_CT_Zone",0.005,4
"Not_CT_Zone",0.12,4
"Not_CT_Zone",0.345,4
"Not_CT_Zone",0.035,4
"Not_CT_Zone",0,4
"Not_CT_Zone",0.025,4
"Not_CT_Zone",0.01,4
"Not_CT_Zone",0,4
"Not_CT_Zone",0,4
"Not_CT_Zone",0.01,4
"Not_CT_Zone",0,4
"Not_CT_Zone",0,4
"Not_CT_Zone",0.005,4
"Not_CT_Zone",0,4
"Not_CT_Zone",0,4
"Not_CT_Zone",0,4
"Not_CT_Zone",0.005,4
"Not_CT_Zone",0.005,4
"Not_CT_Zone",0,4
"Not_CT_Zone",0.03,4
"Not_CT_Zone",0.07,4
"Not_CT_Zone",0,4
"Not_CT_Zone",0,4
"Not_CT_Zone",0.015,4
"Not_CT_Zone",0.005,4
"Not_CT_Zone",0,4
"Not_CT_Zone",0.06,4
"Not_CT_Zone",0.09,4
"Not_CT_Zone",0,4
"Not_CT_Zone",0,4
"Not_CT_Zone",0,4
"Not_CT_Zone",0.02,4
"Not_CT_Zone",0.01,4
"Not_CT_Zone",0.005,4
"Not_CT_Zone",0,4
"Not_CT_Zone",0,4
"Not_CT_Zone",0,4
"Not_CT_Zone",0.01,4
"Not_CT_Zone",0,4
"Not_CT_Zone",0,4
"Not_CT_Zone",0,4
"Not_CT_Zone",0,4
"Not_CT_Zone",0.005,4
"Not_CT_Zone",0,4
"Not_CT_Zone",0,4
"Not_CT_Zone",0.05,4
"Not_CT_Zone",0.02,4
"Not_CT_Zone",0,4
"Not_CT_Zone",0,4
"Not_CT_Zone",0.005,4
"Not_CT_Zone",0.04,4
"Not_CT_Zone",0,4
"Not_CT_Zone",0.005,4
"Not_CT_Zone",0,4
"Not_CT_Zone",0.045,4
"Not_CT_Zone",0,4
"Not_CT_Zone",0,4
"Not_CT_Zone",0,4
"Not_CT_Zone",0,4
"Not_CT_Zone",0.04,4
"Not_CT_Zone",0.05,4
"Not_CT_Zone",0.005,4
"Not_CT_Zone",0,4
"Not_CT_Zone",0.025,4
"Not_CT_Zone",0.175,4
"Not_CT_Zone",0.105,4
"Not_CT_Zone",0.02,4
"Not_CT_Zone",0,4
"Not_CT_Zone",0.005,4
"Not_CT_Zone",0.01,4
"Not_CT_Zone",0,4
"Not_CT_Zone",0.065,4
"Not_CT_Zone",0.005,4
"Not_CT_Zone",0.095,4
"Not_CT_Zone",0.01,4
"Not_CT_Zone",0,4
"Not_CT_Zone",0,4
"Not_CT_Zone",0.02,4
"Not_CT_Zone",0.015,4
"Not_CT_Zone",0,4
"Not_CT_Zone",0.005,4
"Not_CT_Zone",0.005,4
"Not_CT_Zone",0.01,4
"Not_CT_Zone",0,4
"Not_CT_Zone",0.03,4
"Not_CT_Zone",0,4
"Not_CT_Zone",0,4
"Not_CT_Zone",0.005,4
"Not_CT_Zone",0,4
"Not_CT_Zone",0.1,4
"Not_CT_Zone",0,4
"Not_CT_Zone",0,4
"Not_CT_Zone",0.015,4
"Not_CT_Zone",0.075,4
"Not_CT_Zone",0,4
"Not_CT_Zone",0.005,4
"Not_CT_Zone",0,4
"Not_CT_Zone",0.03,4
"Not_CT_Zone",0,4
"Not_CT_Zone",0.025,4
"Not_CT_Zone",0.005,4
"Not_CT_Zone",0,4
"Not_CT_Zone",0,4
"Not_CT_Zone",0.005,4
"Not_CT_Zone",0,4
"Not_CT_Zone",0,4
"Not_CT_Zone",0,4
"Not_CT_Zone",0,4
"Not_CT_Zone",0,4
"Not_CT_Zone",0,4
"Not_CT_Zone",0.01,4
"Not_CT_Zone",0.005,4
"Not_CT_Zone",0.005,4
"Not_CT_Zone",0,4
"Not_CT_Zone",0.055,4
"Not_CT_Zone",0,4
"Not_CT_Zone",0,4
"Not_CT_Zone",0,4
"Not_CT_Zone",0,4
"Not_CT_Zone",0.005,4
"Not_CT_Zone",0,4
"Not_CT_Zone",0.01,4
"Not_CT_Zone",0,4
"Not_CT_Zone",0,4
"Not_CT_Zone",0,4
"Not_CT_Zone",0,4
"Not_CT_Zone",0,4
"Not_CT_Zone",0.01,4
"Not_CT_Zone",0.01,4
"Not_CT_Zone",0,4
"Not_CT_Zone",0,4
"Not_CT_Zone",0,4
"Not_CT_Zone",0.15,4
"Not_CT_Zone",0,4
"Not_CT_Zone",0,4
"Not_CT_Zone",0,4
"Not_CT_Zone",0,4
"Not_CT_Zone",0,4
"Not_CT_Zone",0,4
"Not_CT_Zone",0,4
"Not_CT_Zone",0.005,4
"Not_CT_Zone",0,4
"Not_CT_Zone",0.01,4
"Not_CT_Zone",0,4
"Not_CT_Zone",0,4
"Not_CT_Zone",0,4
"Not_CT_Zone",0,4
"Not_CT_Zone",0,4
"Not_CT_Zone",0,4
"Not_CT_Zone",0,4
"Not_CT_Zone",0,4
"Not_CT_Zone",0,4
"Not_CT_Zone",0,4
"Not_CT_Zone",0,4
"Not_CT_Zone",0,4
"Not_CT_Zone",0,4
"Not_CT_Zone",0,4
"Not_CT_Zone",0,4
"Not_CT_Zone",0,4
"Not_CT_Zone",0,4
"Not_CT_Zone",0,4
"Not_CT_Zone",0,4
"Not_CT_Zone",0,4
"Not_CT_Zone",0,4
"Not_CT_Zone",0,4
"Not_CT_Zone",0,4
"Not_CT_Zone",0,4
"Not_CT_Zone",0,4
"Not_CT_Zone",0,4
"Not_CT_Zone",0,4
"Not_CT_Zone",0,4
"Not_CT_Zone",0,4
"Not_CT_Zone",0,4
"Not_CT_Zone",0,4
"Not_CT_Zone",0,4
"Not_CT_Zone",0,4
"Not_CT_Zone",0,4
"Not_CT_Zone",0.01,4
"Not_CT_Zone",0,4
"Not_CT_Zone",0,4
"Not_CT_Zone",0,4
"Not_CT_Zone",0,4
"Not_CT_Zone",0.005,4
"Not_CT_Zone",0.015,4
"Not_CT_Zone",0,4
"Not_CT_Zone",0.015,4
"Not_CT_Zone",0.005,4
"Not_CT_Zone",0,4
"Not_CT_Zone",0,4
"Not_CT_Zone",0,4
"Not_CT_Zone",0.01,4
"Not_CT_Zone",0,4
"Not_CT_Zone",0,4
"Not_CT_Zone",0,4
"Not_CT_Zone",0.075,4
"Not_CT_Zone",0,4
"Not_CT_Zone",0,4
"Not_CT_Zone",0.005,4
"Not_CT_Zone",0,4
"Not_CT_Zone",0.005,4
"Not_CT_Zone",0,4
"Not_CT_Zone",0,4
"Not_CT_Zone",0,4
"Not_CT_Zone",0,4
"Not_CT_Zone",0,4
"Not_CT_Zone",0,4
"Not_CT_Zone",0,4
"Not_CT_Zone",0,4
"Not_CT_Zone",0,4
"Not_CT_Zone",0,4
"Not_CT_Zone",0,4
"Not_CT_Zone",0,4
"Not_CT_Zone",0,4
"Not_CT_Zone",0,4
"Not_CT_Zone",0,4
"Not_CT_Zone",0,4
"Not_CT_Zone",0.01,4
"Not_CT_Zone",0,4
"Not_CT_Zone",0.035,4
"Not_CT_Zone",0.005,4
"Not_CT_Zone",0,4
"Not_CT_Zone",0,4
"Not_CT_Zone",0.025,4
"Not_CT_Zone",0.01,4
"Not_CT_Zone",0,4
"Not_CT_Zone",0,4
"Not_CT_Zone",0,4
"Not_CT_Zone",0,4
"Not_CT_Zone",0.06,4
"Not_CT_Zone",0.005,4
"Not_CT_Zone",0.045,4
"Not_CT_Zone",0,4
"Not_CT_Zone",0.04,4
"Not_CT_Zone",0,4
"Not_CT_Zone",0.005,4
"Not_CT_Zone",0,4
"Not_CT_Zone",0.16,4
"Not_CT_Zone",0,4
"Not_CT_Zone",0.05,4
"Not_CT_Zone",0,4
"Not_CT_Zone",0,4
"Not_CT_Zone",0,4
"Not_CT_Zone",0,4
"Not_CT_Zone",0,4
"Not_CT_Zone",0,4
"Not_CT_Zone",0.005,4
"Not_CT_Zone",0,4
"Not_CT_Zone",0,4
"Not_CT_Zone",0.005,4
"Not_CT_Zone",0,4
"Not_CT_Zone",0,4
"Not_CT_Zone",0,4
"Not_CT_Zone",0,4
"Not_CT_Zone",0.015,4
"Not_CT_Zone",0.005,4
"Not_CT_Zone",0,4
"Not_CT_Zone",0,4
"Not_CT_Zone",0.01,4
"Not_CT_Zone",0,4
"Not_CT_Zone",0,4
"Not_CT_Zone",0.06,4
"Not_CT_Zone",0,4
"Not_CT_Zone",0,4
"Not_CT_Zone",0,4
"Not_CT_Zone",0,4
"Not_CT_Zone",0,4
"Not_CT_Zone",0,4
"Not_CT_Zone",0.01,4
"Not_CT_Zone",0,4
"Not_CT_Zone",0,4
"Not_CT_Zone",0.005,4
"Not_CT_Zone",0,4
"Not_CT_Zone",0,4
"CT_Zone",0.06,4
"Not_CT_Zone",0.09,4
"Not_CT_Zone",0,4
"Not_CT_Zone",0.035,4
"Not_CT_Zone",0,4
"Not_CT_Zone",0,4
"Not_CT_Zone",0,4
"Not_CT_Zone",0,4
"Not_CT_Zone",0.005,4
"Not_CT_Zone",0.005,4
"Not_CT_Zone",0.015,4
"Not_CT_Zone",0,4
"Not_CT_Zone",0.035,4
"Not_CT_Zone",0.005,4
"Not_CT_Zone",0,4
"Not_CT_Zone",0,4
"Not_CT_Zone",0,4
"Not_CT_Zone",0,4
"Not_CT_Zone",0,4
"Not_CT_Zone",0,4
"Not_CT_Zone",0,4
"Not_CT_Zone",0,4
"Not_CT_Zone",0,4
"Not_CT_Zone",0,4
"Not_CT_Zone",0.005,4
"Not_CT_Zone",0,4
"Not_CT_Zone",0,4
"Not_CT_Zone",0.015,4
"Not_CT_Zone",0,4
"Not_CT_Zone",0,4
"Not_CT_Zone",0.01,4
"Not_CT_Zone",0,4
"Not_CT_Zone",0,4
"Not_CT_Zone",0,4
"Not_CT_Zone",0,4
"Not_CT_Zone",0,4
"Not_CT_Zone",0.015,4
"Not_CT_Zone",0,4
"Not_CT_Zone",0.015,4
"Not_CT_Zone",0.005,4
"Not_CT_Zone",0,4
"Not_CT_Zone",0.005,4
"Not_CT_Zone",0,4
"Not_CT_Zone",0,4
"Not_CT_Zone",0.005,4
"Not_CT_Zone",0,4
"Not_CT_Zone",0.005,4
"Not_CT_Zone",0,4
"Not_CT_Zone",0,4
"Not_CT_Zone",0,4
"Not_CT_Zone",0.005,4
"Not_CT_Zone",0.005,4
"Not_CT_Zone",0.045,4
"Not_CT_Zone",0,4
"Not_CT_Zone",0,4
"Not_CT_Zone",0.01,4
"Not_CT_Zone",0.055,4
"Not_CT_Zone",0,4
"Not_CT_Zone",0,4
"Not_CT_Zone",0.125,4
"Not_CT_Zone",0,4
"Not_CT_Zone",0,4
"Not_CT_Zone",0,4
"Not_CT_Zone",0,4
"Not_CT_Zone",0,4
"Not_CT_Zone",0.015,4
"Not_CT_Zone",0,4
"Not_CT_Zone",0,4
"Not_CT_Zone",0.22,4
"Not_CT_Zone",0.02,4
"Not_CT_Zone",0.005,4
"Not_CT_Zone",0.045,4
"Not_CT_Zone",0,4
"Not_CT_Zone",0,4
"Not_CT_Zone",0,4
"Not_CT_Zone",0,4
"Not_CT_Zone",0,4
"Not_CT_Zone",0,4
"Not_CT_Zone",0,4
"Not_CT_Zone",0.005,4
"Not_CT_Zone",0,4
"Not_CT_Zone",0,4
"Not_CT_Zone",0,4
"Not_CT_Zone",0,4
"Not_CT_Zone",0,4
"Not_CT_Zone",0,4
"Not_CT_Zone",0.01,4
"Not_CT_Zone",0.015,4
"Not_CT_Zone",0,4
"Not_CT_Zone",0.005,4
"Not_CT_Zone",0,4
"Not_CT_Zone",0.005,4
"Not_CT_Zone",0.005,4
"Not_CT_Zone",0.01,4
"Not_CT_Zone",0,4
"Not_CT_Zone",0,4
"Not_CT_Zone",0.005,4
"Not_CT_Zone",0,4
"Not_CT_Zone",0,4
"Not_CT_Zone",0,4
"Not_CT_Zone",0.045,4
"Not_CT_Zone",0,4
"Not_CT_Zone",0,4
"Not_CT_Zone",0,4
"Not_CT_Zone",0,4
"Not_CT_Zone",0,4
"Not_CT_Zone",0,4
"Not_CT_Zone",0,4
"Not_CT_Zone",0,4
"Not_CT_Zone",0,4
"Not_CT_Zone",0,4
"Not_CT_Zone",0,4
"Not_CT_Zone",0,4
"Not_CT_Zone",0.005,4
"Not_CT_Zone",0.005,4
"Not_CT_Zone",0.05,4
"Not_CT_Zone",0,4
"Not_CT_Zone",0.005,4
"Not_CT_Zone",0,4
"Not_CT_Zone",0,4
"Not_CT_Zone",0.005,4
"Not_CT_Zone",0.02,4
"Not_CT_Zone",0.02,4
"Not_CT_Zone",0,4
"Not_CT_Zone",0,4
"Not_CT_Zone",0.03,4
"Not_CT_Zone",0,4
"Not_CT_Zone",0.01,4
"Not_CT_Zone",0.155,4
"Not_CT_Zone",0,4
"Not_CT_Zone",0,4
"Not_CT_Zone",0.01,4
"Not_CT_Zone",0,4
"Not_CT_Zone",0,4
"Not_CT_Zone",0.01,4
"Not_CT_Zone",0.05,4
"Not_CT_Zone",0,4
"Not_CT_Zone",0.02,4
"Not_CT_Zone",0,4
"Not_CT_Zone",0.02,4
"Not_CT_Zone",0,4
"Not_CT_Zone",0.005,4
"Not_CT_Zone",0,4
"Not_CT_Zone",0,4
"Not_CT_Zone",0.065,4
"Not_CT_Zone",0,4
"Not_CT_Zone",0,4
"Not_CT_Zone",0.02,4
"Not_CT_Zone",0.11,4
"Not_CT_Zone",0.015,4
"Not_CT_Zone",0.03,4
"Not_CT_Zone",0.01,4
"Not_CT_Zone",0.005,4
"Not_CT_Zone",0.045,4
"Not_CT_Zone",0,4
"Not_CT_Zone",0,4
"Not_CT_Zone",0,4
"Not_CT_Zone",0,4
"Not_CT_Zone",0,4
"Not_CT_Zone",0,4
"Not_CT_Zone",0,4
"Not_CT_Zone",0.01,4
"Not_CT_Zone",0,4
"Not_CT_Zone",0.005,4
"Not_CT_Zone",0,4
"Not_CT_Zone",0.005,4
"Not_CT_Zone",0,4
"Not_CT_Zone",0,4
"Not_CT_Zone",0.01,4
"Not_CT_Zone",0,4
"Not_CT_Zone",0,4
"Not_CT_Zone",0,4
"Not_CT_Zone",0,4
"Not_CT_Zone",0.11,4
"Not_CT_Zone",0,4
"Not_CT_Zone",0.005,4
"Not_CT_Zone",0.005,4
"Not_CT_Zone",0,4
"Not_CT_Zone",0,4
"Not_CT_Zone",0,4
"Not_CT_Zone",0,4
"Not_CT_Zone",0,4
"Not_CT_Zone",0,4
"Not_CT_Zone",0.005,4
"Not_CT_Zone",0,4
"Not_CT_Zone",0.12,4
"Not_CT_Zone",0,4
"Not_CT_Zone",0.01,4
"Not_CT_Zone",0.005,4
"Not_CT_Zone",0,4
"Not_CT_Zone",0.02,4
"Not_CT_Zone",0,4
"Not_CT_Zone",0.005,4
"Not_CT_Zone",0.02,4
"Not_CT_Zone",0.005,4
"Not_CT_Zone",0,4
"Not_CT_Zone",0,4
"Not_CT_Zone",0.015,4
"Not_CT_Zone",0.005,4
"Not_CT_Zone",0,4
"Not_CT_Zone",0,4
"Not_CT_Zone",0,4
"Not_CT_Zone",0,4
"Not_CT_Zone",0,4
"Not_CT_Zone",0,4
"Not_CT_Zone",0.005,4
"Not_CT_Zone",0,4
"Not_CT_Zone",0.265,4
"Not_CT_Zone",0,4
"Not_CT_Zone",0,4
"Not_CT_Zone",0,4
"Not_CT_Zone",0,4
"Not_CT_Zone",0,4
"Not_CT_Zone",0.005,4
"Not_CT_Zone",0,4
"Not_CT_Zone",0.005,4
"Not_CT_Zone",0,4
"Not_CT_Zone",0.03,4
"Not_CT_Zone",0.02,4
"Not_CT_Zone",0.035,4
"Not_CT_Zone",0.11,4
"Not_CT_Zone",0,4
"Not_CT_Zone",0,4
"Not_CT_Zone",0.005,4
"Not_CT_Zone",0,4
"Not_CT_Zone",0,4
"Not_CT_Zone",0,4
"Not_CT_Zone",0,4
"Not_CT_Zone",0,4
"Not_CT_Zone",0,4
"Not_CT_Zone",0,4
"Not_CT_Zone",0,4
"Not_CT_Zone",0,4
"Not_CT_Zone",0.005,4
"Not_CT_Zone",0,4
"Not_CT_Zone",0,4
"Not_CT_Zone",0,4
"Not_CT_Zone",0,4
"Not_CT_Zone",0,4
"Not_CT_Zone",0,4
"Not_CT_Zone",0.005,4
"Not_CT_Zone",0.005,4
"Not_CT_Zone",0.005,4
"Not_CT_Zone",0.075,4
"Not_CT_Zone",0,4
"Not_CT_Zone",0,4
"Not_CT_Zone",0,4
"Not_CT_Zone",0,4
"Not_CT_Zone",0.03,4
"Not_CT_Zone",0,4
"Not_CT_Zone",0,4
"Not_CT_Zone",0,4
"Not_CT_Zone",0,4
"CT_Zone",0.555,4
"Not_CT_Zone",0.03,4
"Not_CT_Zone",0,4
"Not_CT_Zone",0,4
"Not_CT_Zone",0,4
"Not_CT_Zone",0,4
"Not_CT_Zone",0,4
"Not_CT_Zone",0,4
"Not_CT_Zone",0.01,4
"Not_CT_Zone",0,4
"Not_CT_Zone",0,4
"Not_CT_Zone",0,4
"Not_CT_Zone",0.11,4
"Not_CT_Zone",0.105,4
"Not_CT_Zone",0.01,4
"Not_CT_Zone",0.005,4
"Not_CT_Zone",0,4
"Not_CT_Zone",0,4
"Not_CT_Zone",0,4
"Not_CT_Zone",0,4
"Not_CT_Zone",0.07,4
"Not_CT_Zone",0.19,4
"CT_Zone",0.345,4
"Not_CT_Zone",0.015,4
"Not_CT_Zone",0,4
"Not_CT_Zone",0,4
"Not_CT_Zone",0.015,4
"Not_CT_Zone",0,4
"Not_CT_Zone",0,4
"Not_CT_Zone",0,4
"Not_CT_Zone",0,4
"Not_CT_Zone",0,4
"Not_CT_Zone",0,4
"Not_CT_Zone",0,4
"Not_CT_Zone",0.005,4
"Not_CT_Zone",0.1,4
"Not_CT_Zone",0,4
"Not_CT_Zone",0,4
"Not_CT_Zone",0,4
"Not_CT_Zone",0,4
"Not_CT_Zone",0,4
"Not_CT_Zone",0,4
"Not_CT_Zone",0,4
"Not_CT_Zone",0.005,4
"Not_CT_Zone",0.035,4
"Not_CT_Zone",0,4
"Not_CT_Zone",0.005,4
"Not_CT_Zone",0,4
"Not_CT_Zone",0,4
"Not_CT_Zone",0.01,4
"Not_CT_Zone",0,4
"Not_CT_Zone",0,4
"Not_CT_Zone",0.01,4
"Not_CT_Zone",0,4
"Not_CT_Zone",0,4
"Not_CT_Zone",0.01,4
"Not_CT_Zone",0.005,4
"Not_CT_Zone",0,4
"Not_CT_Zone",0,4
"Not_CT_Zone",0.01,4
"Not_CT_Zone",0,4
"Not_CT_Zone",0.005,4
"Not_CT_Zone",0.005,4
"Not_CT_Zone",0,4
"Not_CT_Zone",0.005,4
"Not_CT_Zone",0,4
"Not_CT_Zone",0.01,4
"Not_CT_Zone",0,4
"Not_CT_Zone",0,4
"Not_CT_Zone",0,4
"Not_CT_Zone",0,4
"Not_CT_Zone",0.01,4
"Not_CT_Zone",0,4
"Not_CT_Zone",0,4
"Not_CT_Zone",0,4
"Not_CT_Zone",0,4
"Not_CT_Zone",0,4
"Not_CT_Zone",0,4
"Not_CT_Zone",0,4
"Not_CT_Zone",0,4
"Not_CT_Zone",0,4
"Not_CT_Zone",0.005,4
"Not_CT_Zone",0,4
"Not_CT_Zone",0,4
"Not_CT_Zone",0,4
"Not_CT_Zone",0,4
"Not_CT_Zone",0.02,4
"Not_CT_Zone",0,4
"Not_CT_Zone",0.005,4
"Not_CT_Zone",0.05,4
"Not_CT_Zone",0,4
"Not_CT_Zone",0,4
"Not_CT_Zone",0,4
"Not_CT_Zone",0,4
"Not_CT_Zone",0,4
"Not_CT_Zone",0,4
"Not_CT_Zone",0,4
"Not_CT_Zone",0.01,4
"Not_CT_Zone",0,4
"Not_CT_Zone",0.005,4
"Not_CT_Zone",0,4
"Not_CT_Zone",0.04,4
"Not_CT_Zone",0,4
"Not_CT_Zone",0,4
"Not_CT_Zone",0,4
"Not_CT_Zone",0.05,4
"Not_CT_Zone",0.01,4
"Not_CT_Zone",0,4
"Not_CT_Zone",0,4
"Not_CT_Zone",0,4
"Not_CT_Zone",0.085,4
"Not_CT_Zone",0.145,4
"CT_Zone",0.015,4
"Not_CT_Zone",0,4
"Not_CT_Zone",0,4
"Not_CT_Zone",0.045,4
"Not_CT_Zone",0.095,4
"CT_Zone",0.295,4
"Not_CT_Zone",0.2,4
"Not_CT_Zone",0.005,4
"Not_CT_Zone",0.17,4
"Not_CT_Zone",0.03,4
"CT_Zone",0.385,4
"CT_Zone",0.285,4
"Not_CT_Zone",0.075,4
"Not_CT_Zone",0.47,4
"CT_Zone",0.295,4
"Not_CT_Zone",0.295,4
"CT_Zone",0.315,4
"Not_CT_Zone",0.1,4
"Not_CT_Zone",0.1,4
"Not_CT_Zone",0.255,4
"Not_CT_Zone",0.095,4
"Not_CT_Zone",0.01,4
"Not_CT_Zone",0.025,4
"Not_CT_Zone",0.095,4
"Not_CT_Zone",0.005,4
"Not_CT_Zone",0.005,4
"Not_CT_Zone",0.715,4
"Not_CT_Zone",0.495,4
"Not_CT_Zone",0.405,4
"Not_CT_Zone",0.3,4
"Not_CT_Zone",0.01,4
"Not_CT_Zone",0.28,4
"Not_CT_Zone",0.48,4
"Not_CT_Zone",0.38,4
"Not_CT_Zone",0.09,4
"Not_CT_Zone",0.27,4
"Not_CT_Zone",0.3,4
"CT_Zone",0.265,4
"Not_CT_Zone",0.16,4
"Not_CT_Zone",0.01,4
"Not_CT_Zone",0.13,4
"Not_CT_Zone",0.09,4
"Not_CT_Zone",0.1,4
"Not_CT_Zone",0.115,4
"Not_CT_Zone",0.005,4
"Not_CT_Zone",0.155,4
"Not_CT_Zone",0.105,4
"CT_Zone",0.41,4
"Not_CT_Zone",0.04,4
"Not_CT_Zone",0.09,4
"Not_CT_Zone",0.275,4
"Not_CT_Zone",0.345,4
"Not_CT_Zone",0.43,4
"Not_CT_Zone",0.105,4
"Not_CT_Zone",0.4,4
"CT_Zone",0.65,4
"Not_CT_Zone",0.39,4
"Not_CT_Zone",0,4
"CT_Zone",0.17,4
"Not_CT_Zone",0.05,4
"CT_Zone",0.135,4
"Not_CT_Zone",0.325,4
"CT_Zone",0.545,4
"Not_CT_Zone",0.325,4
"CT_Zone",0.495,4
"Not_CT_Zone",0.12,4
"Not_CT_Zone",0.08,4
"Not_CT_Zone",0.435,4
"Not_CT_Zone",0.44,4
"Not_CT_Zone",0.14,4
"Not_CT_Zone",0.205,4
"CT_Zone",0.59,4
"Not_CT_Zone",0.23,4
"Not_CT_Zone",0.35,4
"Not_CT_Zone",0.03,4
"Not_CT_Zone",0.07,4
"Not_CT_Zone",0.27,4
"Not_CT_Zone",0.06,4
"Not_CT_Zone",0.355,4
"CT_Zone",0.365,4
"Not_CT_Zone",0.505,4
"Not_CT_Zone",0.265,4
"Not_CT_Zone",0.29,4
"Not_CT_Zone",0.12,4
"Not_CT_Zone",0.285,4
"Not_CT_Zone",0.505,4
"Not_CT_Zone",0.23,4
"Not_CT_Zone",0.175,4
"Not_CT_Zone",0.27,4
"Not_CT_Zone",0.005,4
"Not_CT_Zone",0.05,4
"Not_CT_Zone",0.1,4
"Not_CT_Zone",0.005,4
"CT_Zone",0.06,4
"Not_CT_Zone",0.13,4
"Not_CT_Zone",0,4
"Not_CT_Zone",0.01,4
"Not_CT_Zone",0.005,4
"Not_CT_Zone",0.415,4
"CT_Zone",0.43,4
"Not_CT_Zone",0.235,4
"Not_CT_Zone",0,4
"CT_Zone",0.215,4
"Not_CT_Zone",0.3,4
"CT_Zone",0.39,4
"CT_Zone",0.2,4
"Not_CT_Zone",0.38,4
"CT_Zone",0.15,4
"CT_Zone",0.5,4
"Not_CT_Zone",0.13,4
"Not_CT_Zone",0.065,4
"Not_CT_Zone",0.41,4
"CT_Zone",0.28,4
"Not_CT_Zone",0.085,4
"Not_CT_Zone",0.03,4
"Not_CT_Zone",0.3,4
"CT_Zone",0.495,4
"Not_CT_Zone",0.115,4
"CT_Zone",0.035,4
"Not_CT_Zone",0.21,4
"Not_CT_Zone",0.735,4
"Not_CT_Zone",0.525,4
"Not_CT_Zone",0.31,4
"CT_Zone",0.145,4
"CT_Zone",0.505,4
"Not_CT_Zone",0.185,4
"Not_CT_Zone",0.355,4
"Not_CT_Zone",0.22,4
"Not_CT_Zone",0.09,4
"Not_CT_Zone",0.21,4
"Not_CT_Zone",0.06,4
"Not_CT_Zone",0.175,4
"CT_Zone",0.025,4
"Not_CT_Zone",0.015,4
"CT_Zone",0.465,4
"CT_Zone",0.16,4
"Not_CT_Zone",0.05,4
"Not_CT_Zone",0.505,4
"Not_CT_Zone",0,4
"Not_CT_Zone",0.115,4
"Not_CT_Zone",0.31,4
"CT_Zone",0.275,4
"Not_CT_Zone",0.225,4
"Not_CT_Zone",0.235,4
"Not_CT_Zone",0.005,4
"Not_CT_Zone",0.065,4
"Not_CT_Zone",0.01,4
"Not_CT_Zone",0.28,4
"Not_CT_Zone",0.005,4
"CT_Zone",0.06,4
"Not_CT_Zone",0.1,4
"Not_CT_Zone",0.195,4
"Not_CT_Zone",0.01,4
"CT_Zone",0.545,4
"CT_Zone",0.245,4
"Not_CT_Zone",0.04,4
"Not_CT_Zone",0.27,4
"Not_CT_Zone",0.05,4
"CT_Zone",0.48,4
"CT_Zone",0.31,4
"Not_CT_Zone",0.255,4
"Not_CT_Zone",0.145,4
"Not_CT_Zone",0.165,4
"Not_CT_Zone",0.02,4
"Not_CT_Zone",0.345,4
"Not_CT_Zone",0.355,4
"Not_CT_Zone",0.17,4
"Not_CT_Zone",0.005,4
"Not_CT_Zone",0.065,4
"CT_Zone",0.305,4
"Not_CT_Zone",0.005,4
"CT_Zone",0.28,4
"CT_Zone",0.4,4
"CT_Zone",0.47,4
"Not_CT_Zone",0.275,4
"Not_CT_Zone",0.02,4
"Not_CT_Zone",0.05,4
"Not_CT_Zone",0.27,4
"Not_CT_Zone",0.36,4
"Not_CT_Zone",0.405,4
"CT_Zone",0.16,4
"Not_CT_Zone",0.11,4
"Not_CT_Zone",0,4
"Not_CT_Zone",0.195,4
"Not_CT_Zone",0.165,4
"Not_CT_Zone",0.575,4
"Not_CT_Zone",0.275,4
"CT_Zone",0.135,4
"CT_Zone",0.385,4
"Not_CT_Zone",0.485,4
"CT_Zone",0.235,4
"Not_CT_Zone",0.045,4
"Not_CT_Zone",0.165,4
"Not_CT_Zone",0.09,4
"Not_CT_Zone",0.205,4
"Not_CT_Zone",0.045,4
"Not_CT_Zone",0.095,4
"Not_CT_Zone",0.235,4
"CT_Zone",0.08,4
"Not_CT_Zone",0.395,4
"Not_CT_Zone",0.175,4
"Not_CT_Zone",0.305,4
"Not_CT_Zone",0.49,4
"CT_Zone",0.345,4
"Not_CT_Zone",0.045,4
"Not_CT_Zone",0.04,4
"Not_CT_Zone",0.01,4
"Not_CT_Zone",0.14,4
"Not_CT_Zone",0.025,4
"Not_CT_Zone",0,4
"CT_Zone",0.23,4
"Not_CT_Zone",0.08,4
"CT_Zone",0.55,4
"Not_CT_Zone",0.38,4
"Not_CT_Zone",0.025,4
"Not_CT_Zone",0.465,4
"Not_CT_Zone",0.25,4
"CT_Zone",0.385,4
"Not_CT_Zone",0.435,4
"CT_Zone",0.39,4
"CT_Zone",0.405,4
"Not_CT_Zone",0.06,4
"CT_Zone",0.29,4
"Not_CT_Zone",0.08,4
"Not_CT_Zone",0.545,4
"CT_Zone",0.37,4
"Not_CT_Zone",0.27,4
"Not_CT_Zone",0.135,4
"Not_CT_Zone",0.24,4
"CT_Zone",0.43,4
"Not_CT_Zone",0,4
"Not_CT_Zone",0.005,4
"Not_CT_Zone",0.29,4
"Not_CT_Zone",0.065,4
"Not_CT_Zone",0.27,4
"Not_CT_Zone",0.22,4
"Not_CT_Zone",0.24,4
"Not_CT_Zone",0.03,4
"Not_CT_Zone",0.15,4
"Not_CT_Zone",0.085,4
"Not_CT_Zone",0.295,4
"Not_CT_Zone",0.38,4
"Not_CT_Zone",0.015,4
"Not_CT_Zone",0.09,4
"Not_CT_Zone",0.025,4
"Not_CT_Zone",0.29,4
"Not_CT_Zone",0.035,4
"CT_Zone",0.23,4
"Not_CT_Zone",0.155,4
"Not_CT_Zone",0.04,4
"Not_CT_Zone",0.57,4
"Not_CT_Zone",0.22,4
"Not_CT_Zone",0.08,4
"Not_CT_Zone",0.39,4
"Not_CT_Zone",0.395,4
"Not_CT_Zone",0.02,4
"CT_Zone",0.54,4
"Not_CT_Zone",0.155,4
"CT_Zone",0.455,4
"Not_CT_Zone",0.03,4
"Not_CT_Zone",0.215,4
"Not_CT_Zone",0.005,4
"Not_CT_Zone",0.66,4
"Not_CT_Zone",0.2,4
"Not_CT_Zone",0.27,4
"Not_CT_Zone",0.215,4
"Not_CT_Zone",0.02,4
"Not_CT_Zone",0.26,4
"Not_CT_Zone",0.12,4
"Not_CT_Zone",0.02,4
"Not_CT_Zone",0,4
"Not_CT_Zone",0.295,4
"CT_Zone",0.2,4
"Not_CT_Zone",0.13,4
"Not_CT_Zone",0.33,4
"CT_Zone",0.26,4
"Not_CT_Zone",0.06,4
"Not_CT_Zone",0.07,4
"Not_CT_Zone",0.12,4
"Not_CT_Zone",0.05,4
"Not_CT_Zone",0.16,4
"Not_CT_Zone",0.045,4
"Not_CT_Zone",0.015,4
"CT_Zone",0.195,4
"Not_CT_Zone",0.215,4
"Not_CT_Zone",0.005,4
"Not_CT_Zone",0.17,4
"Not_CT_Zone",0.005,4
"Not_CT_Zone",0,4
"CT_Zone",0.01,4
"Not_CT_Zone",0.3,4
"Not_CT_Zone",0.065,4
"Not_CT_Zone",0.195,4
"Not_CT_Zone",0.03,4
"Not_CT_Zone",0.01,4
"Not_CT_Zone",0.18,4
"Not_CT_Zone",0.1,4
"Not_CT_Zone",0.04,4
"Not_CT_Zone",0.035,4
"CT_Zone",0.415,4
"CT_Zone",0.535,4
"Not_CT_Zone",0.035,4
"Not_CT_Zone",0.27,4
"Not_CT_Zone",0,4
"Not_CT_Zone",0.51,4
"Not_CT_Zone",0.435,4
"Not_CT_Zone",0.175,4
"Not_CT_Zone",0.145,4
"Not_CT_Zone",0.12,4
"Not_CT_Zone",0.01,4
"Not_CT_Zone",0.43,4
"CT_Zone",0.215,4
"Not_CT_Zone",0.09,4
"CT_Zone",0.38,4
"Not_CT_Zone",0.065,4
"Not_CT_Zone",0,4
"CT_Zone",0.325,4
"Not_CT_Zone",0.295,4
"Not_CT_Zone",0.3,4
"Not_CT_Zone",0.06,4
"CT_Zone",0.355,4
"CT_Zone",0.29,4
"Not_CT_Zone",0.44,4
"Not_CT_Zone",0.335,4
"Not_CT_Zone",0.075,4
"Not_CT_Zone",0.07,4
"Not_CT_Zone",0.185,4
"CT_Zone",0.26,4
"CT_Zone",0.155,4
"Not_CT_Zone",0.345,4
"Not_CT_Zone",0.51,4
"Not_CT_Zone",0.005,4
"Not_CT_Zone",0.005,4
"Not_CT_Zone",0.165,4
"Not_CT_Zone",0.005,4
"Not_CT_Zone",0.285,4
"Not_CT_Zone",0.07,4
"Not_CT_Zone",0.005,4
"Not_CT_Zone",0.3,4
"Not_CT_Zone",0.13,4
"Not_CT_Zone",0.255,4
"Not_CT_Zone",0.295,4
"Not_CT_Zone",0.12,4
"CT_Zone",0.075,4
"Not_CT_Zone",0.25,4
"CT_Zone",0.39,4
"CT_Zone",0.705,4
"CT_Zone",0.125,4
"Not_CT_Zone",0.37,4
"Not_CT_Zone",0.16,4
"Not_CT_Zone",0.015,4
"CT_Zone",0.36,4
"CT_Zone",0.22,4
"Not_CT_Zone",0.105,4
"CT_Zone",0.34,4
"Not_CT_Zone",0,4
"Not_CT_Zone",0.665,4
"Not_CT_Zone",0.525,4
"CT_Zone",0.245,4
"Not_CT_Zone",0.04,4
"Not_CT_Zone",0.285,4
"Not_CT_Zone",0.56,4
"CT_Zone",0.345,4
"Not_CT_Zone",0.27,4
"CT_Zone",0.175,4
"Not_CT_Zone",0.415,4
"CT_Zone",0.28,4
"Not_CT_Zone",0.065,4
"CT_Zone",0.415,4
"Not_CT_Zone",0.06,4
"Not_CT_Zone",0.025,4
"CT_Zone",0.33,4
"Not_CT_Zone",0.27,4
"Not_CT_Zone",0.045,4
"CT_Zone",0.275,4
"Not_CT_Zone",0.075,4
"Not_CT_Zone",0.33,4
"Not_CT_Zone",0.1,4
"Not_CT_Zone",0.33,4
"Not_CT_Zone",0.275,4
"Not_CT_Zone",0.105,4
"CT_Zone",0.33,4
"CT_Zone",0.5,4
"Not_CT_Zone",0.025,4
"Not_CT_Zone",0.01,4
"CT_Zone",0.1,4
"CT_Zone",0.615,4
"Not_CT_Zone",0.585,4
"Not_CT_Zone",0.235,4
"CT_Zone",0.185,4
"Not_CT_Zone",0,4
"Not_CT_Zone",0.695,4
"Not_CT_Zone",0.025,4
"Not_CT_Zone",0.33,4
"CT_Zone",0.305,4
"Not_CT_Zone",0.38,4
"Not_CT_Zone",0.51,4
"CT_Zone",0.345,4
"CT_Zone",0.255,4
"Not_CT_Zone",0.19,4
"Not_CT_Zone",0.18,4
"Not_CT_Zone",0.095,4
"Not_CT_Zone",0.255,4
"CT_Zone",0.165,4
"CT_Zone",0.37,4
"CT_Zone",0.275,4
"CT_Zone",0.57,4
"Not_CT_Zone",0,4
"Not_CT_Zone",0.005,4
"Not_CT_Zone",0.13,4
"Not_CT_Zone",0.285,4
"Not_CT_Zone",0.65,4
"Not_CT_Zone",0.17,4
"Not_CT_Zone",0.17,4
"Not_CT_Zone",0.13,4
"Not_CT_Zone",0.015,4
"CT_Zone",0.49,4
"Not_CT_Zone",0.125,4
"Not_CT_Zone",0.08,4
"Not_CT_Zone",0.055,4
"Not_CT_Zone",0.03,4
"CT_Zone",0.62,4
"Not_CT_Zone",0.255,4
"Not_CT_Zone",0.285,4
"Not_CT_Zone",0.55,4
"CT_Zone",0.66,4
"CT_Zone",0.325,4
"CT_Zone",0.005,4
"Not_CT_Zone",0,4
"Not_CT_Zone",0.29,4
"Not_CT_Zone",0.095,4
"Not_CT_Zone",0.125,4
"Not_CT_Zone",0.005,4
"Not_CT_Zone",0.155,4
"Not_CT_Zone",0.185,4
"CT_Zone",0.915,4
"Not_CT_Zone",0.12,4
"CT_Zone",0.135,4
"CT_Zone",0.395,4
"CT_Zone",0.32,4
"CT_Zone",0.4,4
"Not_CT_Zone",0.47,4
"Not_CT_Zone",0.115,4
"Not_CT_Zone",0.025,4
"Not_CT_Zone",0.01,4
"Not_CT_Zone",0.01,4
"Not_CT_Zone",0.275,4
"CT_Zone",0,4
"Not_CT_Zone",0,4
"Not_CT_Zone",0.23,4
"CT_Zone",0.47,4
"Not_CT_Zone",0.145,4
"Not_CT_Zone",0.415,4
"Not_CT_Zone",0.335,4
"Not_CT_Zone",0.105,4
"CT_Zone",0.06,4
"Not_CT_Zone",0.135,4
"Not_CT_Zone",0.025,4
"CT_Zone",0.28,4
"Not_CT_Zone",0.055,4
"CT_Zone",0.44,4
"Not_CT_Zone",0.185,4
"Not_CT_Zone",0.005,4
"Not_CT_Zone",0.215,4
"Not_CT_Zone",0,4
"CT_Zone",0.54,4
"CT_Zone",0.03,4
"Not_CT_Zone",0.09,4
"Not_CT_Zone",0.25,4
"CT_Zone",0.185,4
"Not_CT_Zone",0.455,4
"Not_CT_Zone",0.065,4
"CT_Zone",0.25,4
"Not_CT_Zone",0.025,4
"Not_CT_Zone",0.295,4
"Not_CT_Zone",0.085,4
"Not_CT_Zone",0.12,4
"CT_Zone",0.35,4
"CT_Zone",0.415,4
"Not_CT_Zone",0.03,4
"Not_CT_Zone",0.02,4
"Not_CT_Zone",0.175,4
"Not_CT_Zone",0,4
"Not_CT_Zone",0.11,4
"CT_Zone",0.01,4
"Not_CT_Zone",0.145,4
"Not_CT_Zone",0.25,4
"Not_CT_Zone",0.06,4
"Not_CT_Zone",0.17,4
"Not_CT_Zone",0.31,4
"Not_CT_Zone",0.03,4
"Not_CT_Zone",0.005,4
"CT_Zone",0.325,4
"CT_Zone",0.48,4
"Not_CT_Zone",0.295,4
"Not_CT_Zone",0.05,4
"Not_CT_Zone",0.275,4
"Not_CT_Zone",0.045,4
"Not_CT_Zone",0.39,4
"Not_CT_Zone",0.005,4
"Not_CT_Zone",0.225,4
"Not_CT_Zone",0.01,4
"Not_CT_Zone",0,4
"Not_CT_Zone",0.28,4
"Not_CT_Zone",0.025,4
"Not_CT_Zone",0.38,4
"Not_CT_Zone",0.395,4
"Not_CT_Zone",0.42,4
"CT_Zone",0.285,4
"CT_Zone",0.39,4
"Not_CT_Zone",0.17,4
"Not_CT_Zone",0.005,4
"Not_CT_Zone",0.19,4
"CT_Zone",0.205,4
"Not_CT_Zone",0.015,4
"CT_Zone",0.365,4
"Not_CT_Zone",0.035,4
"Not_CT_Zone",0.005,4
"CT_Zone",0.28,4
"Not_CT_Zone",0.06,4
"Not_CT_Zone",0.065,4
"Not_CT_Zone",0.36,4
"Not_CT_Zone",0.33,4
"Not_CT_Zone",0.12,4
"Not_CT_Zone",0.315,4
"Not_CT_Zone",0.505,4
"Not_CT_Zone",0.24,4
"Not_CT_Zone",0.04,4
"Not_CT_Zone",0.24,4
"CT_Zone",0.155,4
"Not_CT_Zone",0.13,4
"Not_CT_Zone",0.175,4
"CT_Zone",0.295,4
"Not_CT_Zone",0.18,4
"Not_CT_Zone",0.11,4
"Not_CT_Zone",0,4
"CT_Zone",0.21,4
"Not_CT_Zone",0.3,4
"Not_CT_Zone",0.09,4
"Not_CT_Zone",0.36,4
"CT_Zone",0.385,4
"CT_Zone",0.34,4
"CT_Zone",0.535,4
"Not_CT_Zone",0.14,4
"Not_CT_Zone",0.045,4
"Not_CT_Zone",0.3,4
"Not_CT_Zone",0.005,4
"Not_CT_Zone",0.185,4
"Not_CT_Zone",0.4,4
"Not_CT_Zone",0.225,4
"Not_CT_Zone",0.305,4
"Not_CT_Zone",0.175,4
"Not_CT_Zone",0.3,4
"Not_CT_Zone",0.37,4
"Not_CT_Zone",0.13,4
"Not_CT_Zone",0.05,4
"CT_Zone",0.405,4
"Not_CT_Zone",0.615,4
"Not_CT_Zone",0.025,4
"Not_CT_Zone",0.105,4
"Not_CT_Zone",0.3,4
"Not_CT_Zone",0.01,4
"Not_CT_Zone",0.14,4
"CT_Zone",0.5,4
"Not_CT_Zone",0.315,4
"Not_CT_Zone",0.15,4
"Not_CT_Zone",0.16,4
"Not_CT_Zone",0.225,4
"Not_CT_Zone",0.52,4
"Not_CT_Zone",0.195,4
"Not_CT_Zone",0.325,4
"CT_Zone",0.295,4
"Not_CT_Zone",0.22,4
"Not_CT_Zone",0.12,4
"CT_Zone",0.055,4
"Not_CT_Zone",0.015,4
"Not_CT_Zone",0.09,4
"Not_CT_Zone",0.395,4
"Not_CT_Zone",0.26,4
"CT_Zone",0.14,4
"CT_Zone",0.195,4
"Not_CT_Zone",0.26,4
"CT_Zone",0.25,4
"Not_CT_Zone",0.1,4
"Not_CT_Zone",0.005,4
"Not_CT_Zone",0.12,4
"Not_CT_Zone",0.565,4
"Not_CT_Zone",0.12,4
"Not_CT_Zone",0.08,4
"Not_CT_Zone",0.42,4
"CT_Zone",0.285,4
"CT_Zone",0.66,4
"Not_CT_Zone",0.045,4
"Not_CT_Zone",0.16,4
"CT_Zone",0.57,4
"Not_CT_Zone",0.18,4
"Not_CT_Zone",0.34,4
"CT_Zone",0.36,4
"Not_CT_Zone",0.1,4
"Not_CT_Zone",0,4
"Not_CT_Zone",0.015,4
"Not_CT_Zone",0.775,4
"Not_CT_Zone",0.15,4
"Not_CT_Zone",0.135,4
"Not_CT_Zone",0.37,4
"Not_CT_Zone",0.39,4
"Not_CT_Zone",0.015,4
"Not_CT_Zone",0.065,4
"Not_CT_Zone",0.045,4
"Not_CT_Zone",0.085,4
"Not_CT_Zone",0.265,4
"Not_CT_Zone",0.315,4
"Not_CT_Zone",0.025,4
"Not_CT_Zone",0.29,4
"Not_CT_Zone",0.29,4
"Not_CT_Zone",0.23,4
"Not_CT_Zone",0.15,4
"Not_CT_Zone",0.03,4
"Not_CT_Zone",0.155,4
"Not_CT_Zone",0.075,4
"Not_CT_Zone",0.025,4
"CT_Zone",0.27,4
"CT_Zone",0.18,4
"Not_CT_Zone",0.035,4
"Not_CT_Zone",0.18,4
"Not_CT_Zone",0.075,4
"CT_Zone",0.3,4
"Not_CT_Zone",0.38,4
"CT_Zone",0.29,4
"Not_CT_Zone",0.065,4
"Not_CT_Zone",0.08,4
"Not_CT_Zone",0.03,4
"CT_Zone",0.175,4
"CT_Zone",0.12,4
"Not_CT_Zone",0.24,4
"Not_CT_Zone",0.15,4
"Not_CT_Zone",0.06,4
"Not_CT_Zone",0.075,4
"Not_CT_Zone",0.005,4
"Not_CT_Zone",0.14,4
"Not_CT_Zone",0.035,4
"Not_CT_Zone",0.07,4
"Not_CT_Zone",0.365,4
"Not_CT_Zone",0.31,4
"CT_Zone",0.33,4
"Not_CT_Zone",0.035,4
"Not_CT_Zone",0.465,4
"CT_Zone",0.33,4
"Not_CT_Zone",0.115,4
"Not_CT_Zone",0.01,4
"CT_Zone",0.415,4
"CT_Zone",0.21,4
"Not_CT_Zone",0.01,4
"Not_CT_Zone",0.02,4
"Not_CT_Zone",0.175,4
"Not_CT_Zone",0.03,4
"Not_CT_Zone",0.065,4
"Not_CT_Zone",0.14,4
"Not_CT_Zone",0.005,4
"CT_Zone",0.315,4
"CT_Zone",0.28,4
"Not_CT_Zone",0.08,4
"Not_CT_Zone",0,4
"Not_CT_Zone",0.01,4
"CT_Zone",0.3,4
"Not_CT_Zone",0.35,4
"Not_CT_Zone",0.015,4
"Not_CT_Zone",0.145,4
"Not_CT_Zone",0.165,4
"CT_Zone",0.27,4
"Not_CT_Zone",0.04,4
"CT_Zone",0.47,4
"Not_CT_Zone",0.455,4
"Not_CT_Zone",0.02,4
"CT_Zone",0.29,4
"CT_Zone",0.53,4
"Not_CT_Zone",0.235,4
"CT_Zone",0.095,4
"Not_CT_Zone",0,4
"Not_CT_Zone",0.085,4
"Not_CT_Zone",0.5,4
"Not_CT_Zone",0,4
"Not_CT_Zone",0.05,4
"Not_CT_Zone",0.035,4
"Not_CT_Zone",0.11,4
"Not_CT_Zone",0.32,4
"Not_CT_Zone",0.015,4
"Not_CT_Zone",0.43,4
"Not_CT_Zone",0.09,4
"CT_Zone",0.6,4
"Not_CT_Zone",0.345,4
"Not_CT_Zone",0.145,4
"Not_CT_Zone",0.3,4
"CT_Zone",0.53,4
"Not_CT_Zone",0.165,4
"Not_CT_Zone",0.42,4
"Not_CT_Zone",0.26,4
"Not_CT_Zone",0.07,4
"Not_CT_Zone",0.18,4
"Not_CT_Zone",0.5,4
"Not_CT_Zone",0.06,4
"CT_Zone",0.845,4
"CT_Zone",0.23,4
"CT_Zone",0.485,4
"Not_CT_Zone",0.235,4
"Not_CT_Zone",0.36,4
"Not_CT_Zone",0.02,4
"Not_CT_Zone",0.625,4
"CT_Zone",0.28,4
"Not_CT_Zone",0,4
"CT_Zone",0.225,4
"Not_CT_Zone",0,4
"Not_CT_Zone",0.45,4
"Not_CT_Zone",0.275,4
"Not_CT_Zone",0.17,4
"Not_CT_Zone",0.395,4
"Not_CT_Zone",0.035,4
"Not_CT_Zone",0.08,4
"Not_CT_Zone",0.365,4
"Not_CT_Zone",0.105,4
"Not_CT_Zone",0.46,4
"Not_CT_Zone",0.04,4
"Not_CT_Zone",0.115,4
"Not_CT_Zone",0.025,4
"CT_Zone",0.675,4
"Not_CT_Zone",0.285,4
"CT_Zone",0.415,4
"Not_CT_Zone",0.005,4
"Not_CT_Zone",0.005,4
"Not_CT_Zone",0.35,4
"Not_CT_Zone",0.04,4
"Not_CT_Zone",0.05,4
"CT_Zone",0.17,4
"Not_CT_Zone",0.09,4
"Not_CT_Zone",0.3,4
"Not_CT_Zone",0.1,4
"CT_Zone",0.37,4
"Not_CT_Zone",0.515,4
"Not_CT_Zone",0.405,4
"CT_Zone",0.375,4
"Not_CT_Zone",0.415,4
"Not_CT_Zone",0.055,4
"CT_Zone",0.01,4
"Not_CT_Zone",0.08,4
"Not_CT_Zone",0.275,4
"Not_CT_Zone",0.04,4
"Not_CT_Zone",0.005,4
"Not_CT_Zone",0.005,4
"CT_Zone",0.22,4
"Not_CT_Zone",0.59,4
"Not_CT_Zone",0.085,4
"Not_CT_Zone",0.41,4
"Not_CT_Zone",0,4
"Not_CT_Zone",0.05,4
"CT_Zone",0.33,4
"CT_Zone",0.445,4
"Not_CT_Zone",0.39,4
"Not_CT_Zone",0.37,4
"Not_CT_Zone",0,4
"Not_CT_Zone",0.45,4
"Not_CT_Zone",0.245,4
"CT_Zone",0.34,4
"Not_CT_Zone",0.275,4
"CT_Zone",0.3,4
"Not_CT_Zone",0.305,4
"Not_CT_Zone",0.035,4
"CT_Zone",0.39,4
"Not_CT_Zone",0.23,4
"Not_CT_Zone",0.15,4
"CT_Zone",0.365,4
"Not_CT_Zone",0.62,4
"CT_Zone",0.33,4
"Not_CT_Zone",0,4
"CT_Zone",0.565,4
"Not_CT_Zone",0.06,4
"CT_Zone",0.605,4
"Not_CT_Zone",0.015,4
"Not_CT_Zone",0.005,4
"Not_CT_Zone",0.045,4
"CT_Zone",0.41,4
"CT_Zone",0.275,4
"CT_Zone",0.375,4
"Not_CT_Zone",0.035,4
"Not_CT_Zone",0.005,4
"Not_CT_Zone",0.025,4
"Not_CT_Zone",0.365,4
"Not_CT_Zone",0.595,4
"Not_CT_Zone",0.025,4
"CT_Zone",0.735,4
"Not_CT_Zone",0.22,4
"CT_Zone",0.375,4
"Not_CT_Zone",0.395,4
"Not_CT_Zone",0.07,4
"Not_CT_Zone",0.18,4
"Not_CT_Zone",0.165,4
"Not_CT_Zone",0.01,4
"CT_Zone",0.34,4
"CT_Zone",0.165,4
"CT_Zone",0.23,4
"Not_CT_Zone",0.265,4
"Not_CT_Zone",0.16,4
"CT_Zone",0.37,4
"CT_Zone",0.52,4
"Not_CT_Zone",0.06,4
"Not_CT_Zone",0.41,4
"Not_CT_Zone",0.03,4
"Not_CT_Zone",0.105,4
"Not_CT_Zone",0.21,4
"Not_CT_Zone",0.495,4
"CT_Zone",0.475,4
"Not_CT_Zone",0.485,4
"Not_CT_Zone",0,4
"CT_Zone",0.065,4
"Not_CT_Zone",0.34,4
"CT_Zone",0.53,4
"Not_CT_Zone",0.09,4
"Not_CT_Zone",0.405,4
"Not_CT_Zone",0.325,4
"Not_CT_Zone",0.165,4
"CT_Zone",0.305,4
"Not_CT_Zone",0.325,4
"Not_CT_Zone",0.095,4
"CT_Zone",0.31,4
"Not_CT_Zone",0.56,4
"CT_Zone",0.36,4
"CT_Zone",0.49,4
"Not_CT_Zone",0.05,4
"Not_CT_Zone",0.02,4
"CT_Zone",0.94,4
"CT_Zone",0.405,4
"Not_CT_Zone",0.385,4
"Not_CT_Zone",0.165,4
"Not_CT_Zone",0.4,4
"CT_Zone",0.42,4
"Not_CT_Zone",0.35,4
"Not_CT_Zone",0.085,4
"Not_CT_Zone",0,4
"Not_CT_Zone",0,4
"Not_CT_Zone",0.325,4
"Not_CT_Zone",0.045,4
"Not_CT_Zone",0.04,4
"Not_CT_Zone",0.24,4
"Not_CT_Zone",0.32,4
"Not_CT_Zone",0.245,4
"Not_CT_Zone",0,4
"Not_CT_Zone",0.025,4
"Not_CT_Zone",0.045,4
"Not_CT_Zone",0.53,4
"Not_CT_Zone",0.16,4
"Not_CT_Zone",0.285,4
"Not_CT_Zone",0.21,4
"CT_Zone",0.06,4
"Not_CT_Zone",0.155,4
"CT_Zone",0.205,4
"Not_CT_Zone",0.29,4
"Not_CT_Zone",0.545,4
"Not_CT_Zone",0.08,4
"Not_CT_Zone",0.065,4
"Not_CT_Zone",0.09,4
"Not_CT_Zone",0.26,4
"Not_CT_Zone",0.005,4
"CT_Zone",0.17,4
"Not_CT_Zone",0.285,4
"Not_CT_Zone",0.04,4
"Not_CT_Zone",0,4
"CT_Zone",0.355,4
"Not_CT_Zone",0.36,4
"Not_CT_Zone",0,4
"Not_CT_Zone",0.33,4
"Not_CT_Zone",0.05,4
"Not_CT_Zone",0.375,4
"Not_CT_Zone",0.025,4
"Not_CT_Zone",0.54,4
"Not_CT_Zone",0.26,4
"Not_CT_Zone",0.07,4
"Not_CT_Zone",0.035,4
"Not_CT_Zone",0.11,4
"Not_CT_Zone",0.005,4
"CT_Zone",0.25,4
"Not_CT_Zone",0.07,4
"Not_CT_Zone",0.395,4
"CT_Zone",0.28,4
"Not_CT_Zone",0.28,4
"Not_CT_Zone",0.25,4
"Not_CT_Zone",0.08,4
"Not_CT_Zone",0.61,4
"CT_Zone",0.405,4
"Not_CT_Zone",0.035,4
"Not_CT_Zone",0.09,4
"CT_Zone",0.215,4
"Not_CT_Zone",0.235,4
"Not_CT_Zone",0.21,4
"Not_CT_Zone",0.115,4
"Not_CT_Zone",0.28,4
"CT_Zone",0.325,4
"Not_CT_Zone",0.07,4
"CT_Zone",0.16,4
"CT_Zone",0.06,4
"Not_CT_Zone",0.05,4
"Not_CT_Zone",0.275,4
"Not_CT_Zone",0.075,4
"Not_CT_Zone",0.345,4
"Not_CT_Zone",0.305,4
"Not_CT_Zone",0.02,4
"Not_CT_Zone",0.085,4
"CT_Zone",0.385,4
"Not_CT_Zone",0.395,4
"CT_Zone",0.265,4
"CT_Zone",0.34,4
"Not_CT_Zone",0.32,4
"Not_CT_Zone",0.01,4
"CT_Zone",0.21,4
"Not_CT_Zone",0.375,4
"Not_CT_Zone",0.22,4
"CT_Zone",0.525,4
"CT_Zone",0.215,4
"Not_CT_Zone",0.225,4
"Not_CT_Zone",0.59,4
"Not_CT_Zone",0.45,4
"Not_CT_Zone",0.085,4
"Not_CT_Zone",0.07,4
"Not_CT_Zone",0.275,4
"Not_CT_Zone",0.38,4
"Not_CT_Zone",0.005,4
"Not_CT_Zone",0.02,4
"Not_CT_Zone",0.27,4
"CT_Zone",0.54,4
"Not_CT_Zone",0.02,4
"Not_CT_Zone",0.005,4
"Not_CT_Zone",0.035,4
"Not_CT_Zone",0.275,4
"CT_Zone",0.38,4
"Not_CT_Zone",0.04,4
"Not_CT_Zone",0.045,4
"Not_CT_Zone",0.56,4
"Not_CT_Zone",0,4
"Not_CT_Zone",0.16,4
"Not_CT_Zone",0.025,4
"Not_CT_Zone",0.05,4
"Not_CT_Zone",0.065,4
"CT_Zone",0.365,4
"Not_CT_Zone",0.22,4
"Not_CT_Zone",0.025,4
"Not_CT_Zone",0.33,4
"Not_CT_Zone",0.165,4
"Not_CT_Zone",0.29,4
"CT_Zone",0.25,4
"Not_CT_Zone",0.055,4
"Not_CT_Zone",0.38,4
"Not_CT_Zone",0.095,4
"Not_CT_Zone",0.015,5
"Not_CT_Zone",0.1,5
"Not_CT_Zone",0.045,5
"Not_CT_Zone",0.06,5
"Not_CT_Zone",0.01,5
"Not_CT_Zone",0.11,5
"Not_CT_Zone",0.01,5
"CT_Zone",0.235,5
"Not_CT_Zone",0.13,5
"Not_CT_Zone",0.01,5
"Not_CT_Zone",0.02,5
"Not_CT_Zone",0,5
"Not_CT_Zone",0,5
"Not_CT_Zone",0.24,5
"Not_CT_Zone",0,5
"Not_CT_Zone",0.08,5
"Not_CT_Zone",0.02,5
"Not_CT_Zone",0.025,5
"Not_CT_Zone",0,5
"Not_CT_Zone",0,5
"Not_CT_Zone",0.025,5
"Not_CT_Zone",0,5
"Not_CT_Zone",0,5
"Not_CT_Zone",0.105,5
"Not_CT_Zone",0.035,5
"Not_CT_Zone",0.1,5
"Not_CT_Zone",0,5
"Not_CT_Zone",0.185,5
"Not_CT_Zone",0.06,5
"Not_CT_Zone",0,5
"Not_CT_Zone",0.185,5
"Not_CT_Zone",0.065,5
"Not_CT_Zone",0.015,5
"Not_CT_Zone",0,5
"Not_CT_Zone",0,5
"Not_CT_Zone",0.035,5
"Not_CT_Zone",0.015,5
"Not_CT_Zone",0,5
"Not_CT_Zone",0.1,5
"Not_CT_Zone",0.255,5
"Not_CT_Zone",0,5
"Not_CT_Zone",0,5
"Not_CT_Zone",0.01,5
"Not_CT_Zone",0.08,5
"Not_CT_Zone",0.01,5
"Not_CT_Zone",0,5
"Not_CT_Zone",0.045,5
"Not_CT_Zone",0.46,5
"Not_CT_Zone",0.01,5
"Not_CT_Zone",0,5
"Not_CT_Zone",0.075,5
"Not_CT_Zone",0.125,5
"Not_CT_Zone",0,5
"Not_CT_Zone",0.115,5
"Not_CT_Zone",0.005,5
"Not_CT_Zone",0.01,5
"Not_CT_Zone",0.015,5
"Not_CT_Zone",0.16,5
"Not_CT_Zone",0,5
"Not_CT_Zone",0.01,5
"Not_CT_Zone",0.005,5
"Not_CT_Zone",0.005,5
"Not_CT_Zone",0.01,5
"Not_CT_Zone",0.005,5
"Not_CT_Zone",0.01,5
"Not_CT_Zone",0.045,5
"Not_CT_Zone",0,5
"Not_CT_Zone",0.025,5
"Not_CT_Zone",0.025,5
"Not_CT_Zone",0.035,5
"Not_CT_Zone",0.005,5
"Not_CT_Zone",0.065,5
"Not_CT_Zone",0.025,5
"Not_CT_Zone",0,5
"Not_CT_Zone",0.08,5
"Not_CT_Zone",0.265,5
"Not_CT_Zone",0,5
"Not_CT_Zone",0,5
"Not_CT_Zone",0,5
"Not_CT_Zone",0,5
"Not_CT_Zone",0.01,5
"Not_CT_Zone",0.015,5
"Not_CT_Zone",0,5
"Not_CT_Zone",0,5
"Not_CT_Zone",0.015,5
"Not_CT_Zone",0.14,5
"Not_CT_Zone",0.275,5
"Not_CT_Zone",0.02,5
"Not_CT_Zone",0,5
"Not_CT_Zone",0.14,5
"Not_CT_Zone",0.015,5
"Not_CT_Zone",0,5
"Not_CT_Zone",0.015,5
"Not_CT_Zone",0.22,5
"Not_CT_Zone",0.095,5
"Not_CT_Zone",0,5
"Not_CT_Zone",0.105,5
"Not_CT_Zone",0,5
"Not_CT_Zone",0.01,5
"Not_CT_Zone",0,5
"Not_CT_Zone",0.005,5
"Not_CT_Zone",0.01,5
"CT_Zone",0.505,5
"Not_CT_Zone",0.02,5
"Not_CT_Zone",0.365,5
"Not_CT_Zone",0.015,5
"Not_CT_Zone",0.05,5
"Not_CT_Zone",0,5
"Not_CT_Zone",0,5
"Not_CT_Zone",0,5
"Not_CT_Zone",0.005,5
"Not_CT_Zone",0.025,5
"Not_CT_Zone",0,5
"Not_CT_Zone",0.1,5
"CT_Zone",0.325,5
"CT_Zone",0.565,5
"Not_CT_Zone",0.005,5
"Not_CT_Zone",0.14,5
"Not_CT_Zone",0.005,5
"Not_CT_Zone",0.06,5
"Not_CT_Zone",0.005,5
"Not_CT_Zone",0,5
"Not_CT_Zone",0,5
"Not_CT_Zone",0.005,5
"Not_CT_Zone",0.32,5
"Not_CT_Zone",0.44,5
"Not_CT_Zone",0.015,5
"Not_CT_Zone",0.01,5
"Not_CT_Zone",0.295,5
"Not_CT_Zone",0.235,5
"Not_CT_Zone",0.225,5
"Not_CT_Zone",0.04,5
"Not_CT_Zone",0.1,5
"Not_CT_Zone",0,5
"Not_CT_Zone",0.005,5
"Not_CT_Zone",0.02,5
"Not_CT_Zone",0.11,5
"Not_CT_Zone",0.025,5
"Not_CT_Zone",0.015,5
"Not_CT_Zone",0.085,5
"Not_CT_Zone",0.085,5
"Not_CT_Zone",0.01,5
"Not_CT_Zone",0.405,5
"Not_CT_Zone",0.085,5
"Not_CT_Zone",0.05,5
"Not_CT_Zone",0.01,5
"Not_CT_Zone",0.01,5
"Not_CT_Zone",0.02,5
"Not_CT_Zone",0.09,5
"Not_CT_Zone",0.04,5
"Not_CT_Zone",0.01,5
"Not_CT_Zone",0.005,5
"Not_CT_Zone",0.01,5
"Not_CT_Zone",0.005,5
"Not_CT_Zone",0,5
"Not_CT_Zone",0.005,5
"Not_CT_Zone",0.025,5
"Not_CT_Zone",0.02,5
"Not_CT_Zone",0.46,5
"Not_CT_Zone",0.17,5
"Not_CT_Zone",0.015,5
"Not_CT_Zone",0,5
"Not_CT_Zone",0,5
"Not_CT_Zone",0,5
"Not_CT_Zone",0.24,5
"Not_CT_Zone",0,5
"Not_CT_Zone",0.005,5
"Not_CT_Zone",0.175,5
"Not_CT_Zone",0.06,5
"Not_CT_Zone",0.005,5
"Not_CT_Zone",0,5
"Not_CT_Zone",0,5
"Not_CT_Zone",0,5
"Not_CT_Zone",0.015,5
"Not_CT_Zone",0.065,5
"Not_CT_Zone",0,5
"Not_CT_Zone",0,5
"Not_CT_Zone",0.01,5
"Not_CT_Zone",0.065,5
"Not_CT_Zone",0.015,5
"Not_CT_Zone",0.08,5
"Not_CT_Zone",0.005,5
"Not_CT_Zone",0.095,5
"Not_CT_Zone",0.165,5
"Not_CT_Zone",0,5
"Not_CT_Zone",0,5
"Not_CT_Zone",0.085,5
"Not_CT_Zone",0.015,5
"Not_CT_Zone",0.02,5
"Not_CT_Zone",0.1,5
"Not_CT_Zone",0,5
"Not_CT_Zone",0.01,5
"Not_CT_Zone",0.115,5
"Not_CT_Zone",0,5
"Not_CT_Zone",0.005,5
"Not_CT_Zone",0.01,5
"Not_CT_Zone",0.19,5
"Not_CT_Zone",0.195,5
"Not_CT_Zone",0.305,5
"Not_CT_Zone",0.01,5
"Not_CT_Zone",0.075,5
"Not_CT_Zone",0,5
"Not_CT_Zone",0.1,5
"Not_CT_Zone",0.01,5
"Not_CT_Zone",0,5
"Not_CT_Zone",0.215,5
"Not_CT_Zone",0.005,5
"Not_CT_Zone",0.08,5
"Not_CT_Zone",0,5
"Not_CT_Zone",0.21,5
"Not_CT_Zone",0.015,5
"Not_CT_Zone",0.03,5
"Not_CT_Zone",0,5
"Not_CT_Zone",0,5
"CT_Zone",0.72,5
"Not_CT_Zone",0.005,5
"Not_CT_Zone",0.205,5
"CT_Zone",0.115,5
"Not_CT_Zone",0.005,5
"Not_CT_Zone",0.005,5
"Not_CT_Zone",0.205,5
"Not_CT_Zone",0.005,5
"Not_CT_Zone",0,5
"Not_CT_Zone",0.005,5
"Not_CT_Zone",0.04,5
"Not_CT_Zone",0.005,5
"Not_CT_Zone",0,5
"Not_CT_Zone",0,5
"Not_CT_Zone",0,5
"Not_CT_Zone",0.01,5
"Not_CT_Zone",0.005,5
"Not_CT_Zone",0.03,5
"Not_CT_Zone",0.055,5
"Not_CT_Zone",0,5
"Not_CT_Zone",0,5
"Not_CT_Zone",0,5
"Not_CT_Zone",0,5
"Not_CT_Zone",0.045,5
"Not_CT_Zone",0.055,5
"Not_CT_Zone",0.005,5
"Not_CT_Zone",0.04,5
"Not_CT_Zone",0.01,5
"Not_CT_Zone",0,5
"Not_CT_Zone",0,5
"Not_CT_Zone",0.005,5
"Not_CT_Zone",0.075,5
"Not_CT_Zone",0,5
"Not_CT_Zone",0.01,5
"Not_CT_Zone",0.015,5
"CT_Zone",0.15,5
"Not_CT_Zone",0.07,5
"Not_CT_Zone",0.31,5
"Not_CT_Zone",0.035,5
"Not_CT_Zone",0,5
"Not_CT_Zone",0,5
"Not_CT_Zone",0.05,5
"Not_CT_Zone",0,5
"Not_CT_Zone",0,5
"Not_CT_Zone",0.015,5
"Not_CT_Zone",0,5
"Not_CT_Zone",0.03,5
"Not_CT_Zone",0.015,5
"Not_CT_Zone",0.035,5
"Not_CT_Zone",0.02,5
"Not_CT_Zone",0.06,5
"Not_CT_Zone",0,5
"Not_CT_Zone",0.005,5
"Not_CT_Zone",0.02,5
"CT_Zone",0.555,5
"Not_CT_Zone",0,5
"Not_CT_Zone",0,5
"Not_CT_Zone",0.02,5
"Not_CT_Zone",0,5
"Not_CT_Zone",0.015,5
"Not_CT_Zone",0.015,5
"Not_CT_Zone",0.01,5
"Not_CT_Zone",0.385,5
"Not_CT_Zone",0.085,5
"Not_CT_Zone",0.09,5
"Not_CT_Zone",0.315,5
"Not_CT_Zone",0.05,5
"Not_CT_Zone",0.02,5
"Not_CT_Zone",0.08,5
"Not_CT_Zone",0.05,5
"Not_CT_Zone",0.09,5
"Not_CT_Zone",0,5
"Not_CT_Zone",0.245,5
"Not_CT_Zone",0.005,5
"Not_CT_Zone",0.005,5
"Not_CT_Zone",0.03,5
"Not_CT_Zone",0.115,5
"Not_CT_Zone",0.01,5
"Not_CT_Zone",0.325,5
"Not_CT_Zone",0.77,5
"CT_Zone",0.44,5
"Not_CT_Zone",0.17,5
"Not_CT_Zone",0.025,5
"Not_CT_Zone",0.175,5
"Not_CT_Zone",0.015,5
"Not_CT_Zone",0.01,5
"Not_CT_Zone",0.01,5
"Not_CT_Zone",0,5
"Not_CT_Zone",0,5
"Not_CT_Zone",0,5
"Not_CT_Zone",0.005,5
"Not_CT_Zone",0.315,5
"Not_CT_Zone",0,5
"Not_CT_Zone",0.035,5
"Not_CT_Zone",0.14,5
"Not_CT_Zone",0.095,5
"Not_CT_Zone",0,5
"Not_CT_Zone",0.23,5
"Not_CT_Zone",0.01,5
"Not_CT_Zone",0.15,5
"Not_CT_Zone",0.04,5
"Not_CT_Zone",0.05,5
"Not_CT_Zone",0.02,5
"Not_CT_Zone",0,5
"Not_CT_Zone",0.005,5
"Not_CT_Zone",0,5
"Not_CT_Zone",0.01,5
"Not_CT_Zone",0,5
"Not_CT_Zone",0,5
"Not_CT_Zone",0,5
"Not_CT_Zone",0.07,5
"Not_CT_Zone",0.02,5
"Not_CT_Zone",0.115,5
"Not_CT_Zone",0.08,5
"Not_CT_Zone",0.045,5
"Not_CT_Zone",0.015,5
"Not_CT_Zone",0.11,5
"Not_CT_Zone",0.155,5
"CT_Zone",0.32,5
"Not_CT_Zone",0.01,5
"Not_CT_Zone",0.16,5
"CT_Zone",0.445,5
"Not_CT_Zone",0.005,5
"Not_CT_Zone",0.03,5
"Not_CT_Zone",0.01,5
"Not_CT_Zone",0.01,5
"Not_CT_Zone",0.165,5
"Not_CT_Zone",0.085,5
"Not_CT_Zone",0.325,5
"Not_CT_Zone",0.46,5
"Not_CT_Zone",0.45,5
"Not_CT_Zone",0.29,5
"Not_CT_Zone",0.265,5
"Not_CT_Zone",0.4,5
"Not_CT_Zone",0.145,5
"Not_CT_Zone",0.26,5
"CT_Zone",0.555,5
"Not_CT_Zone",0.165,5
"Not_CT_Zone",0.15,5
"Not_CT_Zone",0.38,5
"CT_Zone",0.3,5
"Not_CT_Zone",0.27,5
"Not_CT_Zone",0.03,5
"Not_CT_Zone",0.2,5
"Not_CT_Zone",0.435,5
"Not_CT_Zone",0.305,5
"Not_CT_Zone",0.12,5
"Not_CT_Zone",0.54,5
"Not_CT_Zone",0.31,5
"Not_CT_Zone",0.345,5
"Not_CT_Zone",0.005,5
"Not_CT_Zone",0.24,5
"Not_CT_Zone",0.09,5
"Not_CT_Zone",0.09,5
"Not_CT_Zone",0.205,5
"CT_Zone",0.49,5
"Not_CT_Zone",0.11,5
"Not_CT_Zone",0.49,5
"CT_Zone",0.27,5
"Not_CT_Zone",0.005,5
"Not_CT_Zone",0.005,5
"Not_CT_Zone",0,5
"Not_CT_Zone",0.015,5
"Not_CT_Zone",0.04,5
"Not_CT_Zone",0,5
"Not_CT_Zone",0.05,5
"Not_CT_Zone",0,5
"Not_CT_Zone",0.01,5
"Not_CT_Zone",0.01,5
"Not_CT_Zone",0.015,5
"Not_CT_Zone",0,5
"Not_CT_Zone",0.09,5
"Not_CT_Zone",0.005,5
"Not_CT_Zone",0,5
"Not_CT_Zone",0,5
"Not_CT_Zone",0.01,5
"Not_CT_Zone",0.165,5
"Not_CT_Zone",0,5
"Not_CT_Zone",0.005,5
"Not_CT_Zone",0.075,5
"Not_CT_Zone",0.01,5
"Not_CT_Zone",0.02,5
"Not_CT_Zone",0.025,5
"Not_CT_Zone",0,5
"Not_CT_Zone",0.015,5
"Not_CT_Zone",0.005,5
"Not_CT_Zone",0.06,5
"Not_CT_Zone",0,5
"Not_CT_Zone",0.045,5
"Not_CT_Zone",0.02,5
"Not_CT_Zone",0.005,5
"Not_CT_Zone",0,5
"Not_CT_Zone",0.03,5
"Not_CT_Zone",0.02,5
"Not_CT_Zone",0.015,5
"Not_CT_Zone",0.02,5
"Not_CT_Zone",0.2,5
"Not_CT_Zone",0.005,5
"Not_CT_Zone",0.01,5
"Not_CT_Zone",0.01,5
"Not_CT_Zone",0,5
"Not_CT_Zone",0.065,5
"Not_CT_Zone",0.005,5
"Not_CT_Zone",0,5
"Not_CT_Zone",0.005,5
"Not_CT_Zone",0.02,5
"Not_CT_Zone",0.2,5
"Not_CT_Zone",0.095,5
"Not_CT_Zone",0.03,5
"Not_CT_Zone",0,5
"Not_CT_Zone",0.48,5
"Not_CT_Zone",0.06,5
"Not_CT_Zone",0.005,5
"Not_CT_Zone",0,5
"Not_CT_Zone",0,5
"Not_CT_Zone",0.245,5
"Not_CT_Zone",0.035,5
"Not_CT_Zone",0.12,5
"Not_CT_Zone",0.07,5
"CT_Zone",0.675,5
"Not_CT_Zone",0,5
"Not_CT_Zone",0.005,5
"Not_CT_Zone",0.115,5
"Not_CT_Zone",0.355,5
"Not_CT_Zone",0.32,5
"Not_CT_Zone",0.015,5
"Not_CT_Zone",0.08,5
"Not_CT_Zone",0.175,5
"Not_CT_Zone",0.02,5
"Not_CT_Zone",0.05,5
"Not_CT_Zone",0.125,5
"Not_CT_Zone",0.115,5
"Not_CT_Zone",0.12,5
"Not_CT_Zone",0,5
"Not_CT_Zone",0,5
"Not_CT_Zone",0.025,5
"Not_CT_Zone",0,5
"Not_CT_Zone",0,5
"Not_CT_Zone",0,5
"Not_CT_Zone",0.015,5
"Not_CT_Zone",0.03,5
"Not_CT_Zone",0,5
"Not_CT_Zone",0,5
"Not_CT_Zone",0.005,5
"Not_CT_Zone",0.32,5
"Not_CT_Zone",0,5
"Not_CT_Zone",0.005,5
"Not_CT_Zone",0,5
"Not_CT_Zone",0.15,5
"Not_CT_Zone",0,5
"Not_CT_Zone",0.3,5
"Not_CT_Zone",0.055,5
"Not_CT_Zone",0.015,5
"Not_CT_Zone",0.04,5
"Not_CT_Zone",0.005,5
"Not_CT_Zone",0.01,5
"Not_CT_Zone",0,5
"Not_CT_Zone",0,5
"Not_CT_Zone",0.12,5
"Not_CT_Zone",0.14,5
"Not_CT_Zone",0.125,5
"CT_Zone",0.65,5
"Not_CT_Zone",0,5
"Not_CT_Zone",0.015,5
"Not_CT_Zone",0,5
"Not_CT_Zone",0,5
"Not_CT_Zone",0.005,5
"Not_CT_Zone",0,5
"Not_CT_Zone",0.015,5
"Not_CT_Zone",0,5
"Not_CT_Zone",0.055,5
"Not_CT_Zone",0,5
"Not_CT_Zone",0,5
"Not_CT_Zone",0.005,5
"Not_CT_Zone",0.005,5
"Not_CT_Zone",0.005,5
"Not_CT_Zone",0.005,5
"Not_CT_Zone",0.01,5
"Not_CT_Zone",0.01,5
"Not_CT_Zone",0.025,5
"Not_CT_Zone",0,5
"Not_CT_Zone",0.005,5
"Not_CT_Zone",0.05,5
"Not_CT_Zone",0,5
"Not_CT_Zone",0,5
"Not_CT_Zone",0.08,5
"Not_CT_Zone",0.005,5
"Not_CT_Zone",0.025,5
"Not_CT_Zone",0,5
"Not_CT_Zone",0.01,5
"Not_CT_Zone",0.005,5
"Not_CT_Zone",0.01,5
"Not_CT_Zone",0,5
"Not_CT_Zone",0.065,5
"Not_CT_Zone",0,5
"Not_CT_Zone",0.005,5
"Not_CT_Zone",0.02,5
"Not_CT_Zone",0,5
"Not_CT_Zone",0.015,5
"Not_CT_Zone",0.025,5
"Not_CT_Zone",0,5
"Not_CT_Zone",0.01,5
"Not_CT_Zone",0,5
"Not_CT_Zone",0.005,5
"Not_CT_Zone",0.005,5
"Not_CT_Zone",0.03,5
"Not_CT_Zone",0.12,5
"Not_CT_Zone",0.005,5
"Not_CT_Zone",0,5
"Not_CT_Zone",0.005,5
"Not_CT_Zone",0,5
"Not_CT_Zone",0,5
"Not_CT_Zone",0,5
"Not_CT_Zone",0,5
"Not_CT_Zone",0,5
"Not_CT_Zone",0.145,5
"Not_CT_Zone",0.01,5
"Not_CT_Zone",0.05,5
"Not_CT_Zone",0.1,5
"Not_CT_Zone",0.01,5
"Not_CT_Zone",0.425,5
"Not_CT_Zone",0.05,5
"Not_CT_Zone",0.11,5
"Not_CT_Zone",0.185,5
"Not_CT_Zone",0.475,5
"Not_CT_Zone",0.415,5
"CT_Zone",0.485,5
"CT_Zone",0.43,5
"Not_CT_Zone",0.165,5
"Not_CT_Zone",0.22,5
"Not_CT_Zone",0.27,5
"CT_Zone",0.505,5
"Not_CT_Zone",0.345,5
"Not_CT_Zone",0.415,5
"Not_CT_Zone",0.495,5
"Not_CT_Zone",0.495,5
"CT_Zone",0.415,5
"Not_CT_Zone",0.335,5
"Not_CT_Zone",0.235,5
"CT_Zone",0.535,5
"CT_Zone",0.46,5
"Not_CT_Zone",0.11,5
"Not_CT_Zone",0.01,5
"Not_CT_Zone",0.04,5
"Not_CT_Zone",0.025,5
"Not_CT_Zone",0.09,5
"Not_CT_Zone",0.09,5
"Not_CT_Zone",0,5
"Not_CT_Zone",0.095,5
"Not_CT_Zone",0,5
"Not_CT_Zone",0.005,5
"Not_CT_Zone",0,5
"Not_CT_Zone",0.015,5
"Not_CT_Zone",0,5
"Not_CT_Zone",0.02,5
"Not_CT_Zone",0,5
"Not_CT_Zone",0.005,5
"Not_CT_Zone",0.015,5
"Not_CT_Zone",0,5
"Not_CT_Zone",0.02,5
"Not_CT_Zone",0,5
"Not_CT_Zone",0.185,5
"CT_Zone",0.27,5
"Not_CT_Zone",0.015,5
"Not_CT_Zone",0.24,5
"Not_CT_Zone",0.325,5
"Not_CT_Zone",0,5
"Not_CT_Zone",0.17,5
"Not_CT_Zone",0.345,5
"Not_CT_Zone",0.165,5
"Not_CT_Zone",0.11,5
"Not_CT_Zone",0.215,5
"Not_CT_Zone",0,5
"Not_CT_Zone",0,5
"Not_CT_Zone",0.015,5
"Not_CT_Zone",0,5
"Not_CT_Zone",0,5
"Not_CT_Zone",0,5
"Not_CT_Zone",0.035,5
"Not_CT_Zone",0,5
"Not_CT_Zone",0.025,5
"Not_CT_Zone",0.03,5
"Not_CT_Zone",0,5
"Not_CT_Zone",0.005,5
"Not_CT_Zone",0.01,5
"Not_CT_Zone",0,5
"Not_CT_Zone",0.595,5
"Not_CT_Zone",0.005,5
"Not_CT_Zone",0.05,5
"Not_CT_Zone",0.01,5
"Not_CT_Zone",0,5
"Not_CT_Zone",0.08,5
"Not_CT_Zone",0.095,5
"Not_CT_Zone",0.045,5
"Not_CT_Zone",0.005,5
"Not_CT_Zone",0,5
"Not_CT_Zone",0.185,5
"Not_CT_Zone",0.06,5
"Not_CT_Zone",0,5
"Not_CT_Zone",0,5
"Not_CT_Zone",0,5
"Not_CT_Zone",0,5
"Not_CT_Zone",0,5
"Not_CT_Zone",0.03,5
"Not_CT_Zone",0,5
"Not_CT_Zone",0.005,5
"Not_CT_Zone",0.01,5
"Not_CT_Zone",0.005,5
"Not_CT_Zone",0.005,5
"Not_CT_Zone",0.005,5
"Not_CT_Zone",0.03,5
"Not_CT_Zone",0,5
"Not_CT_Zone",0,5
"Not_CT_Zone",0.01,5
"Not_CT_Zone",0.045,5
"Not_CT_Zone",0.02,5
"Not_CT_Zone",0,5
"Not_CT_Zone",0.095,5
"Not_CT_Zone",0,5
"Not_CT_Zone",0.035,5
"Not_CT_Zone",0.035,5
"Not_CT_Zone",0.05,5
"Not_CT_Zone",0.005,5
"Not_CT_Zone",0.04,5
"Not_CT_Zone",0.07,5
"Not_CT_Zone",0.135,5
"Not_CT_Zone",0.04,5
"Not_CT_Zone",0.05,5
"Not_CT_Zone",0.25,5
"Not_CT_Zone",0.025,5
"Not_CT_Zone",0,5
"Not_CT_Zone",0,5
"Not_CT_Zone",0.13,5
"Not_CT_Zone",0.215,5
"Not_CT_Zone",0,5
"Not_CT_Zone",0.005,5
"Not_CT_Zone",0.04,5
"Not_CT_Zone",0,5
"Not_CT_Zone",0.05,5
"Not_CT_Zone",0,5
"Not_CT_Zone",0,5
"Not_CT_Zone",0.44,5
"Not_CT_Zone",0.36,5
"Not_CT_Zone",0.005,5
"Not_CT_Zone",0,5
"Not_CT_Zone",0,5
"Not_CT_Zone",0.005,5
"Not_CT_Zone",0,5
"Not_CT_Zone",0.09,5
"Not_CT_Zone",0.03,5
"CT_Zone",0.265,5
"Not_CT_Zone",0.005,5
"CT_Zone",0.145,5
"Not_CT_Zone",0.22,5
"Not_CT_Zone",0,5
"Not_CT_Zone",0,5
"Not_CT_Zone",0,5
"Not_CT_Zone",0,5
"Not_CT_Zone",0,5
"Not_CT_Zone",0,5
"Not_CT_Zone",0.005,5
"Not_CT_Zone",0.01,5
"Not_CT_Zone",0.005,5
"Not_CT_Zone",0,5
"Not_CT_Zone",0.09,5
"Not_CT_Zone",0.19,5
"Not_CT_Zone",0.01,5
"Not_CT_Zone",0.205,5
"Not_CT_Zone",0.015,5
"Not_CT_Zone",0.11,5
"Not_CT_Zone",0.09,5
"Not_CT_Zone",0.05,5
"Not_CT_Zone",0.015,5
"Not_CT_Zone",0.005,5
"Not_CT_Zone",0.165,5
"Not_CT_Zone",0.26,5
"Not_CT_Zone",0.325,5
"Not_CT_Zone",0,5
"Not_CT_Zone",0.23,5
"Not_CT_Zone",0.145,5
"Not_CT_Zone",0.245,5
"Not_CT_Zone",0,5
"Not_CT_Zone",0.125,5
"Not_CT_Zone",0.215,5
"CT_Zone",0.51,5
"Not_CT_Zone",0.15,5
"Not_CT_Zone",0.35,5
"Not_CT_Zone",0.27,5
"Not_CT_Zone",0.5,5
"Not_CT_Zone",0.025,5
"Not_CT_Zone",0.075,5
"Not_CT_Zone",0,5
"Not_CT_Zone",0.075,5
"Not_CT_Zone",0.145,5
"Not_CT_Zone",0.005,5
"Not_CT_Zone",0.01,5
"Not_CT_Zone",0.035,5
"Not_CT_Zone",0.09,5
"Not_CT_Zone",0.025,5
"Not_CT_Zone",0.025,5
"Not_CT_Zone",0.045,5
"Not_CT_Zone",0.065,5
"Not_CT_Zone",0,5
"Not_CT_Zone",0.015,5
"Not_CT_Zone",0,5
"Not_CT_Zone",0.005,5
"Not_CT_Zone",0.055,5
"Not_CT_Zone",0,5
"Not_CT_Zone",0.01,5
"Not_CT_Zone",0.03,5
"Not_CT_Zone",0,5
"Not_CT_Zone",0,5
"Not_CT_Zone",0,5
"Not_CT_Zone",0.005,5
"Not_CT_Zone",0,5
"Not_CT_Zone",0.025,5
"Not_CT_Zone",0.03,5
"Not_CT_Zone",0,5
"Not_CT_Zone",0,5
"Not_CT_Zone",0.01,5
"Not_CT_Zone",0.01,5
"Not_CT_Zone",0.065,5
"Not_CT_Zone",0.295,5
"Not_CT_Zone",0.035,5
"Not_CT_Zone",0,5
"Not_CT_Zone",0,5
"Not_CT_Zone",0,5
"Not_CT_Zone",0.03,5
"Not_CT_Zone",0,5
"Not_CT_Zone",0,5
"Not_CT_Zone",0.005,5
"Not_CT_Zone",0.015,5
"Not_CT_Zone",0.09,5
"Not_CT_Zone",0,5
"CT_Zone",0.14,5
"Not_CT_Zone",0,5
"Not_CT_Zone",0.25,5
"Not_CT_Zone",0.095,5
"Not_CT_Zone",0,5
"Not_CT_Zone",0.03,5
"Not_CT_Zone",0.015,5
"Not_CT_Zone",0.125,5
"Not_CT_Zone",0.11,5
"Not_CT_Zone",0,5
"Not_CT_Zone",0.425,5
"Not_CT_Zone",0.015,5
"Not_CT_Zone",0.03,5
"Not_CT_Zone",0,5
"Not_CT_Zone",0,5
"Not_CT_Zone",0,5
"Not_CT_Zone",0,5
"Not_CT_Zone",0,5
"Not_CT_Zone",0.025,5
"Not_CT_Zone",0,5
"Not_CT_Zone",0,5
"Not_CT_Zone",0.005,5
"Not_CT_Zone",0.005,5
"Not_CT_Zone",0,5
"Not_CT_Zone",0,5
"Not_CT_Zone",0,5
"Not_CT_Zone",0,5
"Not_CT_Zone",0.04,5
"Not_CT_Zone",0.045,5
"Not_CT_Zone",0,5
"Not_CT_Zone",0,5
"Not_CT_Zone",0,5
"Not_CT_Zone",0,5
"Not_CT_Zone",0,5
"Not_CT_Zone",0,5
"Not_CT_Zone",0,5
"Not_CT_Zone",0,5
"Not_CT_Zone",0,5
"Not_CT_Zone",0.115,5
"Not_CT_Zone",0,5
"Not_CT_Zone",0,5
"Not_CT_Zone",0.06,5
"Not_CT_Zone",0,5
"Not_CT_Zone",0,5
"Not_CT_Zone",0.015,5
"Not_CT_Zone",0.005,5
"Not_CT_Zone",0,5
"Not_CT_Zone",0.02,5
"Not_CT_Zone",0.18,5
"Not_CT_Zone",0.15,5
"Not_CT_Zone",0,5
"Not_CT_Zone",0,5
"Not_CT_Zone",0.1,5
"Not_CT_Zone",0.015,5
"Not_CT_Zone",0.01,5
"Not_CT_Zone",0.02,5
"Not_CT_Zone",0.07,5
"Not_CT_Zone",0,5
"Not_CT_Zone",0,5
"Not_CT_Zone",0.01,5
"Not_CT_Zone",0.025,5
"Not_CT_Zone",0,5
"Not_CT_Zone",0.035,5
"Not_CT_Zone",0,5
"Not_CT_Zone",0,5
"Not_CT_Zone",0.095,5
"Not_CT_Zone",0,5
"Not_CT_Zone",0,5
"Not_CT_Zone",0.015,5
"Not_CT_Zone",0,5
"Not_CT_Zone",0,5
"Not_CT_Zone",0.01,5
"Not_CT_Zone",0.05,5
"Not_CT_Zone",0.23,5
"Not_CT_Zone",0.02,5
"Not_CT_Zone",0,5
"Not_CT_Zone",0.015,5
"Not_CT_Zone",0.025,5
"Not_CT_Zone",0,5
"Not_CT_Zone",0,5
"Not_CT_Zone",0.055,5
"Not_CT_Zone",0.01,5
"Not_CT_Zone",0.005,5
"Not_CT_Zone",0.005,5
"Not_CT_Zone",0,5
"Not_CT_Zone",0.05,5
"Not_CT_Zone",0,5
"Not_CT_Zone",0.005,5
"Not_CT_Zone",0.01,5
"Not_CT_Zone",0.01,5
"Not_CT_Zone",0.005,5
"CT_Zone",0.32,5
"Not_CT_Zone",0,5
"Not_CT_Zone",0.215,5
"CT_Zone",0.605,5
"Not_CT_Zone",0.055,5
"Not_CT_Zone",0.01,5
"Not_CT_Zone",0,5
"Not_CT_Zone",0,5
"Not_CT_Zone",0.12,5
"CT_Zone",0.47,5
"Not_CT_Zone",0.03,5
"Not_CT_Zone",0,5
"Not_CT_Zone",0.425,5
"Not_CT_Zone",0.375,5
"Not_CT_Zone",0,5
"Not_CT_Zone",0,5
"Not_CT_Zone",0.19,5
"Not_CT_Zone",0.03,5
"Not_CT_Zone",0.02,5
"Not_CT_Zone",0.25,5
"Not_CT_Zone",0.385,5
"CT_Zone",0.19,5
"Not_CT_Zone",0.19,5
"Not_CT_Zone",0.36,5
"Not_CT_Zone",0.065,5
"Not_CT_Zone",0.22,5
"CT_Zone",0.26,5
"Not_CT_Zone",0.15,5
"Not_CT_Zone",0,5
"Not_CT_Zone",0.02,5
"Not_CT_Zone",0,5
"CT_Zone",0.41,5
"Not_CT_Zone",0.335,5
"Not_CT_Zone",0.205,5
"CT_Zone",0.355,5
"Not_CT_Zone",0.04,5
"Not_CT_Zone",0,5
"Not_CT_Zone",0.03,5
"Not_CT_Zone",0.03,5
"Not_CT_Zone",0.035,5
"Not_CT_Zone",0,5
"Not_CT_Zone",0.02,5
"Not_CT_Zone",0,5
"Not_CT_Zone",0.015,5
"Not_CT_Zone",0,5
"Not_CT_Zone",0.055,5
"Not_CT_Zone",0,5
"Not_CT_Zone",0,5
"Not_CT_Zone",0.005,5
"Not_CT_Zone",0.005,5
"Not_CT_Zone",0.015,5
"Not_CT_Zone",0,5
"Not_CT_Zone",0.005,5
"Not_CT_Zone",0.01,5
"Not_CT_Zone",0.015,5
"Not_CT_Zone",0,5
"Not_CT_Zone",0.01,5
"Not_CT_Zone",0.105,5
"Not_CT_Zone",0.005,5
"Not_CT_Zone",0.005,5
"Not_CT_Zone",0,5
"Not_CT_Zone",0.285,5
"Not_CT_Zone",0.19,5
"Not_CT_Zone",0.015,5
"Not_CT_Zone",0.04,5
"Not_CT_Zone",0.005,5
"Not_CT_Zone",0.075,5
"CT_Zone",0.575,5
"Not_CT_Zone",0.24,5
"Not_CT_Zone",0.035,5
"Not_CT_Zone",0.025,5
"Not_CT_Zone",0,5
"Not_CT_Zone",0.055,5
"Not_CT_Zone",0,5
"Not_CT_Zone",0.15,5
"Not_CT_Zone",0.005,5
"Not_CT_Zone",0.02,5
"Not_CT_Zone",0.005,5
"Not_CT_Zone",0.065,5
"Not_CT_Zone",0,5
"Not_CT_Zone",0.005,5
"Not_CT_Zone",0.145,5
"Not_CT_Zone",0.02,5
"Not_CT_Zone",0.055,5
"Not_CT_Zone",0.13,5
"Not_CT_Zone",0.005,5
"Not_CT_Zone",0.01,5
"Not_CT_Zone",0,5
"Not_CT_Zone",0.05,5
"Not_CT_Zone",0.01,5
"Not_CT_Zone",0.04,5
"Not_CT_Zone",0.31,5
"Not_CT_Zone",0,5
"Not_CT_Zone",0.045,5
"Not_CT_Zone",0.005,5
"Not_CT_Zone",0.005,5
"Not_CT_Zone",0.19,5
"Not_CT_Zone",0.17,5
"Not_CT_Zone",0.175,5
"Not_CT_Zone",0,5
"Not_CT_Zone",0,5
"CT_Zone",0.3,5
"Not_CT_Zone",0.09,5
"Not_CT_Zone",0,5
"Not_CT_Zone",0,5
"Not_CT_Zone",0.005,5
"Not_CT_Zone",0.005,5
"Not_CT_Zone",0,5
"Not_CT_Zone",0.385,5
"Not_CT_Zone",0.27,5
"Not_CT_Zone",0.055,5
"Not_CT_Zone",0.205,5
"Not_CT_Zone",0.045,5
"Not_CT_Zone",0.035,5
"Not_CT_Zone",0.335,5
"Not_CT_Zone",0.155,5
"Not_CT_Zone",0.125,5
"CT_Zone",0.395,5
"Not_CT_Zone",0,5
"Not_CT_Zone",0.055,5
"Not_CT_Zone",0.005,5
"Not_CT_Zone",0,5
"Not_CT_Zone",0.05,5
"Not_CT_Zone",0,5
"Not_CT_Zone",0.095,5
"Not_CT_Zone",0.245,5
"Not_CT_Zone",0.185,5
"Not_CT_Zone",0.155,5
"CT_Zone",0.45,5
"Not_CT_Zone",0.065,5
"Not_CT_Zone",0.29,5
"Not_CT_Zone",0.01,5
"Not_CT_Zone",0,5
"Not_CT_Zone",0.005,5
"Not_CT_Zone",0.015,5
"Not_CT_Zone",0.135,5
"Not_CT_Zone",0,5
"Not_CT_Zone",0,5
"CT_Zone",0.345,5
"Not_CT_Zone",0.345,5
"CT_Zone",0.45,5
"Not_CT_Zone",0,5
"CT_Zone",0.37,5
"Not_CT_Zone",0.01,5
"Not_CT_Zone",0.11,5
"Not_CT_Zone",0.015,5
"Not_CT_Zone",0.005,5
"Not_CT_Zone",0.095,5
"Not_CT_Zone",0.01,5
"Not_CT_Zone",0,5
"Not_CT_Zone",0.16,5
"Not_CT_Zone",0.135,5
"Not_CT_Zone",0.005,5
"Not_CT_Zone",0,5
"Not_CT_Zone",0,5
"Not_CT_Zone",0.005,5
"Not_CT_Zone",0,5
"Not_CT_Zone",0.01,5
"Not_CT_Zone",0,5
"Not_CT_Zone",0,5
"Not_CT_Zone",0,5
"Not_CT_Zone",0.19,5
"Not_CT_Zone",0.1,5
"Not_CT_Zone",0.04,5
"Not_CT_Zone",0.025,5
"Not_CT_Zone",0.015,5
"Not_CT_Zone",0.065,5
"Not_CT_Zone",0.02,5
"Not_CT_Zone",0.015,5
"Not_CT_Zone",0,5
"Not_CT_Zone",0.115,5
"Not_CT_Zone",0.08,5
"Not_CT_Zone",0.035,5
"Not_CT_Zone",0.02,5
"Not_CT_Zone",0.01,5
"Not_CT_Zone",0.005,5
"Not_CT_Zone",0,5
"Not_CT_Zone",0,5
"Not_CT_Zone",0.625,5
"CT_Zone",0.585,5
"Not_CT_Zone",0.13,5
"Not_CT_Zone",0,5
"Not_CT_Zone",0.09,5
"Not_CT_Zone",0.02,5
"Not_CT_Zone",0.11,5
"Not_CT_Zone",0.005,5
"Not_CT_Zone",0.005,5
"Not_CT_Zone",0.23,5
"Not_CT_Zone",0.015,5
"Not_CT_Zone",0.09,5
"Not_CT_Zone",0.015,5
"Not_CT_Zone",0.115,5
"CT_Zone",0.135,5
"Not_CT_Zone",0.07,5
"Not_CT_Zone",0.07,5
"Not_CT_Zone",0,5
"Not_CT_Zone",0,5
"Not_CT_Zone",0,5
"CT_Zone",0.18,5
"Not_CT_Zone",0,5
"Not_CT_Zone",0,5
"Not_CT_Zone",0.06,5
"Not_CT_Zone",0,5
"Not_CT_Zone",0.08,5
"Not_CT_Zone",0.01,5
"CT_Zone",0.355,5
"CT_Zone",0.49,5
"Not_CT_Zone",0,5
"Not_CT_Zone",0,5
"CT_Zone",0.02,5
"Not_CT_Zone",0,5
"Not_CT_Zone",0.015,5
"CT_Zone",0.325,5
"Not_CT_Zone",0.065,5
"Not_CT_Zone",0.005,5
"Not_CT_Zone",0.16,5
"Not_CT_Zone",0,5
"Not_CT_Zone",0.005,5
"Not_CT_Zone",0,5
"Not_CT_Zone",0,5
"Not_CT_Zone",0.065,5
"CT_Zone",0.325,5
"Not_CT_Zone",0,5
"Not_CT_Zone",0.005,5
"Not_CT_Zone",0.015,5
"Not_CT_Zone",0.045,5
"Not_CT_Zone",0,5
"Not_CT_Zone",0.085,5
"CT_Zone",0.385,5
"CT_Zone",0.225,5
"CT_Zone",0.495,5
"Not_CT_Zone",0.125,5
"Not_CT_Zone",0.005,5
"Not_CT_Zone",0.045,5
"Not_CT_Zone",0.565,5
"Not_CT_Zone",0.085,5
"Not_CT_Zone",0,5
"Not_CT_Zone",0,5
"Not_CT_Zone",0.015,5
"Not_CT_Zone",0,5
"Not_CT_Zone",0.055,5
"Not_CT_Zone",0,5
"Not_CT_Zone",0.065,5
"Not_CT_Zone",0.085,5
"Not_CT_Zone",0,5
"Not_CT_Zone",0,5
"Not_CT_Zone",0.005,5
"Not_CT_Zone",0.005,5
"Not_CT_Zone",0.01,5
"Not_CT_Zone",0,5
"Not_CT_Zone",0,5
"Not_CT_Zone",0.005,5
"Not_CT_Zone",0,5
"Not_CT_Zone",0,5
"Not_CT_Zone",0.01,5
"Not_CT_Zone",0.185,5
"Not_CT_Zone",0,5
"Not_CT_Zone",0.005,5
"Not_CT_Zone",0.005,5
"Not_CT_Zone",0,5
"Not_CT_Zone",0,5
"Not_CT_Zone",0,5
"Not_CT_Zone",0.005,5
"Not_CT_Zone",0,5
"Not_CT_Zone",0.005,5
"Not_CT_Zone",0,5
"Not_CT_Zone",0.005,5
"Not_CT_Zone",0,5
"Not_CT_Zone",0.005,5
"Not_CT_Zone",0.15,5
"Not_CT_Zone",0.045,5
"Not_CT_Zone",0.09,5
"Not_CT_Zone",0.16,5
"Not_CT_Zone",0,5
"Not_CT_Zone",0.225,5
"Not_CT_Zone",0.005,5
"Not_CT_Zone",0,5
"Not_CT_Zone",0.07,5
"Not_CT_Zone",0,5
"Not_CT_Zone",0,5
"Not_CT_Zone",0,5
"Not_CT_Zone",0.07,5
"Not_CT_Zone",0.315,5
"Not_CT_Zone",0.245,5
"Not_CT_Zone",0,5
"Not_CT_Zone",0.005,5
"Not_CT_Zone",0.015,5
"Not_CT_Zone",0,5
"Not_CT_Zone",0,5
"Not_CT_Zone",0.005,5
"Not_CT_Zone",0,5
"Not_CT_Zone",0,5
"Not_CT_Zone",0.015,5
"Not_CT_Zone",0,5
"Not_CT_Zone",0,5
"Not_CT_Zone",0.025,5
"Not_CT_Zone",0,5
"Not_CT_Zone",0.005,5
"Not_CT_Zone",0,5
"Not_CT_Zone",0,5
"Not_CT_Zone",0,5
"Not_CT_Zone",0.01,5
"Not_CT_Zone",0,5
"Not_CT_Zone",0,5
"Not_CT_Zone",0,5
"Not_CT_Zone",0.045,5
"Not_CT_Zone",0.005,5
"Not_CT_Zone",0,5
"Not_CT_Zone",0,5
"Not_CT_Zone",0,5
"Not_CT_Zone",0.01,5
"Not_CT_Zone",0,5
"Not_CT_Zone",0.01,5
"Not_CT_Zone",0,5
"Not_CT_Zone",0.015,5
"Not_CT_Zone",0,5
"Not_CT_Zone",0,5
"Not_CT_Zone",0,5
"Not_CT_Zone",0,5
"Not_CT_Zone",0,5
"Not_CT_Zone",0,5
"Not_CT_Zone",0,5
"Not_CT_Zone",0,5
"Not_CT_Zone",0,5
"Not_CT_Zone",0.025,5
"Not_CT_Zone",0,5
"Not_CT_Zone",0,5
"Not_CT_Zone",0,5
"Not_CT_Zone",0.015,5
"Not_CT_Zone",0,5
"Not_CT_Zone",0,5
"Not_CT_Zone",0,5
"Not_CT_Zone",0,5
"Not_CT_Zone",0,5
"Not_CT_Zone",0,5
"Not_CT_Zone",0,5
"Not_CT_Zone",0,5
"Not_CT_Zone",0,5
"Not_CT_Zone",0,5
"Not_CT_Zone",0,5
"Not_CT_Zone",0,5
"Not_CT_Zone",0,5
"Not_CT_Zone",0,5
"Not_CT_Zone",0,5
"Not_CT_Zone",0,5
"Not_CT_Zone",0,5
"Not_CT_Zone",0,5
"Not_CT_Zone",0,5
"Not_CT_Zone",0,5
"Not_CT_Zone",0,5
"Not_CT_Zone",0,5
"Not_CT_Zone",0,5
"Not_CT_Zone",0,5
"Not_CT_Zone",0,5
"Not_CT_Zone",0,5
"Not_CT_Zone",0,5
"Not_CT_Zone",0,5
"Not_CT_Zone",0,5
"Not_CT_Zone",0,5
"Not_CT_Zone",0.005,5
"Not_CT_Zone",0,5
"Not_CT_Zone",0.02,5
"Not_CT_Zone",0,5
"Not_CT_Zone",0.025,5
"Not_CT_Zone",0,5
"Not_CT_Zone",0.015,5
"Not_CT_Zone",0.2,5
"Not_CT_Zone",0,5
"Not_CT_Zone",0.155,5
"Not_CT_Zone",0,5
"Not_CT_Zone",0.01,5
"Not_CT_Zone",0.01,5
"Not_CT_Zone",0,5
"Not_CT_Zone",0.01,5
"Not_CT_Zone",0.025,5
"Not_CT_Zone",0.005,5
"Not_CT_Zone",0,5
"Not_CT_Zone",0,5
"Not_CT_Zone",0,5
"Not_CT_Zone",0,5
"Not_CT_Zone",0.005,5
"Not_CT_Zone",0.03,5
"Not_CT_Zone",0.01,5
"Not_CT_Zone",0.01,5
"Not_CT_Zone",0,5
"Not_CT_Zone",0,5
"Not_CT_Zone",0.005,5
"Not_CT_Zone",0,5
"Not_CT_Zone",0,5
"Not_CT_Zone",0,5
"Not_CT_Zone",0,5
"Not_CT_Zone",0.125,5
"Not_CT_Zone",0.005,5
"Not_CT_Zone",0.005,5
"Not_CT_Zone",0,5
"Not_CT_Zone",0,5
"Not_CT_Zone",0,5
"Not_CT_Zone",0,5
"Not_CT_Zone",0,5
"Not_CT_Zone",0,5
"Not_CT_Zone",0.045,5
"Not_CT_Zone",0,5
"Not_CT_Zone",0.005,5
"Not_CT_Zone",0,5
"Not_CT_Zone",0.01,5
"Not_CT_Zone",0.01,5
"Not_CT_Zone",0.01,5
"Not_CT_Zone",0.005,5
"Not_CT_Zone",0.01,5
"Not_CT_Zone",0,5
"Not_CT_Zone",0,5
"Not_CT_Zone",0,5
"Not_CT_Zone",0,5
"Not_CT_Zone",0.01,5
"Not_CT_Zone",0,5
"Not_CT_Zone",0.01,5
"Not_CT_Zone",0.02,5
"Not_CT_Zone",0,5
"Not_CT_Zone",0.01,5
"Not_CT_Zone",0,5
"Not_CT_Zone",0.005,5
"Not_CT_Zone",0,5
"Not_CT_Zone",0,5
"Not_CT_Zone",0.025,5
"Not_CT_Zone",0.04,5
"Not_CT_Zone",0,5
"Not_CT_Zone",0,5
"Not_CT_Zone",0.025,5
"Not_CT_Zone",0.155,5
"Not_CT_Zone",0.13,5
"Not_CT_Zone",0.03,5
"Not_CT_Zone",0,5
"Not_CT_Zone",0.015,5
"Not_CT_Zone",0,5
"Not_CT_Zone",0,5
"Not_CT_Zone",0.21,5
"Not_CT_Zone",0,5
"Not_CT_Zone",0.005,5
"Not_CT_Zone",0,5
"Not_CT_Zone",0,5
"Not_CT_Zone",0,5
"Not_CT_Zone",0.005,5
"Not_CT_Zone",0.005,5
"Not_CT_Zone",0,5
"Not_CT_Zone",0,5
"Not_CT_Zone",0.01,5
"Not_CT_Zone",0,5
"Not_CT_Zone",0.005,5
"Not_CT_Zone",0,5
"Not_CT_Zone",0,5
"Not_CT_Zone",0.015,5
"Not_CT_Zone",0,5
"Not_CT_Zone",0,5
"Not_CT_Zone",0,5
"Not_CT_Zone",0,5
"Not_CT_Zone",0,5
"Not_CT_Zone",0.005,5
"Not_CT_Zone",0,5
"Not_CT_Zone",0.005,5
"Not_CT_Zone",0.01,5
"Not_CT_Zone",0,5
"Not_CT_Zone",0.005,5
"Not_CT_Zone",0.27,5
"Not_CT_Zone",0.005,5
"Not_CT_Zone",0,5
"Not_CT_Zone",0.01,5
"Not_CT_Zone",0.105,5
"Not_CT_Zone",0.005,5
"Not_CT_Zone",0.03,5
"Not_CT_Zone",0.005,5
"Not_CT_Zone",0.005,5
"Not_CT_Zone",0,5
"Not_CT_Zone",0,5
"Not_CT_Zone",0.07,5
"Not_CT_Zone",0,5
"Not_CT_Zone",0.03,5
"Not_CT_Zone",0.01,5
"Not_CT_Zone",0.08,5
"Not_CT_Zone",0.015,5
"Not_CT_Zone",0,5
"Not_CT_Zone",0.015,5
"Not_CT_Zone",0,5
"Not_CT_Zone",0,5
"Not_CT_Zone",0.005,5
"Not_CT_Zone",0,5
"Not_CT_Zone",0.01,5
"Not_CT_Zone",0,5
"Not_CT_Zone",0,5
"Not_CT_Zone",0,5
"Not_CT_Zone",0.01,5
"Not_CT_Zone",0.005,5
"Not_CT_Zone",0.03,5
"Not_CT_Zone",0.1,5
"Not_CT_Zone",0.05,5
"Not_CT_Zone",0.12,5
"Not_CT_Zone",0.005,5
"Not_CT_Zone",0,5
"Not_CT_Zone",0.155,5
"Not_CT_Zone",0.01,5
"Not_CT_Zone",0.04,5
"CT_Zone",0.405,5
"Not_CT_Zone",0.225,5
"Not_CT_Zone",0,5
"Not_CT_Zone",0.005,5
"Not_CT_Zone",0.01,5
"Not_CT_Zone",0.145,5
"Not_CT_Zone",0.06,5
"Not_CT_Zone",0.16,5
"CT_Zone",0.31,5
"Not_CT_Zone",0.01,5
"Not_CT_Zone",0,5
"Not_CT_Zone",0,5
"Not_CT_Zone",0,5
"Not_CT_Zone",0.01,5
"Not_CT_Zone",0.02,5
"Not_CT_Zone",0.055,5
"Not_CT_Zone",0.005,5
"CT_Zone",0.35,5
"Not_CT_Zone",0.11,5
"Not_CT_Zone",0.09,5
"Not_CT_Zone",0.015,5
"Not_CT_Zone",0.01,5
"Not_CT_Zone",0.1,5
"Not_CT_Zone",0.215,5
"Not_CT_Zone",0.285,5
"Not_CT_Zone",0.1,5
"Not_CT_Zone",0.63,5
"Not_CT_Zone",0.215,5
"Not_CT_Zone",0.01,5
"Not_CT_Zone",0.145,5
"Not_CT_Zone",0,5
"Not_CT_Zone",0,5
"Not_CT_Zone",0.085,5
"Not_CT_Zone",0.09,5
"Not_CT_Zone",0.15,5
"Not_CT_Zone",0,5
"Not_CT_Zone",0.05,5
"Not_CT_Zone",0.15,5
"Not_CT_Zone",0,5
"Not_CT_Zone",0.085,5
"Not_CT_Zone",0.085,5
"Not_CT_Zone",0.095,5
"Not_CT_Zone",0,5
"Not_CT_Zone",0.035,5
"Not_CT_Zone",0.005,5
"Not_CT_Zone",0,5
"Not_CT_Zone",0.015,5
"Not_CT_Zone",0.12,5
"Not_CT_Zone",0.255,5
"Not_CT_Zone",0.05,5
"Not_CT_Zone",0,5
"Not_CT_Zone",0.005,5
"Not_CT_Zone",0.005,5
"Not_CT_Zone",0.04,5
"Not_CT_Zone",0.08,5
"Not_CT_Zone",0.185,5
"Not_CT_Zone",0.015,5
"Not_CT_Zone",0.355,5
"Not_CT_Zone",0.08,5
"Not_CT_Zone",0.055,5
"Not_CT_Zone",0.03,5
"Not_CT_Zone",0.055,5
"Not_CT_Zone",0,5
"Not_CT_Zone",0,5
"Not_CT_Zone",0.12,5
"Not_CT_Zone",0.145,5
"Not_CT_Zone",0,5
"Not_CT_Zone",0.17,5
"CT_Zone",0.54,5
"Not_CT_Zone",0.15,5
"CT_Zone",0.31,5
"Not_CT_Zone",0.005,5
"Not_CT_Zone",0.275,5
"Not_CT_Zone",0.07,5
"CT_Zone",0.465,5
"Not_CT_Zone",0.035,5
"Not_CT_Zone",0.02,5
"Not_CT_Zone",0.005,5
"Not_CT_Zone",0.005,5
"Not_CT_Zone",0.005,5
"Not_CT_Zone",0.015,5
"Not_CT_Zone",0.02,5
"Not_CT_Zone",0,5
"Not_CT_Zone",0,5
"Not_CT_Zone",0,5
"Not_CT_Zone",0.005,5
"Not_CT_Zone",0.315,5
"Not_CT_Zone",0.37,5
"Not_CT_Zone",0,5
"Not_CT_Zone",0.165,5
"Not_CT_Zone",0.54,5
"Not_CT_Zone",0,5
"Not_CT_Zone",0.03,5
"Not_CT_Zone",0.02,5
"Not_CT_Zone",0.06,5
"Not_CT_Zone",0.255,5
"CT_Zone",0.655,5
"CT_Zone",0.255,5
"Not_CT_Zone",0.11,5
"CT_Zone",0.305,5
"Not_CT_Zone",0,5
"Not_CT_Zone",0.01,5
"Not_CT_Zone",0,5
"Not_CT_Zone",0.03,5
"Not_CT_Zone",0.045,5
"Not_CT_Zone",0.015,5
"Not_CT_Zone",0.02,5
"Not_CT_Zone",0,5
"Not_CT_Zone",0.03,5
"Not_CT_Zone",0,5
"Not_CT_Zone",0.025,5
"Not_CT_Zone",0.02,5
"Not_CT_Zone",0.01,5
"Not_CT_Zone",0.01,5
"Not_CT_Zone",0.145,5
"Not_CT_Zone",0.005,5
"Not_CT_Zone",0,5
"Not_CT_Zone",0.005,5
"Not_CT_Zone",0,5
"Not_CT_Zone",0,5
"Not_CT_Zone",0.095,5
"Not_CT_Zone",0.27,5
"Not_CT_Zone",0.06,5
"Not_CT_Zone",0.135,5
"Not_CT_Zone",0.005,5
"Not_CT_Zone",0.01,5
"Not_CT_Zone",0,5
"CT_Zone",0.36,5
"Not_CT_Zone",0,5
"Not_CT_Zone",0.295,5
"Not_CT_Zone",0,5
"Not_CT_Zone",0,5
"Not_CT_Zone",0.015,5
"Not_CT_Zone",0.03,5
"Not_CT_Zone",0,5
"Not_CT_Zone",0.005,5
"Not_CT_Zone",0.005,5
"Not_CT_Zone",0.01,5
"Not_CT_Zone",0,5
"Not_CT_Zone",0,5
"Not_CT_Zone",0,5
"Not_CT_Zone",0.01,5
"Not_CT_Zone",0.08,5
"Not_CT_Zone",0.01,5
"Not_CT_Zone",0,5
"Not_CT_Zone",0.015,5
"Not_CT_Zone",0.01,5
"Not_CT_Zone",0,5
"Not_CT_Zone",0,5
"Not_CT_Zone",0,5
"Not_CT_Zone",0,5
"Not_CT_Zone",0,5
"Not_CT_Zone",0,5
"Not_CT_Zone",0.215,5
"Not_CT_Zone",0.16,5
"Not_CT_Zone",0.01,5
"Not_CT_Zone",0.035,5
"Not_CT_Zone",0.015,5
"CT_Zone",0.605,5
"Not_CT_Zone",0.025,5
"Not_CT_Zone",0.01,5
"Not_CT_Zone",0.015,5
"Not_CT_Zone",0.01,5
"Not_CT_Zone",0.01,5
"Not_CT_Zone",0.31,5
"Not_CT_Zone",0.16,5
"Not_CT_Zone",0.065,5
"Not_CT_Zone",0.065,5
"Not_CT_Zone",0.245,5
"Not_CT_Zone",0.36,5
"Not_CT_Zone",0.28,5
"Not_CT_Zone",0.045,5
"Not_CT_Zone",0.155,5
"Not_CT_Zone",0.335,5
"Not_CT_Zone",0.21,5
"Not_CT_Zone",0.35,5
"Not_CT_Zone",0.12,5
"Not_CT_Zone",0,5
"Not_CT_Zone",0.17,5
"Not_CT_Zone",0.005,5
"Not_CT_Zone",0.16,5
"Not_CT_Zone",0.045,5
"Not_CT_Zone",0.27,5
"Not_CT_Zone",0.235,5
"Not_CT_Zone",0.125,5
"Not_CT_Zone",0.115,5
"Not_CT_Zone",0.105,5
"Not_CT_Zone",0.32,5
"Not_CT_Zone",0,5
"Not_CT_Zone",0.12,5
"Not_CT_Zone",0.005,5
"Not_CT_Zone",0.01,5
"Not_CT_Zone",0.025,5
"Not_CT_Zone",0.1,5
"Not_CT_Zone",0,5
"Not_CT_Zone",0.105,5
"Not_CT_Zone",0.03,5
"Not_CT_Zone",0.005,5
"Not_CT_Zone",0.155,5
"Not_CT_Zone",0.03,5
"Not_CT_Zone",0,5
"Not_CT_Zone",0,5
"Not_CT_Zone",0,5
"Not_CT_Zone",0.005,5
"Not_CT_Zone",0,5
"Not_CT_Zone",0,5
"Not_CT_Zone",0,5
"Not_CT_Zone",0.02,5
"Not_CT_Zone",0,5
"Not_CT_Zone",0,5
"Not_CT_Zone",0.38,5
"Not_CT_Zone",0.19,5
"Not_CT_Zone",0.02,5
"Not_CT_Zone",0.005,5
"Not_CT_Zone",0.165,5
"Not_CT_Zone",0.035,5
"Not_CT_Zone",0.44,5
"CT_Zone",0.27,5
"Not_CT_Zone",0.13,5
"Not_CT_Zone",0.325,5
"Not_CT_Zone",0.05,5
"Not_CT_Zone",0.085,5
"Not_CT_Zone",0.18,5
"Not_CT_Zone",0.39,5
"Not_CT_Zone",0.005,5
"CT_Zone",0.035,5
"Not_CT_Zone",0.105,5
"Not_CT_Zone",0.06,5
"Not_CT_Zone",0.005,5
"Not_CT_Zone",0.255,5
"Not_CT_Zone",0.475,5
"Not_CT_Zone",0.57,5
"Not_CT_Zone",0.14,5
"Not_CT_Zone",0.095,5
"Not_CT_Zone",0.065,5
"Not_CT_Zone",0.085,5
"Not_CT_Zone",0,5
"Not_CT_Zone",0.265,5
"Not_CT_Zone",0.295,5
"Not_CT_Zone",0.14,5
"Not_CT_Zone",0.005,5
"Not_CT_Zone",0.025,5
"Not_CT_Zone",0.215,5
"Not_CT_Zone",0.045,5
"CT_Zone",0.42,5
"Not_CT_Zone",0.01,5
"Not_CT_Zone",0,5
"Not_CT_Zone",0,5
"Not_CT_Zone",0.005,5
"Not_CT_Zone",0.01,5
"Not_CT_Zone",0,5
"Not_CT_Zone",0.005,5
"Not_CT_Zone",0.1,5
"Not_CT_Zone",0.03,5
"Not_CT_Zone",0.065,5
"Not_CT_Zone",0.13,5
"Not_CT_Zone",0.17,5
"CT_Zone",0.32,5
"Not_CT_Zone",0,5
"Not_CT_Zone",0,5
"Not_CT_Zone",0.2,5
"Not_CT_Zone",0.01,5
"Not_CT_Zone",0.105,5
"Not_CT_Zone",0,5
"Not_CT_Zone",0.02,5
"Not_CT_Zone",0.015,5
"Not_CT_Zone",0.05,5
"Not_CT_Zone",0.04,5
"Not_CT_Zone",0,5
"Not_CT_Zone",0,5
"Not_CT_Zone",0.01,5
"Not_CT_Zone",0,5
"Not_CT_Zone",0.175,5
"Not_CT_Zone",0.005,5
"Not_CT_Zone",0.005,5
"Not_CT_Zone",0.12,5
"Not_CT_Zone",0.485,5
"Not_CT_Zone",0.56,5
"Not_CT_Zone",0.01,5
"Not_CT_Zone",0.08,5
"Not_CT_Zone",0.09,5
"Not_CT_Zone",0.005,5
"Not_CT_Zone",0.065,5
"Not_CT_Zone",0.01,5
"Not_CT_Zone",0.01,5
"Not_CT_Zone",0.07,5
"Not_CT_Zone",0.01,5
"Not_CT_Zone",0.02,5
"Not_CT_Zone",0.005,5
"Not_CT_Zone",0,5
"Not_CT_Zone",0.035,5
"Not_CT_Zone",0.01,5
"Not_CT_Zone",0,5
"Not_CT_Zone",0,5
"Not_CT_Zone",0,5
"Not_CT_Zone",0,5
"Not_CT_Zone",0.005,5
"Not_CT_Zone",0.37,5
"Not_CT_Zone",0,5
"Not_CT_Zone",0.325,5
"Not_CT_Zone",0.595,5
"Not_CT_Zone",0.27,5
"Not_CT_Zone",0.27,5
"Not_CT_Zone",0.205,5
"Not_CT_Zone",0.04,5
"Not_CT_Zone",0.175,5
"CT_Zone",0.09,5
"Not_CT_Zone",0.175,5
"Not_CT_Zone",0.05,5
"Not_CT_Zone",0.04,5
"Not_CT_Zone",0.035,5
"Not_CT_Zone",0.205,5
"Not_CT_Zone",0.47,5
"Not_CT_Zone",0.115,5
"Not_CT_Zone",0.08,5
"Not_CT_Zone",0.08,5
"Not_CT_Zone",0.025,5
"Not_CT_Zone",0.085,5
"Not_CT_Zone",0.05,5
"Not_CT_Zone",0,5
"Not_CT_Zone",0.14,5
"Not_CT_Zone",0.595,5
"Not_CT_Zone",0.01,5
"Not_CT_Zone",0.095,5
"Not_CT_Zone",0.1,5
"Not_CT_Zone",0.145,5
"Not_CT_Zone",0.15,5
"Not_CT_Zone",0.165,5
"Not_CT_Zone",0.44,5
"Not_CT_Zone",0.02,5
"Not_CT_Zone",0.02,5
"Not_CT_Zone",0,5
"Not_CT_Zone",0,5
"Not_CT_Zone",0.025,5
"Not_CT_Zone",0.055,5
"Not_CT_Zone",0.065,5
"Not_CT_Zone",0.23,5
"Not_CT_Zone",0.005,5
"Not_CT_Zone",0.005,5
"Not_CT_Zone",0,5
"Not_CT_Zone",0.125,5
"Not_CT_Zone",0.025,5
"Not_CT_Zone",0.005,5
"Not_CT_Zone",0.05,5
"Not_CT_Zone",0.33,5
"Not_CT_Zone",0.03,5
"Not_CT_Zone",0.255,5
"Not_CT_Zone",0.065,5
"Not_CT_Zone",0.165,5
"Not_CT_Zone",0.03,5
"Not_CT_Zone",0.01,5
"Not_CT_Zone",0,5
"Not_CT_Zone",0.18,5
"Not_CT_Zone",0.005,5
"Not_CT_Zone",0.075,5
"Not_CT_Zone",0.03,5
"Not_CT_Zone",0,5
"Not_CT_Zone",0,5
"Not_CT_Zone",0,5
"Not_CT_Zone",0,5
"Not_CT_Zone",0,5
"Not_CT_Zone",0.12,5
"Not_CT_Zone",0,5
"Not_CT_Zone",0,5
"Not_CT_Zone",0,5
"Not_CT_Zone",0.055,5
"Not_CT_Zone",0.04,5
"Not_CT_Zone",0,5
"Not_CT_Zone",0.005,5
"Not_CT_Zone",0.08,5
"Not_CT_Zone",0,5
"Not_CT_Zone",0,5
"Not_CT_Zone",0,5
"Not_CT_Zone",0.005,5
"Not_CT_Zone",0,5
"Not_CT_Zone",0,5
"Not_CT_Zone",0,5
"Not_CT_Zone",0,5
"Not_CT_Zone",0,5
"Not_CT_Zone",0,5
"Not_CT_Zone",0,5
"Not_CT_Zone",0,5
"Not_CT_Zone",0.015,5
"Not_CT_Zone",0.09,5
"Not_CT_Zone",0,5
"Not_CT_Zone",0.04,5
"Not_CT_Zone",0,5
"Not_CT_Zone",0.04,5
"Not_CT_Zone",0,5
"Not_CT_Zone",0.045,5
"Not_CT_Zone",0.01,5
"Not_CT_Zone",0.12,5
"Not_CT_Zone",0,5
"Not_CT_Zone",0.07,5
"Not_CT_Zone",0.025,5
"Not_CT_Zone",0.41,5
"Not_CT_Zone",0.165,5
"Not_CT_Zone",0,5
"Not_CT_Zone",0.15,5
"Not_CT_Zone",0.005,5
"Not_CT_Zone",0.12,5
"Not_CT_Zone",0.01,5
"Not_CT_Zone",0,5
"Not_CT_Zone",0,5
"Not_CT_Zone",0.18,5
"Not_CT_Zone",0,5
"Not_CT_Zone",0,5
"Not_CT_Zone",0.115,5
"Not_CT_Zone",0,5
"Not_CT_Zone",0.015,5
"Not_CT_Zone",0.015,5
"Not_CT_Zone",0,5
"Not_CT_Zone",0.005,5
"Not_CT_Zone",0,5
"Not_CT_Zone",0.01,5
"Not_CT_Zone",0.075,5
"Not_CT_Zone",0.095,5
"Not_CT_Zone",0.025,5
"Not_CT_Zone",0.04,5
"Not_CT_Zone",0,5
"Not_CT_Zone",0.05,5
"Not_CT_Zone",0.095,5
"Not_CT_Zone",0.26,5
"Not_CT_Zone",0.015,5
"Not_CT_Zone",0.035,5
"Not_CT_Zone",0.23,5
"Not_CT_Zone",0.005,5
"Not_CT_Zone",0.335,5
"Not_CT_Zone",0.035,5
"Not_CT_Zone",0,5
"Not_CT_Zone",0.005,5
"Not_CT_Zone",0,5
"CT_Zone",0.15,5
"Not_CT_Zone",0.16,5
"Not_CT_Zone",0.065,5
"Not_CT_Zone",0.07,5
"Not_CT_Zone",0.1,5
"Not_CT_Zone",0.305,5
"Not_CT_Zone",0,5
"Not_CT_Zone",0,5
"Not_CT_Zone",0.45,5
"Not_CT_Zone",0.14,5
"Not_CT_Zone",0,5
"Not_CT_Zone",0.035,5
"Not_CT_Zone",0.125,5
"Not_CT_Zone",0.12,5
"Not_CT_Zone",0.01,5
"Not_CT_Zone",0,5
"Not_CT_Zone",0.005,5
"Not_CT_Zone",0.2,5
"Not_CT_Zone",0.15,5
"Not_CT_Zone",0,5
"Not_CT_Zone",0.005,5
"Not_CT_Zone",0.04,5
"Not_CT_Zone",0.015,5
"Not_CT_Zone",0.005,5
"Not_CT_Zone",0,5
"Not_CT_Zone",0,5
"Not_CT_Zone",0.005,5
"Not_CT_Zone",0.005,5
"Not_CT_Zone",0,5
"Not_CT_Zone",0.01,5
"Not_CT_Zone",0,5
"Not_CT_Zone",0.05,5
"Not_CT_Zone",0.03,5
"Not_CT_Zone",0.19,5
"CT_Zone",0.335,5
"Not_CT_Zone",0.025,5
"Not_CT_Zone",0.055,5
"Not_CT_Zone",0.015,5
"Not_CT_Zone",0.005,5
"Not_CT_Zone",0.38,5
"Not_CT_Zone",0,5
"Not_CT_Zone",0,5
"Not_CT_Zone",0.125,5
"Not_CT_Zone",0,5
"Not_CT_Zone",0,5
"Not_CT_Zone",0,5
"Not_CT_Zone",0,5
"Not_CT_Zone",0.005,5
"Not_CT_Zone",0,5
"Not_CT_Zone",0.115,5
"Not_CT_Zone",0,5
"Not_CT_Zone",0,5
"Not_CT_Zone",0.005,5
"Not_CT_Zone",0,5
"Not_CT_Zone",0,5
"Not_CT_Zone",0.005,5
"Not_CT_Zone",0.005,5
"Not_CT_Zone",0,5
"Not_CT_Zone",0.005,5
"Not_CT_Zone",0,5
"Not_CT_Zone",0,5
"Not_CT_Zone",0.07,5
"Not_CT_Zone",0,5
"Not_CT_Zone",0,5
"Not_CT_Zone",0,5
"Not_CT_Zone",0,5
"Not_CT_Zone",0,5
"Not_CT_Zone",0,5
"Not_CT_Zone",0,5
"Not_CT_Zone",0,5
"Not_CT_Zone",0.01,5
"Not_CT_Zone",0,5
"Not_CT_Zone",0,5
"Not_CT_Zone",0,5
"Not_CT_Zone",0.005,5
"Not_CT_Zone",0,5
"Not_CT_Zone",0.015,5
"Not_CT_Zone",0,5
"Not_CT_Zone",0,5
"Not_CT_Zone",0,5
"Not_CT_Zone",0.005,5
"Not_CT_Zone",0,5
"Not_CT_Zone",0,5
"Not_CT_Zone",0.01,5
"Not_CT_Zone",0,5
"Not_CT_Zone",0.015,5
"Not_CT_Zone",0.005,5
"Not_CT_Zone",0,5
"Not_CT_Zone",0.01,5
"Not_CT_Zone",0,5
"Not_CT_Zone",0,5
"Not_CT_Zone",0.01,5
"Not_CT_Zone",0,5
"Not_CT_Zone",0,5
"Not_CT_Zone",0,5
"Not_CT_Zone",0,5
"Not_CT_Zone",0.01,5
"Not_CT_Zone",0.015,5
"Not_CT_Zone",0.005,5
"Not_CT_Zone",0.07,5
"Not_CT_Zone",0.065,5
"Not_CT_Zone",0,5
"Not_CT_Zone",0.005,5
"Not_CT_Zone",0.02,5
"Not_CT_Zone",0.02,5
"Not_CT_Zone",0.01,5
"Not_CT_Zone",0.015,5
"Not_CT_Zone",0.02,5
"Not_CT_Zone",0.005,5
"Not_CT_Zone",0,5
"Not_CT_Zone",0.005,5
"Not_CT_Zone",0,5
"Not_CT_Zone",0,5
"Not_CT_Zone",0,5
"Not_CT_Zone",0,5
"Not_CT_Zone",0.015,5
"Not_CT_Zone",0.06,5
"Not_CT_Zone",0.035,5
"Not_CT_Zone",0,5
"Not_CT_Zone",0,5
"Not_CT_Zone",0,5
"Not_CT_Zone",0,5
"Not_CT_Zone",0,5
"Not_CT_Zone",0.02,5
"Not_CT_Zone",0,5
"Not_CT_Zone",0,5
"Not_CT_Zone",0,5
"Not_CT_Zone",0.015,5
"Not_CT_Zone",0.015,5
"Not_CT_Zone",0.005,5
"Not_CT_Zone",0,5
"Not_CT_Zone",0,5
"Not_CT_Zone",0,5
"Not_CT_Zone",0,5
"Not_CT_Zone",0,5
"Not_CT_Zone",0.025,5
"Not_CT_Zone",0,5
"Not_CT_Zone",0,5
"Not_CT_Zone",0.005,5
"Not_CT_Zone",0.005,5
"Not_CT_Zone",0.005,5
"Not_CT_Zone",0,5
"Not_CT_Zone",0.01,5
"Not_CT_Zone",0,5
"Not_CT_Zone",0.03,5
"Not_CT_Zone",0,5
"Not_CT_Zone",0,5
"Not_CT_Zone",0.005,5
"Not_CT_Zone",0,5
"Not_CT_Zone",0,5
"Not_CT_Zone",0,5
"Not_CT_Zone",0,5
"Not_CT_Zone",0,5
"Not_CT_Zone",0,5
"Not_CT_Zone",0.02,5
"Not_CT_Zone",0,5
"Not_CT_Zone",0.1,5
"Not_CT_Zone",0,5
"Not_CT_Zone",0.04,5
"Not_CT_Zone",0.005,5
"Not_CT_Zone",0,5
"Not_CT_Zone",0.01,5
"Not_CT_Zone",0,5
"Not_CT_Zone",0.005,5
"Not_CT_Zone",0.045,5
"Not_CT_Zone",0.005,5
"Not_CT_Zone",0.005,5
"Not_CT_Zone",0.02,5
"Not_CT_Zone",0,5
"Not_CT_Zone",0,5
"Not_CT_Zone",0.005,5
"Not_CT_Zone",0.005,5
"Not_CT_Zone",0,5
"Not_CT_Zone",0,5
"Not_CT_Zone",0,5
"Not_CT_Zone",0.01,5
"Not_CT_Zone",0.1,5
"Not_CT_Zone",0,5
"Not_CT_Zone",0.005,5
"Not_CT_Zone",0,5
"Not_CT_Zone",0,5
"Not_CT_Zone",0,5
"Not_CT_Zone",0,5
"Not_CT_Zone",0,5
"Not_CT_Zone",0.015,5
"Not_CT_Zone",0,5
"Not_CT_Zone",0,5
"Not_CT_Zone",0,5
"Not_CT_Zone",0.005,5
"Not_CT_Zone",0.015,5
"Not_CT_Zone",0.005,5
"Not_CT_Zone",0.015,5
"Not_CT_Zone",0.005,5
"Not_CT_Zone",0,5
"Not_CT_Zone",0.005,5
"Not_CT_Zone",0,5
"Not_CT_Zone",0,5
"Not_CT_Zone",0.005,5
"Not_CT_Zone",0,5
"Not_CT_Zone",0.005,5
"Not_CT_Zone",0,5
"Not_CT_Zone",0.005,5
"Not_CT_Zone",0,5
"Not_CT_Zone",0.005,5
"Not_CT_Zone",0,5
"Not_CT_Zone",0.005,5
"Not_CT_Zone",0.025,5
"Not_CT_Zone",0.01,5
"Not_CT_Zone",0,5
"Not_CT_Zone",0,5
"Not_CT_Zone",0,5
"Not_CT_Zone",0.005,5
"Not_CT_Zone",0.01,5
"Not_CT_Zone",0.01,5
"Not_CT_Zone",0,5
"Not_CT_Zone",0,5
"Not_CT_Zone",0,5
"Not_CT_Zone",0,5
"Not_CT_Zone",0.02,5
"Not_CT_Zone",0,5
"Not_CT_Zone",0.015,5
"Not_CT_Zone",0,5
"Not_CT_Zone",0.025,5
"Not_CT_Zone",0.005,5
"Not_CT_Zone",0,5
"Not_CT_Zone",0,5
"Not_CT_Zone",0,5
"Not_CT_Zone",0,5
"Not_CT_Zone",0,5
"Not_CT_Zone",0,5
"Not_CT_Zone",0,5
"Not_CT_Zone",0.005,5
"Not_CT_Zone",0,5
"Not_CT_Zone",0.015,5
"Not_CT_Zone",0.035,5
"Not_CT_Zone",0.015,5
"Not_CT_Zone",0,5
"Not_CT_Zone",0.035,5
"Not_CT_Zone",0.005,5
"Not_CT_Zone",0,5
"Not_CT_Zone",0,5
"Not_CT_Zone",0,5
"Not_CT_Zone",0.03,5
"Not_CT_Zone",0,5
"Not_CT_Zone",0,5
"Not_CT_Zone",0,5
"Not_CT_Zone",0.03,5
"Not_CT_Zone",0,5
"Not_CT_Zone",0.06,5
"Not_CT_Zone",0,5
"Not_CT_Zone",0.015,5
"Not_CT_Zone",0,5
"Not_CT_Zone",0,5
"Not_CT_Zone",0.005,5
"Not_CT_Zone",0.005,5
"Not_CT_Zone",0,5
"Not_CT_Zone",0.02,5
"Not_CT_Zone",0.04,5
"Not_CT_Zone",0.035,5
"Not_CT_Zone",0,5
"Not_CT_Zone",0.025,5
"Not_CT_Zone",0,5
"Not_CT_Zone",0,5
"Not_CT_Zone",0,5
"Not_CT_Zone",0.1,5
"Not_CT_Zone",0.055,5
"Not_CT_Zone",0.28,5
"Not_CT_Zone",0.015,5
"Not_CT_Zone",0.06,5
"Not_CT_Zone",0,5
"Not_CT_Zone",0.005,5
"Not_CT_Zone",0.005,5
"Not_CT_Zone",0.015,5
"Not_CT_Zone",0,5
"Not_CT_Zone",0.105,5
"Not_CT_Zone",0.01,5
"Not_CT_Zone",0.005,5
"Not_CT_Zone",0,5
"Not_CT_Zone",0,5
"Not_CT_Zone",0.005,5
"Not_CT_Zone",0,5
"Not_CT_Zone",0.005,5
"Not_CT_Zone",0,5
"Not_CT_Zone",0,5
"Not_CT_Zone",0.005,5
"Not_CT_Zone",0,5
"Not_CT_Zone",0.005,5
"Not_CT_Zone",0.13,5
"Not_CT_Zone",0.005,5
"Not_CT_Zone",0.015,5
"Not_CT_Zone",0.005,5
"Not_CT_Zone",0.015,5
"Not_CT_Zone",0,5
"Not_CT_Zone",0.11,5
"Not_CT_Zone",0.04,5
"Not_CT_Zone",0,5
"Not_CT_Zone",0,5
"Not_CT_Zone",0,5
"Not_CT_Zone",0.11,5
"Not_CT_Zone",0.005,5
"Not_CT_Zone",0,5
"Not_CT_Zone",0.055,5
"Not_CT_Zone",0.015,5
"Not_CT_Zone",0.01,5
"Not_CT_Zone",0,5
"Not_CT_Zone",0,5
"Not_CT_Zone",0.01,5
"Not_CT_Zone",0,5
"Not_CT_Zone",0,5
"Not_CT_Zone",0.01,5
"Not_CT_Zone",0.01,5
"Not_CT_Zone",0.01,5
"Not_CT_Zone",0,5
"Not_CT_Zone",0,5
"Not_CT_Zone",0,5
"Not_CT_Zone",0,5
"Not_CT_Zone",0,5
"Not_CT_Zone",0,5
"Not_CT_Zone",0.005,5
"Not_CT_Zone",0,5
"Not_CT_Zone",0.225,5
"Not_CT_Zone",0,5
"Not_CT_Zone",0.01,5
"Not_CT_Zone",0,5
"Not_CT_Zone",0.005,5
"Not_CT_Zone",0,5
"Not_CT_Zone",0,5
"Not_CT_Zone",0.065,5
"Not_CT_Zone",0.005,5
"Not_CT_Zone",0.005,5
"Not_CT_Zone",0,5
"Not_CT_Zone",0,5
"Not_CT_Zone",0,5
"Not_CT_Zone",0.01,5
"Not_CT_Zone",0.01,5
"Not_CT_Zone",0.005,5
"Not_CT_Zone",0.14,5
"Not_CT_Zone",0.13,5
"Not_CT_Zone",0.095,5
"Not_CT_Zone",0.11,5
"Not_CT_Zone",0.035,5
"Not_CT_Zone",0,5
"Not_CT_Zone",0,5
"Not_CT_Zone",0,5
"Not_CT_Zone",0.01,5
"Not_CT_Zone",0.01,5
"Not_CT_Zone",0,5
"Not_CT_Zone",0,5
"Not_CT_Zone",0,5
"Not_CT_Zone",0.01,5
"Not_CT_Zone",0.015,5
"Not_CT_Zone",0.135,5
"Not_CT_Zone",0.005,5
"Not_CT_Zone",0.02,5
"Not_CT_Zone",0,5
"Not_CT_Zone",0.01,5
"Not_CT_Zone",0.01,5
"Not_CT_Zone",0,5
"Not_CT_Zone",0,5
"Not_CT_Zone",0,5
"Not_CT_Zone",0.005,5
"Not_CT_Zone",0,5
"Not_CT_Zone",0,5
"Not_CT_Zone",0.005,5
"Not_CT_Zone",0,5
"Not_CT_Zone",0.01,5
"Not_CT_Zone",0,5
"Not_CT_Zone",0.025,5
"Not_CT_Zone",0,5
"Not_CT_Zone",0.01,5
"Not_CT_Zone",0,5
"Not_CT_Zone",0.005,5
"Not_CT_Zone",0.015,5
"Not_CT_Zone",0,5
"Not_CT_Zone",0,5
"Not_CT_Zone",0,5
"Not_CT_Zone",0.025,5
"CT_Zone",0.185,5
"Not_CT_Zone",0.09,5
"Not_CT_Zone",0,5
"Not_CT_Zone",0.005,5
"Not_CT_Zone",0.31,5
"Not_CT_Zone",0.135,5
"Not_CT_Zone",0.39,5
"Not_CT_Zone",0.015,5
"Not_CT_Zone",0,5
"Not_CT_Zone",0,5
"Not_CT_Zone",0,5
"Not_CT_Zone",0,5
"Not_CT_Zone",0,5
"Not_CT_Zone",0,5
"Not_CT_Zone",0,5
"Not_CT_Zone",0,5
"Not_CT_Zone",0,5
"Not_CT_Zone",0.07,5
"Not_CT_Zone",0.065,5
"Not_CT_Zone",0.015,5
"Not_CT_Zone",0.025,5
"Not_CT_Zone",0.075,5
"Not_CT_Zone",0.005,5
"Not_CT_Zone",0.29,5
"Not_CT_Zone",0.01,5
"Not_CT_Zone",0.06,5
"Not_CT_Zone",0.08,5
"Not_CT_Zone",0,5
"Not_CT_Zone",0,5
"Not_CT_Zone",0,5
"Not_CT_Zone",0,5
"Not_CT_Zone",0.005,5
"Not_CT_Zone",0.01,5
"Not_CT_Zone",0.035,5
"Not_CT_Zone",0.205,5
"Not_CT_Zone",0.14,5
"Not_CT_Zone",0.005,5
"CT_Zone",0.185,5
"Not_CT_Zone",0,5
"Not_CT_Zone",0,5
"Not_CT_Zone",0,5
"Not_CT_Zone",0.035,5
"CT_Zone",0.165,5
"Not_CT_Zone",0,5
"Not_CT_Zone",0.005,5
"CT_Zone",0.275,5
"Not_CT_Zone",0,5
"Not_CT_Zone",0,5
"Not_CT_Zone",0.095,5
"Not_CT_Zone",0,5
"Not_CT_Zone",0.01,5
"Not_CT_Zone",0.035,5
"Not_CT_Zone",0,5
"Not_CT_Zone",0,5
"Not_CT_Zone",0,5
"Not_CT_Zone",0,5
"Not_CT_Zone",0,5
"Not_CT_Zone",0,5
"Not_CT_Zone",0.035,5
"Not_CT_Zone",0,5
"Not_CT_Zone",0.005,5
"Not_CT_Zone",0.165,5
"CT_Zone",0.425,5
"CT_Zone",0.36,5
"Not_CT_Zone",0.015,5
"Not_CT_Zone",0.005,5
"Not_CT_Zone",0.01,5
"Not_CT_Zone",0.005,5
"Not_CT_Zone",0.02,5
"Not_CT_Zone",0,5
"Not_CT_Zone",0.165,5
"Not_CT_Zone",0.12,5
"Not_CT_Zone",0.16,5
"Not_CT_Zone",0.025,5
"Not_CT_Zone",0.06,5
"Not_CT_Zone",0.18,5
"Not_CT_Zone",0.015,5
"Not_CT_Zone",0.24,5
"Not_CT_Zone",0.005,5
"CT_Zone",0.235,5
"Not_CT_Zone",0.025,5
"Not_CT_Zone",0.005,5
"Not_CT_Zone",0.035,5
"Not_CT_Zone",0.265,5
"Not_CT_Zone",0,5
"Not_CT_Zone",0.02,5
"Not_CT_Zone",0.015,5
"Not_CT_Zone",0.005,5
"Not_CT_Zone",0,5
"Not_CT_Zone",0,5
"Not_CT_Zone",0.01,5
